,P149774,P149985,P153403,P153537,P154325,P155534,P157632,P158276,P158665,P158785,P160100,P160971,P161515,P161809,P161865,P165970,P164921,P164398,P165114,P169026,P170008,P170055,P172017,P172390,P172496,P174092,P176973,P177793,P186330,P182545,P179186,P179980,P181568,P170561,P184521,P184022
KEGG_ABC_TRANSPORTERS,0.366899088289405,0.382204470242654,0.315646395577056,0.33606398947773,0.366272139032224,0.370551202937545,0.274133285231339,0.36239124403941,0.373346915558365,0.35962137592803,0.360711732842676,0.333510587606711,0.38291925906642,0.385354160906087,0.353908453503515,0.354614942153569,0.374675141696825,0.372908810182161,0.357749197030185,0.352969795840129,0.340507263923908,0.357556548684073,0.355137788082289,0.378507523113834,0.33943406598517,0.306401424218121,0.367805481244342,0.354895673068737,0.363320048648121,0.357780007400835,0.329276392108804,0.335521121138679,0.370741176338296,0.362619145563686,0.332715126043753,0.354812259622088
KEGG_ACUTE_MYELOID_LEUKEMIA,0.578615450540843,0.586762692021347,0.584956167400662,0.565237223460973,0.57621677879069,0.580177388924901,0.576872635576186,0.576116348141862,0.573506732763674,0.566209419163522,0.577494237452584,0.561569127528863,0.565283373854443,0.583482748677592,0.592770701356731,0.570138887689994,0.576819317917839,0.577049042713387,0.57547990985745,0.562973051384782,0.583461065437217,0.588932449279382,0.562729142368285,0.579635290307228,0.568721368591516,0.554723601798048,0.581126731693618,0.56614041796512,0.595573287229275,0.591555388961431,0.569262662413731,0.567531259914365,0.587283138694069,0.566184756734827,0.566651119302663,0.586201180054707
KEGG_ADHERENS_JUNCTION,0.600056356142703,0.602022382249593,0.602273912910117,0.57389270165339,0.610113982540555,0.59626130536347,0.570903685545422,0.594771448414253,0.595383313884984,0.597426636014496,0.60166357883021,0.585250124620268,0.574687551521075,0.587630599093588,0.615759129343681,0.584256216592034,0.595409980087281,0.589278309465831,0.583873834973186,0.571126132158452,0.605531433889299,0.608092207993281,0.583431143249299,0.600097803141379,0.580834773147596,0.547999611779475,0.608543311227667,0.583066066534892,0.59770153022703,0.596685140316255,0.585199020397448,0.599664795887713,0.608897108559809,0.580479312375663,0.575519570524774,0.590198174430843
KEGG_ADIPOCYTOKINE_SIGNALING_PATHWAY,0.479002293390397,0.486879795199158,0.476140416897226,0.444228706396211,0.47091480194207,0.467999014453484,0.463194663435023,0.468398783813012,0.484339223998464,0.469179789213522,0.480441211923526,0.46773152338742,0.46940420569575,0.496980264155014,0.48163445794302,0.458494440491475,0.498463630942673,0.487719874727288,0.475768913327801,0.497492410246356,0.469835359763836,0.470718059425269,0.461716365924925,0.482194955141678,0.50345933899675,0.467749426063136,0.478848574674126,0.475842329961928,0.47453318545704,0.476292831122226,0.473228060096467,0.491915645062287,0.507212911032347,0.497070265310976,0.470640088752004,0.484097933146121
KEGG_ALANINE_ASPARTATE_AND_GLUTAMATE_METABOLISM,0.494471216036973,0.510575236645576,0.495343133511962,0.507679307863218,0.474197887965359,0.500853141912332,0.517142861029552,0.504965833165342,0.488927708888835,0.489789507244169,0.51119853683589,0.482773675646192,0.492048767046965,0.541825427887622,0.480127446238007,0.468094319433527,0.48552735099888,0.494858378646258,0.508480405685227,0.53967744442455,0.477444188871205,0.496194096116,0.505184148882858,0.486153181838373,0.548283918589743,0.462761606965598,0.498898386356004,0.493653874696323,0.483915540021377,0.481384996930384,0.496135527421753,0.499603587022234,0.505944173816571,0.511602338335448,0.490138241308224,0.507602874911407
KEGG_ALDOSTERONE_REGULATED_SODIUM_REABSORPTION,0.418975878242769,0.434835006200896,0.432797582883764,0.413151031882841,0.44215021772907,0.401029976798601,0.4041175804241,0.440818699389056,0.39803788960833,0.43697708947127,0.442311081024678,0.43539601297904,0.384761375214628,0.454198119315548,0.452448723503442,0.382349141351733,0.457559976953424,0.43120058061998,0.405766976559351,0.451266295093665,0.429602670770698,0.462371815532113,0.39837816994226,0.465894320711566,0.405369175828097,0.365869907510436,0.410415209381163,0.422284507484537,0.417877918163984,0.439694269893022,0.40021058825288,0.417250951678264,0.447355367381878,0.426880244213769,0.431029698088739,0.413061415397444
KEGG_ALLOGRAFT_REJECTION,0.267813511679665,0.410043262644404,0.3329539235583,0.257677177797494,0.277504447924265,0.363419580702548,0.249639900004689,0.303653333076575,0.436331471234945,0.30339310697086,0.374760588150755,0.337281007626215,0.351419615684519,0.4000351279732,0.398004195206134,0.22084483642429,0.413926575872363,0.349348857459545,0.350820425873471,0.342181237465402,0.29157609272728,0.362002103367511,0.248317508417,0.349604650064088,0.316439773949485,0.128064180550818,0.291753830008072,0.319970835580009,0.468693014852657,0.322913747974654,0.221324834519489,0.243817840218234,0.345528411396408,0.33816079010603,0.197327862283286,0.318009977686265
KEGG_ALPHA_LINOLENIC_ACID_METABOLISM,0.266967273296832,0.272696382188393,0.229413606230881,0.194664374807871,0.255012785765818,0.282256880475436,0.250242121090697,0.21487640369309,0.240698858944414,0.21661544153545,0.249303883161785,0.234803310430638,0.246582265295747,0.264124463826082,0.214909349923918,0.215517136896884,0.245899365390332,0.256412647294406,0.221113930940109,0.301269074690318,0.222317396305004,0.185143304981465,0.294930646864996,0.257324852774333,0.24924517118776,0.198938885783057,0.291819312545788,0.202770699239741,0.280064124862697,0.263971664698379,0.169540025120024,0.23400974686238,0.297992339843359,0.209015740264537,0.229208419888384,0.194608166658395
KEGG_ALZHEIMERS_DISEASE,0.5143844527054,0.522663310809269,0.532614266245942,0.523797764365398,0.519009323356141,0.532301298512855,0.518261981660926,0.526835649176027,0.512104155701319,0.511912004859306,0.533722162763711,0.513661245774675,0.52556506904328,0.537098902768944,0.530718902955963,0.507304011557261,0.529514769045084,0.533178668160597,0.516998942691209,0.534920275473518,0.514169658070608,0.530935286184336,0.520232897493517,0.526314448501083,0.537755037497784,0.509678862862616,0.5186031698302,0.524641773398465,0.52163475025555,0.516780385320545,0.526474765774678,0.521302578365106,0.531937961479281,0.536512580422143,0.526685771078104,0.519460062183309
KEGG_AMINOACYL_TRNA_BIOSYNTHESIS,0.519158466991542,0.519948013726145,0.524320177460397,0.505569618860752,0.532096045666173,0.532446771288587,0.525007062170585,0.518992497362123,0.502831725254712,0.537515196850139,0.513434572533006,0.545360314233454,0.527684439238837,0.527898046227922,0.503535638126298,0.549056266333255,0.513349781205171,0.513427841959123,0.516419292839456,0.533048690616857,0.535653410899093,0.521810007109216,0.524723606965738,0.509627794031338,0.519057231299647,0.569115867888345,0.536758669339531,0.486876963284889,0.538332568476735,0.538962098181697,0.552439169982364,0.538093623864278,0.523437286757504,0.517225278369093,0.562985113222103,0.526670355400058
KEGG_AMINO_SUGAR_AND_NUCLEOTIDE_SUGAR_METABOLISM,0.506729484098388,0.551346488034215,0.544564844645726,0.494934508104424,0.519824127855994,0.533465434138228,0.525730690514503,0.536596594805801,0.54272179693248,0.516588144372075,0.546946898030857,0.52770226050262,0.519976113225221,0.560881160075124,0.540121720098652,0.506117093446444,0.543220896045556,0.54037118463581,0.526077588020597,0.535642537348593,0.513852069370447,0.539202874262701,0.532775768896982,0.51011383816587,0.538492859933797,0.496869372090937,0.514281487254325,0.505670360233831,0.556792107611081,0.5546330097519,0.526283166832538,0.505519097894644,0.530797211454609,0.546018693481729,0.510193682218706,0.526135340623854
KEGG_AMYOTROPHIC_LATERAL_SCLEROSIS_ALS,0.524425277698715,0.5295053641141,0.538905272847908,0.508284535030005,0.508789435482263,0.518069654680608,0.542624293465595,0.526241180350529,0.521606022652014,0.54122187969245,0.540401873216639,0.4888911482706,0.52175164433533,0.544522025701575,0.535636082011753,0.511035431007331,0.528267665096373,0.528660127732031,0.525499540896871,0.543258202796879,0.507600619514327,0.553977679498285,0.518777277737466,0.530034390238469,0.546176509454673,0.517953524249994,0.507980293094767,0.534550678586135,0.525464055950332,0.517551969233951,0.555414313356127,0.5095721562923,0.520566975158898,0.537370323444035,0.553131161325487,0.516843588797819
KEGG_ANTIGEN_PROCESSING_AND_PRESENTATION,0.297952115367575,0.332399930918238,0.307864273729981,0.282199083623936,0.276901339949191,0.328639138161479,0.258995408864747,0.303491643538832,0.376654930890545,0.331548846873151,0.341325420253721,0.333513466924284,0.33915985317794,0.33962779607692,0.360395677560122,0.258372326749707,0.378321324251364,0.345073159210368,0.351773282373375,0.328805795513678,0.311126735392748,0.329964754336181,0.288209099546317,0.328723435781353,0.297876011728559,0.251890834540196,0.310540160143019,0.313127390969897,0.37534758057488,0.32012110973221,0.309904921609338,0.284259914169688,0.347002284123131,0.306648462966481,0.26465151067591,0.321971371424298
KEGG_APOPTOSIS,0.505857954688687,0.541046439686358,0.528289772926145,0.484190208481158,0.509199353072113,0.523418100263318,0.483073665567592,0.493343141309289,0.531806268056315,0.491618943157217,0.529312469763167,0.488009752652073,0.500982113431047,0.530516911480433,0.533394142798955,0.465964984946116,0.529315185166631,0.520647633866662,0.504573903973991,0.507667830219192,0.513901670548805,0.528959408107243,0.483484119662674,0.511974555536015,0.511086537027636,0.455307964289328,0.510146399786714,0.496596595147026,0.561449944673533,0.529328308844063,0.50377076588114,0.501924572816791,0.52915455762242,0.523832619843285,0.494062022102531,0.51525382990083
KEGG_ARACHIDONIC_ACID_METABOLISM,0.29855363154846,0.317415313899709,0.254471421715664,0.239519725588388,0.271994779897682,0.269345737776715,0.257272245612097,0.289995815593234,0.302652519387485,0.258347939281058,0.305969676654654,0.306662912121892,0.269029362493834,0.325596613345636,0.295551740285621,0.300802103882299,0.290547388699376,0.288512438329236,0.272938306860606,0.292379582726381,0.287015122381963,0.248688405995721,0.274575823483978,0.283309593875623,0.314579207296062,0.230499170892496,0.288257453956312,0.268944770500982,0.291251161922764,0.270931089148402,0.244991121301261,0.285136826280678,0.312501955409107,0.284108120668129,0.28036651254591,0.26406812119811
KEGG_ARGININE_AND_PROLINE_METABOLISM,0.490520572452249,0.493800039401867,0.510104226532541,0.478597726424212,0.488455105617411,0.503130460098808,0.482948495281686,0.514839147432895,0.490139567074984,0.477381967577077,0.509196521790215,0.498596828617386,0.476799174756914,0.531553841693575,0.502765563001224,0.504682300814291,0.505858147962019,0.503086439880211,0.495368313076694,0.542981018251214,0.490939000637799,0.516254256992677,0.503914144722434,0.50731607761889,0.526777888453492,0.501147901830473,0.491825061301411,0.500286875352013,0.470013887765638,0.476348850686588,0.503469565228556,0.502950664561213,0.509845754543331,0.526293862063622,0.515557304509986,0.510396023430292
KEGG_ARRHYTHMOGENIC_RIGHT_VENTRICULAR_CARDIOMYOPATHY_ARVC,0.491040668643443,0.486467827841515,0.493028697288672,0.445527167336424,0.487882229482386,0.50316243083348,0.44350864515595,0.481157617846759,0.438557285122233,0.486026827694905,0.475407031044482,0.412509353634612,0.440494852970235,0.454511018543031,0.509235023664187,0.483334626828344,0.493365772885171,0.481632740279602,0.450972814600721,0.452994155173024,0.486159172958053,0.47891662318116,0.467353878718892,0.498084651111093,0.47348860618958,0.43062323815402,0.478039795995508,0.487684285913612,0.436387512485618,0.469634623824637,0.457795711522791,0.461095768541385,0.490832353979224,0.465519516100462,0.453182520835816,0.480681223954158
KEGG_ASCORBATE_AND_ALDARATE_METABOLISM,0.124510662007876,0.0968948155647247,0.184143322322245,0.145535006140394,0.156554594407628,0.129419719375959,0.193132704146222,0.111414950666784,0.10745571880171,0.138669464843286,0.0783790106827021,0.137251228548045,0.116778093650683,0.123423464147096,0.174917996078485,0.141065185809951,0.123992511270098,0.126550022968657,0.0909084828875265,0.170200352134881,0.123469179962762,0.138945852077031,0.101915700167128,0.105350659073371,0.147304177065485,0.125337469928248,0.103243345714783,0.138843359151659,0.110115667431052,0.119833398337416,0.101989599341197,0.101957170774656,0.0978627063021204,0.115187983501932,0.0846637249177061,0.0942746762433001
KEGG_ASTHMA,0.20620553128081,0.30019402285995,0.221247027915608,0.167436546466127,0.139630772864133,0.26922334673115,0.155743862719287,0.22683498689639,0.320220187337114,0.168001930982117,0.279068316695439,0.237505898236022,0.257237733867236,0.294930767592304,0.283184362806059,0.129398028540341,0.299788727194811,0.26331205385087,0.23560418438654,0.252270419857989,0.192104595172696,0.271836595676885,0.154181263230898,0.268246653325103,0.23464848569596,0.00790008626574942,0.211571858524576,0.24658018463322,0.327354876152774,0.193889870543582,0.141563467783301,0.148595068527203,0.266366511165881,0.27318121439113,0.0955654996046919,0.193152354245209
KEGG_AUTOIMMUNE_THYROID_DISEASE,0.126505288539744,0.242805700464146,0.214650419821371,0.143900560629594,0.131856255979133,0.195827794083695,0.121746003305561,0.169469924867189,0.269266166214249,0.170867275591253,0.198644061001345,0.191810251415348,0.199623778554365,0.239389725327559,0.24045033308356,0.109623501319034,0.250109525059126,0.194034453066126,0.211316145985135,0.193411212384869,0.18206247601882,0.217399251207239,0.130196370462982,0.197560546691951,0.177196090922309,0.034368206886087,0.155906676301087,0.185236101407274,0.275739494119539,0.164022103632921,0.0938741505964337,0.111493066322131,0.197404417089059,0.196446958818896,0.0962511793115227,0.177574585815552
KEGG_AXON_GUIDANCE,0.548830789815138,0.532455794117028,0.521360879616753,0.503801004409651,0.532287708303851,0.538878977096707,0.501102523783388,0.541870621786352,0.503375084259655,0.53910592501879,0.5448637755016,0.493292718055649,0.524018357047188,0.533751522040007,0.53499000743773,0.535555296660824,0.544060402870381,0.531168433767915,0.527381006540329,0.517462687100238,0.541827342284921,0.540528269519094,0.523560511677697,0.550582901268369,0.538711598035729,0.506016281014137,0.546902971714573,0.530383684535759,0.533070873199464,0.541750953480978,0.558895871610373,0.535881460964635,0.542552474869115,0.534142370975587,0.532522765629111,0.535646731867144
KEGG_BASAL_CELL_CARCINOMA,0.446316210348243,0.400818228375296,0.398450916332986,0.382590963811286,0.437433961596514,0.393272826126994,0.350251918912442,0.405285168896258,0.365369293550341,0.395143114026935,0.408017207060809,0.393130470183394,0.405441047928385,0.413286488345799,0.391156321056514,0.448685985847406,0.412285582258234,0.427712331189742,0.411594151316503,0.367715861095257,0.412771493756598,0.428804483979428,0.441165981990063,0.423107922389543,0.401385893836845,0.401751671002261,0.443298019905429,0.401018532131912,0.411064342415848,0.39620484748911,0.401096246835429,0.453805519991975,0.396355414086278,0.398332680957268,0.417908528194788,0.39322090928296
KEGG_BASAL_TRANSCRIPTION_FACTORS,0.489339614803132,0.486944276118706,0.487659935115571,0.488485400791157,0.491063584047103,0.486174300093146,0.482206258246719,0.477529803460538,0.481244483779495,0.506857445727392,0.477188107121858,0.481623516412184,0.478248859118822,0.470792569765273,0.486503506004217,0.484026245333545,0.48120200075349,0.474202145260981,0.457202286324747,0.471733788318451,0.513696910830639,0.473800170900898,0.478761810906786,0.484198513627462,0.463119663768347,0.502064716625461,0.483393246188061,0.471032710840809,0.470499027239363,0.508694764798168,0.485150782996937,0.481216636803851,0.467477460456844,0.483680130287786,0.477243090467053,0.483172090153165
KEGG_BASE_EXCISION_REPAIR,0.597112046187254,0.572991279227276,0.584300322336216,0.603732652216162,0.593307620839122,0.563064492554707,0.581982432225111,0.594651128335481,0.569153596739917,0.600266500269153,0.587735257628888,0.612272593360258,0.588161278748044,0.572576686845867,0.581166850182685,0.608052026269412,0.577621919151938,0.601345509371696,0.607005293427277,0.591510937378448,0.599403934181015,0.593818853369765,0.61160896555379,0.580308177098318,0.590936262704351,0.624824691411162,0.591530392351565,0.578725970953376,0.608446806732114,0.59208665031176,0.587932298419008,0.579359102753024,0.583482812040325,0.581332860190956,0.613189951665034,0.576161358397353
KEGG_BETA_ALANINE_METABOLISM,0.496472601636805,0.499018681490366,0.49342878657033,0.500698186718164,0.487242328456888,0.506412272515639,0.536283741232444,0.469676612939267,0.503831292748521,0.50140510708403,0.5139448686914,0.479895050188594,0.474863855545413,0.524584171074645,0.494014809769584,0.427447490415762,0.495716623167026,0.469152506801344,0.492893666613844,0.513434126846894,0.508736508260637,0.512963850080115,0.471613447854509,0.497678062653648,0.522597522366567,0.452077378482815,0.471137557688148,0.472161685706417,0.449227071545902,0.494388442630764,0.504268837407279,0.487435947967918,0.489752398786491,0.50795824298973,0.484600907568616,0.485063509060788
KEGG_BIOSYNTHESIS_OF_UNSATURATED_FATTY_ACIDS,0.570213310621753,0.593038686872723,0.575574119113391,0.556722532901984,0.553801696999047,0.565220204319375,0.584687508372894,0.568777945384229,0.531288045517973,0.566959692797646,0.565797591259588,0.556792860808831,0.58513387889797,0.577568481615225,0.582226373099911,0.565118029021283,0.574462397409695,0.582102822761397,0.558159457820082,0.579385476754505,0.558669472850603,0.592158552170581,0.563248588919726,0.554850914265725,0.588755193053223,0.555974829417144,0.546643100472918,0.561659887865776,0.545943778142212,0.582159195323018,0.576651683077698,0.560143042548347,0.586484363252967,0.596229269371179,0.568703098993276,0.595949101552753
KEGG_BLADDER_CANCER,0.576019206036498,0.562552763990733,0.585569808097542,0.541300551404251,0.584077850672629,0.579423553818532,0.521208154080187,0.585407307645097,0.552234397415049,0.58698496284565,0.580474543712993,0.58302688099763,0.563050613547659,0.545892457720166,0.597395020878324,0.565023374119902,0.574669143795891,0.564183955865145,0.572150329355116,0.527386362729352,0.600878475148116,0.596913075443074,0.596768951424229,0.591063787753624,0.544696802935416,0.547057140566616,0.567474340187495,0.534931259146933,0.588524420950689,0.569078480134381,0.552999946602009,0.554835544780505,0.606565918275814,0.548504019257072,0.550688685570054,0.580437449708461
KEGG_BUTANOATE_METABOLISM,0.429739756552604,0.448163285568039,0.451709247814975,0.468726781242095,0.407860388452287,0.441811432744252,0.474134545450028,0.440523219595625,0.407737510860057,0.446753744038225,0.419170136505871,0.418707858285911,0.442322892048811,0.47586818912897,0.438982867558915,0.412960429872524,0.423660624574574,0.425311513641233,0.444366543364372,0.472629578868553,0.430358688591481,0.442681141976207,0.466860474846518,0.414664560652213,0.454547784921587,0.429827126046943,0.438659475876155,0.428892528261378,0.429394295254895,0.45855417353334,0.441458568826049,0.457533377281292,0.458408171561713,0.460848429384022,0.445236861225422,0.441429463870289
KEGG_B_CELL_RECEPTOR_SIGNALING_PATHWAY,0.514600209686497,0.551483065905181,0.527267398972084,0.494468078343334,0.515654839923643,0.515385942621628,0.518107303474025,0.49885670859919,0.566953678182676,0.511922227687343,0.54068457555546,0.512902619462256,0.502551537395231,0.549095169823649,0.548760261373755,0.468632897865779,0.554082497492161,0.526770427904017,0.510597215964922,0.522960355386089,0.520954119122974,0.554979674305154,0.48631395181975,0.524358306890447,0.504419075452963,0.451463898298132,0.506977263105872,0.498112742629139,0.575059181612031,0.530559770333145,0.490386107306928,0.504906643054363,0.536565753232027,0.527754071110528,0.505027167613178,0.507962563400655
KEGG_CALCIUM_SIGNALING_PATHWAY,0.396757233526445,0.388209869070689,0.378086123122182,0.350526216504714,0.38810026791612,0.377469208561963,0.352740539547128,0.393622654231826,0.351852863324368,0.389036383585505,0.3825687265236,0.328103832097306,0.367741623606907,0.395686873278955,0.397228283138253,0.369051621052239,0.384654460797769,0.382214485560141,0.372303464157886,0.403281176028645,0.375940700006502,0.39802289560606,0.369406341471264,0.403793331606359,0.39305893698689,0.344761947804583,0.370593083597904,0.390607586057591,0.366566774189085,0.367256928442892,0.385390543481798,0.383863259382275,0.390074625798721,0.386392829224686,0.378476252553215,0.391109784181315
KEGG_CARDIAC_MUSCLE_CONTRACTION,0.415695381137931,0.380115154659836,0.426697335272989,0.437048888333591,0.413804153021009,0.404738841013732,0.415118155378056,0.437572926338155,0.357785780625911,0.425160559463974,0.418717092218617,0.383086082867891,0.401799932333063,0.386197126650026,0.438846730885674,0.427725675739004,0.40312946186132,0.419510966680075,0.444816434472124,0.436966500606327,0.414686135009664,0.417441839644855,0.419510360850488,0.438706770859671,0.4382564220245,0.426296581556333,0.413493716850804,0.427689950790003,0.343418634906608,0.407874755102434,0.437377063382084,0.423394175225156,0.419753742294926,0.42846250993207,0.433060635084186,0.421721706140535
KEGG_CELL_ADHESION_MOLECULES_CAMS,0.417011932154762,0.45858693303759,0.404714822325214,0.37832584773867,0.413932923273585,0.438908991200113,0.355846862280305,0.40710090267784,0.447075424165017,0.41331266901691,0.447624858841941,0.406180858644045,0.424126835150951,0.469619980446096,0.453580970436389,0.388039698974855,0.468312282690076,0.430943248701476,0.419710547260584,0.395654411050326,0.425828985499552,0.459890050022567,0.377523622712371,0.443212988551081,0.426212832262325,0.32052890104696,0.409773542404886,0.410089874235402,0.477832247818173,0.433065860338859,0.382840546273166,0.389774060434307,0.433418173665975,0.429564062835794,0.379368125573978,0.420703382817165
KEGG_CELL_CYCLE,0.568729920633282,0.538194013946052,0.575607753159399,0.575601299739087,0.584178934969896,0.55196153400622,0.530276697003885,0.554670699729724,0.537172480190217,0.616370735558045,0.566120464154667,0.59160800871376,0.552423519272908,0.520002165409919,0.563848348076101,0.575556621850481,0.551680094662172,0.564504292113263,0.571279736958581,0.527907958164718,0.613562669090142,0.593080314647062,0.587061650851203,0.556489205057291,0.525467656206043,0.616150913483824,0.560348045314413,0.534142113675238,0.565421631609379,0.591611971952176,0.604090147048747,0.564520663765542,0.539288032238392,0.544112730374023,0.566506226644279,0.564917462006109
KEGG_CHEMOKINE_SIGNALING_PATHWAY,0.428189444348296,0.467008284328601,0.447465120202382,0.427731731957372,0.427256148353725,0.456465046450722,0.404155603515883,0.423507371749509,0.48489520529746,0.421832097900431,0.470417383111098,0.432215043721715,0.444817359434639,0.463971207482104,0.492203980114133,0.38347505291739,0.466051548559909,0.445579464998678,0.434834173829637,0.424645182294359,0.433176572150888,0.468757890311605,0.4177018386319,0.442332324260115,0.441725765998562,0.366624503187924,0.42630763496052,0.441404347806296,0.489264701202709,0.444733264029369,0.419171777906563,0.432562409934389,0.463169585549152,0.444123851874856,0.397381871494064,0.42647978405879
KEGG_CHRONIC_MYELOID_LEUKEMIA,0.606581783357505,0.610235999072069,0.606762413572955,0.588578914559498,0.613864318623277,0.601392881025101,0.599805055784664,0.584258153446993,0.598761205501263,0.610157587508563,0.614674073141828,0.59632808631913,0.598190969648715,0.594765950262592,0.61405706912611,0.579458818517118,0.610193211111737,0.60319874839422,0.585584128380848,0.595546188368342,0.621093589801295,0.613575927208338,0.585305257953947,0.600200711397976,0.579986470826516,0.587345535521308,0.604674146649465,0.585842184823126,0.625145285434208,0.625570296410717,0.602664452545504,0.593255994154997,0.617032457032839,0.592202172616869,0.597307310230308,0.609727019979689
KEGG_CIRCADIAN_RHYTHM_MAMMAL,0.625528593884135,0.637722586508178,0.617751299579702,0.57919792768154,0.599676667067112,0.621053186656088,0.633198190900578,0.654863468915612,0.607332272079678,0.605298655997138,0.632244509900689,0.603782410151136,0.614019549795026,0.64206229521922,0.616153580827246,0.616071864932202,0.637901440449878,0.630238075324168,0.627773638155787,0.63371897689742,0.610057793707972,0.58643164817911,0.607444549879107,0.627203045004426,0.632638299077505,0.551089034821949,0.638789659614653,0.64141158562801,0.6194895176608,0.624655532145219,0.59330201181991,0.609322485524033,0.655852194074039,0.638066664114619,0.571993051813473,0.651556660563139
KEGG_CITRATE_CYCLE_TCA_CYCLE,0.602009135415755,0.605857187314867,0.597419749222036,0.568368489561159,0.575983955207316,0.592967635849387,0.638934629783011,0.604113634842936,0.590408580505482,0.599143049364753,0.599961085675338,0.587785959961941,0.597654877061555,0.612113879360963,0.605826473564644,0.596779408112731,0.612206947632401,0.600096698050957,0.573282120492522,0.621403066798685,0.59652033903872,0.583585298279681,0.587645167654388,0.586212155858558,0.616789152874261,0.593403881558852,0.583133620203706,0.590287270840837,0.593034763695057,0.609947364387443,0.614696845331639,0.60714592172888,0.61153803344018,0.60595920146714,0.596930435082638,0.598629859678495
KEGG_COLORECTAL_CANCER,0.615983140287641,0.612605360372329,0.611013357693872,0.600798622052771,0.622378788717294,0.604877963068983,0.605162598278769,0.605749011429575,0.599678957061157,0.610932171261346,0.608672348786244,0.605246083173586,0.60095390121891,0.592530159539211,0.621253126354749,0.601809725725389,0.61146152755155,0.606689287343119,0.599809570326547,0.597791592620448,0.619292563662444,0.623418442009769,0.589027448166653,0.612141216216861,0.597727988525657,0.587613652890844,0.60946806032265,0.600472616570457,0.611327179753765,0.620648979190008,0.618996334258122,0.61356498757781,0.617431858099502,0.612611132001329,0.60568023268595,0.619081220962566
KEGG_COMPLEMENT_AND_COAGULATION_CASCADES,0.356508553667167,0.440971114111276,0.38693932712465,0.328626123520131,0.368072086893517,0.408216538758044,0.337487440536205,0.396947404643519,0.407851276427012,0.372098050284604,0.409906479027537,0.355731628227256,0.388248326826767,0.432911493090346,0.413480575855037,0.333796341382895,0.415761134983213,0.388095837998127,0.337090155126603,0.336497865119751,0.380328216140691,0.397623944372309,0.321144358203809,0.405135136249518,0.358650942490943,0.259449889453822,0.375272760080735,0.332559677046496,0.402320507835289,0.361843610028672,0.303540504000379,0.301722263473035,0.389008448725139,0.34205444283981,0.277439854087969,0.359497133883672
KEGG_CYSTEINE_AND_METHIONINE_METABOLISM,0.48933107605852,0.471510154050131,0.475870694999224,0.497480655485184,0.460863147925299,0.462648675202433,0.470487957624716,0.473690798494792,0.470087956096602,0.485960599245381,0.521001101930551,0.500421093383159,0.47521772027794,0.476606085938258,0.468174641011252,0.474876900628942,0.491686185196566,0.459757523180407,0.466400510612586,0.466655092231835,0.465773183058183,0.497136272038482,0.457465932766624,0.504877243150919,0.445343015964622,0.505883487825055,0.484881554788641,0.472373809123823,0.472917175789559,0.519833146617214,0.483837483883727,0.480361257900567,0.496714171979569,0.488089285806499,0.468193547719598,0.484543817204435
KEGG_CYTOKINE_CYTOKINE_RECEPTOR_INTERACTION,0.215329787493356,0.293878028268303,0.269421216008922,0.206901272791957,0.229437789461625,0.292635636625009,0.157646686935319,0.233087969486291,0.324282950885818,0.217005546771024,0.287890809652911,0.229201962882932,0.246039553286695,0.295430692852287,0.323513144433844,0.188554960395398,0.307826488051702,0.259850887324749,0.243585782833842,0.222195514278312,0.247422654384405,0.275677997095801,0.220479143209998,0.272749086773352,0.246148326047891,0.139826559351139,0.251715330234489,0.250929085979008,0.332751135596905,0.250515791549843,0.199985756328626,0.212326834006023,0.282549786140841,0.246457437147932,0.184356981747096,0.237723922686618
KEGG_CYTOSOLIC_DNA_SENSING_PATHWAY,0.331300052235093,0.394312128005362,0.356585144780821,0.35559175463121,0.334313115523042,0.355038329127181,0.342084649273641,0.339443303217788,0.393920425393447,0.33366726094783,0.367283366297675,0.347754432199428,0.37474983759007,0.382949373630262,0.389327638904759,0.317892515183832,0.375885202199414,0.360743635019367,0.379644400458327,0.354521311766097,0.372197736524967,0.373458845538283,0.351500150211399,0.352825253080697,0.353896821301259,0.273158785271983,0.354072672175209,0.344255088974735,0.409608524389418,0.374218181614756,0.303957312351598,0.327176530332929,0.370600991399667,0.352711686421251,0.327808404775144,0.349782158784074
KEGG_DILATED_CARDIOMYOPATHY,0.451269749881132,0.444867677976265,0.454438212464084,0.419151099650762,0.449715199418641,0.449386799165762,0.417562874172719,0.453761293354463,0.408661976355153,0.45671787284587,0.441712141789874,0.383767464673169,0.417453817865096,0.429453406004053,0.467520599073487,0.443945748421306,0.439008434018734,0.447219736467504,0.437134091227307,0.434349244505315,0.455018810400075,0.445544346343114,0.442269789130393,0.469259900516727,0.443923001719453,0.416844793855994,0.442421048133669,0.452199598284881,0.409267602509972,0.451023806849939,0.434930327282824,0.441035278009869,0.455580533437066,0.447597574601887,0.431408130334008,0.453611987732499
KEGG_DNA_REPLICATION,0.565627685162495,0.527082351600325,0.551607261624156,0.580305382850148,0.592866391171337,0.531104577262292,0.538062588106971,0.562178892517144,0.52254341262531,0.598908862791751,0.556003421553086,0.605660050708735,0.534506052976733,0.522604683694506,0.555228153629389,0.577095132858393,0.54178090536495,0.567853802222383,0.562471569131124,0.53435033193008,0.601466357669537,0.587872016779389,0.588129719647361,0.540075797072031,0.533858050564199,0.638566714367487,0.545829900757595,0.514555084638773,0.585807669600035,0.588423578685663,0.601997081135267,0.564568472975351,0.531127758194174,0.54772513880404,0.581161985363138,0.537489129541571
KEGG_DORSO_VENTRAL_AXIS_FORMATION,0.517668172669865,0.498694573482629,0.478228640159607,0.454315869872036,0.494710045184541,0.47649811147242,0.440673667582234,0.474828935496354,0.458083166036751,0.494174911545683,0.491434250151295,0.452695320977156,0.44303051938283,0.482078968720046,0.498157803107196,0.505342464054951,0.482747063085779,0.480748448974229,0.455950323131583,0.475730153528944,0.498028942856523,0.508478365516999,0.495648436872614,0.511565606961692,0.453550183161508,0.477309525785956,0.479192527721516,0.447141367417291,0.476284195427902,0.497955506388389,0.489608806986904,0.502443794728783,0.478959331352359,0.469949938706956,0.452937209484714,0.495208955357538
KEGG_DRUG_METABOLISM_CYTOCHROME_P450,0.186097080966873,0.179742543837777,0.219526067407611,0.191228223917282,0.166924226282026,0.175223367799975,0.200544043922601,0.162818127572631,0.223391633317976,0.145389013804143,0.190243997862757,0.171131398514428,0.178643600079603,0.158625483372177,0.213915480105672,0.185442330033605,0.170309142529638,0.182577843676086,0.181690941993328,0.189785306587084,0.172325605344673,0.178148060007273,0.124115613222385,0.179909225454707,0.18694650729331,0.0933597450733495,0.137767077964598,0.202384201508206,0.159045087779723,0.136279324495515,0.125351407781755,0.151226476225987,0.152261369723726,0.167640972540813,0.140847390251386,0.17640220806988
KEGG_DRUG_METABOLISM_OTHER_ENZYMES,0.247195891863917,0.251492191380602,0.284330935940564,0.26440848226961,0.24394378568289,0.240245818419433,0.274562897991765,0.25104804941821,0.259112702644621,0.224513887553958,0.245711799816186,0.233043136845463,0.268336464192457,0.238391882896338,0.263039588839848,0.210818580142917,0.276154700457929,0.249287117237284,0.230951771755491,0.266444434261251,0.239834134730849,0.243911046402802,0.2147068216496,0.25889266386344,0.246870061473071,0.186229074791015,0.19663924383422,0.251132100826645,0.220013217502495,0.234880263173267,0.224522464907483,0.196730896570696,0.232993192480127,0.269660938370257,0.204763508948998,0.247717409481428
KEGG_ECM_RECEPTOR_INTERACTION,0.43935816235826,0.491244726512156,0.469954261645322,0.393842992381044,0.517816954986621,0.496301991614373,0.363434526195954,0.471925490937877,0.444704906791844,0.475432791782788,0.475431950776562,0.409199588730881,0.440167055525463,0.469645212051638,0.502618180156521,0.488620629946527,0.475426517486514,0.480122489035585,0.411372646362573,0.41827031268428,0.494125458936701,0.475108570350703,0.464078786674038,0.498319856459669,0.435507406994948,0.411193576284917,0.477413971553052,0.437235214475703,0.528691926929068,0.481549222238602,0.43167742610367,0.442863979730695,0.483921288134153,0.418636412301074,0.411669626366238,0.421142951284323
KEGG_ENDOCYTOSIS,0.562300664368367,0.566979436523167,0.554831525021752,0.541379667802141,0.558352796198343,0.562287169299823,0.548977487369375,0.549345299448428,0.559495950448922,0.55713258086431,0.563111606482689,0.543230169379575,0.556441817864589,0.564182110983142,0.572849988727576,0.544133190224189,0.567797288982147,0.549754005963227,0.548275578026944,0.549375078592233,0.557806559934949,0.565698979663544,0.534537952691138,0.563389051778492,0.56458404332135,0.528355332844501,0.555610229228587,0.549603746604343,0.558261423673252,0.564853926561568,0.563253161338881,0.560055821807907,0.571544061385957,0.560450925073407,0.551870675051131,0.561442976979012
KEGG_ENDOMETRIAL_CANCER,0.606144038378518,0.595973707159768,0.587547798946882,0.596543351286227,0.604331006118275,0.589735336258251,0.596136094572437,0.594543097037773,0.580546528374139,0.591578445101318,0.584073248434755,0.585220307265471,0.583417383072999,0.582472377720901,0.603759405933967,0.578569186010714,0.588360237248395,0.576786678269845,0.585898904953504,0.578701627001581,0.59748468447499,0.611930532476988,0.583220079446743,0.598348827942297,0.593925312956957,0.557977443233959,0.59963016606969,0.589943161713523,0.590786579508877,0.583514405349434,0.585470091261748,0.61038216256752,0.609091452285688,0.600788490215595,0.596529463052518,0.599099886658992
KEGG_EPITHELIAL_CELL_SIGNALING_IN_HELICOBACTER_PYLORI_INFECTION,0.546872809300988,0.581137312959677,0.558286819266228,0.526891085202855,0.54959667812819,0.565365525970087,0.539343062370284,0.558390179669047,0.552103811851814,0.541224873658833,0.563212885193086,0.552217143657238,0.549761762180719,0.571214624005309,0.575322093500148,0.533899937007137,0.568039346689032,0.557341671718753,0.553111634027901,0.540313336346176,0.566274037921479,0.569175217176117,0.548034642084653,0.566132816166504,0.552365804948585,0.535214830052964,0.558524508067832,0.551872880611895,0.585860066230693,0.563188002117134,0.560533276958462,0.546772791890197,0.571033921164525,0.562362648385784,0.549034047998859,0.558608648372758
KEGG_ERBB_SIGNALING_PATHWAY,0.568051803915534,0.562533738833653,0.555294073126087,0.548606442633458,0.549346642025805,0.568045261608664,0.561729489038859,0.55562348428368,0.533990063605615,0.558044209279397,0.559114978359325,0.53154117752613,0.548549334763851,0.550654658280568,0.561767590318912,0.537932507608232,0.567502387830678,0.54976648154159,0.54154006199096,0.554425055582215,0.557886602338076,0.555978007550745,0.550236377924109,0.5691557376499,0.554608636984589,0.527944708570987,0.552912725958967,0.559939812108936,0.555443763778147,0.57316777872974,0.569278694757393,0.55623017364562,0.581686830527531,0.559549887875035,0.553563098090102,0.568886658097159
KEGG_ETHER_LIPID_METABOLISM,0.376100609973141,0.3795678562566,0.355843541271151,0.321368241075051,0.361952395949165,0.38176850077151,0.361534883111071,0.335998049269168,0.383851635189846,0.338560718333958,0.371626587574656,0.357776342985496,0.37008055304885,0.384473295076786,0.346144917979873,0.315033125198411,0.362640364740747,0.352987152054137,0.340280588291406,0.386416829492047,0.343599218517183,0.346767077543616,0.380176057637592,0.367129715700483,0.375393816497271,0.30977424608823,0.385882322400715,0.328095214421698,0.381563476555111,0.380131030167894,0.305164752334987,0.352722041915172,0.38386569802614,0.356466580877036,0.348411560719676,0.344278370127408
KEGG_FATTY_ACID_METABOLISM,0.505608243609107,0.505023637904276,0.517233437298742,0.508978035711601,0.486258453776017,0.507834378578182,0.513334733388616,0.501295572048641,0.5040362107156,0.480150377379844,0.496086631229637,0.50477517934154,0.501874439245294,0.515964494150835,0.50947481117386,0.486166844138175,0.506783989731712,0.504595755508963,0.494925300605504,0.531219516105985,0.489946545661195,0.515302831669087,0.485406972089772,0.502488629799487,0.523675828281154,0.47319295856496,0.496393557488812,0.50239423689351,0.49591644733934,0.488028502224221,0.492993626398434,0.499591576336906,0.514155715872546,0.537009589476229,0.501122427753289,0.512932978340366
KEGG_FC_EPSILON_RI_SIGNALING_PATHWAY,0.452419849103246,0.468643398425303,0.452258296360772,0.407891351530795,0.447525055866162,0.450142081358733,0.446924499539107,0.434590261287631,0.459253309854286,0.436610590603781,0.453832447854203,0.444856913134498,0.447606168646352,0.460120823684125,0.459427993717958,0.411438491065068,0.457826444165096,0.452331924870111,0.430937756695898,0.455538998021953,0.443695292241746,0.455140735110146,0.42817570448958,0.462601535528046,0.440668123666343,0.396675932713253,0.445162723086038,0.439553321666708,0.47579292985392,0.457062317363364,0.420614423688664,0.434791453523502,0.476897267514033,0.443102095251482,0.438817626751386,0.434187199672233
KEGG_FC_GAMMA_R_MEDIATED_PHAGOCYTOSIS,0.563642569520623,0.592535812896723,0.571743816420761,0.53985040546218,0.563643121773902,0.562404498531832,0.546072803178099,0.557941295565941,0.575344714505157,0.557983500433114,0.580708143552979,0.56608181674367,0.553640980601391,0.582489156854064,0.585312383136652,0.527475638236039,0.589461322365688,0.573083945848147,0.55898869636732,0.565890688989349,0.568446473759781,0.581815082105537,0.535747832381007,0.573009368970244,0.568556403950823,0.485134831729515,0.559893745078423,0.557334966883852,0.588991385964273,0.58336801129762,0.538377931834332,0.550545353235436,0.586142484305021,0.563468948274772,0.551357140242734,0.558911998375259
KEGG_FOCAL_ADHESION,0.529733232522195,0.555741417454112,0.554012937098227,0.50674252128913,0.574761977867584,0.557256061869486,0.501155471210721,0.549709616444334,0.533652848317823,0.5438770010751,0.548127827466604,0.504311682140138,0.52706121746743,0.551434119273414,0.567923931622327,0.538281859179375,0.553798385761852,0.553051463276134,0.50894066077117,0.525210326144965,0.55526316911279,0.554972222496583,0.536817814703337,0.558833569776221,0.526654055981486,0.494404338523365,0.552916748738966,0.521828160286199,0.56967097486108,0.556588749681682,0.528034807801855,0.522887012271722,0.560989150418949,0.524779023458501,0.509623774277248,0.523163177820792
KEGG_FOLATE_BIOSYNTHESIS,0.47543887352846,0.462529441205006,0.502274246581059,0.508072974492089,0.46673314863477,0.482056414636815,0.49488085707465,0.488417667488157,0.494435406020929,0.486589995115985,0.495328264787214,0.500354353376867,0.47349381759344,0.496233649091183,0.510664527600886,0.465586434450054,0.47361214959047,0.474391778948175,0.49352604634985,0.50140334661906,0.496310205308191,0.503696380416961,0.497156273580282,0.475954996090616,0.493878041061116,0.4959038457472,0.471496355581215,0.483455215892466,0.485738765067232,0.471263565876798,0.48250969384486,0.467161941283153,0.456357696645099,0.480674014877976,0.480451344503462,0.480041841855463
KEGG_FRUCTOSE_AND_MANNOSE_METABOLISM,0.502427820023394,0.546194222111868,0.528337015828486,0.500473527078364,0.50565544458019,0.505763881779947,0.524477289136081,0.540094850197628,0.52092474145118,0.512041212156375,0.52395475224277,0.525944054111663,0.498000953887344,0.524981882670906,0.526413128772058,0.499761066041106,0.521273786613374,0.532884054684132,0.523391246807374,0.521978228290918,0.507219820257184,0.533203233932293,0.513521277797002,0.514079737146697,0.5346379519793,0.500805314993397,0.505250925066172,0.509930910485461,0.524850626942448,0.533175523526369,0.511608353932175,0.502422090565808,0.543699295534235,0.531389878935489,0.517774676950576,0.516318725615198
KEGG_GALACTOSE_METABOLISM,0.488912146888699,0.511044905251954,0.522553373156573,0.478823721183972,0.504742574351808,0.504495116957592,0.481379358107656,0.511548720049104,0.513041160931037,0.48620595965525,0.512288612534387,0.499285777705706,0.48999686693453,0.529895312160132,0.516581679014027,0.483516187971494,0.512625243723272,0.521278762893351,0.507456389656566,0.497618637007834,0.493806417722968,0.51575421058897,0.501131064167349,0.482521702683914,0.515277046999437,0.494157574537376,0.490264589060483,0.48945356649692,0.5290755019907,0.514180967613723,0.494238582299872,0.496383616013801,0.519207853759859,0.50686953032932,0.491246529979557,0.490199561596944
KEGG_GAP_JUNCTION,0.521319344681291,0.514143967443257,0.505168321387188,0.495671656126245,0.506917199034924,0.506662293705293,0.506734877451439,0.503989331896389,0.479920902913964,0.513776135589819,0.495321101364438,0.473970759861545,0.489057748182577,0.499565538816666,0.511686067719106,0.490483533193812,0.498327115085374,0.492439145833256,0.484589411424631,0.504751681464577,0.511088796903942,0.519662027890285,0.499374106954359,0.515915398972626,0.505158676370495,0.47933175802485,0.499571215401463,0.507332569985762,0.46856948778785,0.491970751118967,0.516906047434887,0.512146137899226,0.511537269106839,0.513919583501778,0.500314101878991,0.507648239077376
KEGG_GLIOMA,0.574954492599273,0.567212161814633,0.57160246860233,0.548355826299427,0.575138702755563,0.572152433919322,0.564852392479662,0.548123423729724,0.546817415254895,0.57744975809334,0.574037952455178,0.551687995117543,0.55904893243288,0.563313784380428,0.57860829688523,0.539389710196226,0.581320716994513,0.565140751469504,0.543377488676112,0.557588976391492,0.580033110403368,0.573383411605753,0.55720745082422,0.577531786776326,0.55755737129288,0.518423871309764,0.555783777834308,0.564358442673553,0.566539281718683,0.59033547823499,0.561248983359851,0.55411687447791,0.578973688186743,0.562016507283705,0.556903976733147,0.569138541035518
KEGG_GLUTATHIONE_METABOLISM,0.49579238256129,0.524457394681086,0.525601971769826,0.495765120402393,0.503932256675391,0.518692479288426,0.489779128279434,0.50544640980155,0.543989209948601,0.500990484607793,0.521357953574238,0.507678986813334,0.488731880526166,0.528830151141891,0.52791962852726,0.505860122803459,0.51438574750359,0.533386448639299,0.522402875120174,0.488945439674674,0.515034546530869,0.526411165803802,0.488068694744202,0.513046345190704,0.52518550806651,0.482499280094116,0.504392022933238,0.522515923673625,0.525014037895103,0.484177718592636,0.473144184313157,0.508949405398494,0.4928398437844,0.496690625506577,0.504471995159254,0.506211037575142
KEGG_GLYCEROLIPID_METABOLISM,0.416182053632149,0.411712234791883,0.409421474360296,0.421313821444038,0.420901681361701,0.413217853417216,0.414312646044393,0.427487097639724,0.417882046667517,0.398684989163674,0.413937615905741,0.404372176714535,0.413916690526917,0.431327508101342,0.415711987066907,0.409124900691675,0.414078163126805,0.420618305825648,0.423535276734225,0.435665897162575,0.409534559049048,0.424003428090826,0.407043378739,0.425478773809884,0.430446421537077,0.41712037871283,0.410019477484371,0.419422566604001,0.417938594391783,0.421769024665849,0.414082621448279,0.434686881879681,0.433653576600672,0.429809759838295,0.424797786844135,0.420879967360145
KEGG_GLYCEROPHOSPHOLIPID_METABOLISM,0.457095494183596,0.46660071005039,0.445105147054128,0.411850721917201,0.453899946781417,0.45859469117113,0.427516525397916,0.44421199445544,0.45431388491289,0.430535722089155,0.458404022228472,0.447734906502493,0.457656084330917,0.46160623357209,0.435956985159663,0.440899992320609,0.460532350281617,0.458854673702239,0.441021259278045,0.467874270744776,0.444728376512421,0.443490736528106,0.44855286360397,0.45533375040874,0.460716508678444,0.423347990758391,0.449024545071516,0.442029345994017,0.456084429638156,0.46222170127188,0.433264129074911,0.447930617504089,0.467763355724273,0.45072784741659,0.444544759293906,0.442974499314111
KEGG_GLYCINE_SERINE_AND_THREONINE_METABOLISM,0.493644146503664,0.448083342478917,0.483945749303081,0.486793253653519,0.479341362769101,0.478204943663643,0.511645833835757,0.466945145140397,0.474239793329636,0.462890877736331,0.486023850569337,0.488882404569258,0.475632816144535,0.498322366347499,0.473177270646718,0.458258436557093,0.467557114138221,0.475545852772451,0.480208561415852,0.518248798476815,0.476322462278901,0.480892645570433,0.462234154404091,0.491814647816127,0.504063660943912,0.472992995392988,0.488493760801571,0.527369828237098,0.444923392701888,0.478146080446167,0.452306431228268,0.462234699884779,0.496190392918546,0.514730102861011,0.476029864519275,0.472393937743367
KEGG_GLYCOLYSIS_GLUCONEOGENESIS,0.433610696591851,0.453797919941992,0.466557393774957,0.430495423446519,0.428456717201205,0.430386125809192,0.46144580949611,0.450594705871399,0.447795097011182,0.437263452261727,0.466452945964784,0.452998904261777,0.441280822566907,0.442754671367922,0.45734361571255,0.42281379449219,0.457090452624167,0.441043027007536,0.431638021932044,0.462423888969656,0.4373388067491,0.45006104235813,0.431813434725873,0.427694191296795,0.438438756737184,0.416033332884621,0.437162698240343,0.428738606879525,0.445760090513741,0.459780648869021,0.430759128046248,0.440348405144765,0.450742165781869,0.440491800909502,0.425557996907054,0.427507852858019
KEGG_GLYCOSAMINOGLYCAN_BIOSYNTHESIS_CHONDROITIN_SULFATE,0.619559912296123,0.613311047925217,0.576735752845739,0.542805781178725,0.597689200691833,0.608367915007268,0.501274597860113,0.592330302297843,0.588600195005529,0.588161600549329,0.601271559560197,0.587552513798275,0.57742193917235,0.616796760525143,0.599230989762614,0.573137253423768,0.603882822031021,0.609306852000531,0.593151309878785,0.557896013939975,0.601021031807811,0.602011081209722,0.583765079180324,0.611842230018294,0.589505443545811,0.544751645438938,0.617871878360451,0.577110373174298,0.603091839871915,0.595008738854662,0.578628002572683,0.59078263331045,0.611333070222336,0.568134836863224,0.576290125924477,0.598473502218422
KEGG_GLYCOSAMINOGLYCAN_BIOSYNTHESIS_HEPARAN_SULFATE,0.528493064154899,0.503494830235559,0.44630548715736,0.444902610232966,0.457985947159372,0.485911954311041,0.45770386831512,0.527615832805487,0.425054045637107,0.459233400827415,0.46966439898086,0.469912987351005,0.471665561403264,0.48190460655295,0.48842572042071,0.454579092621683,0.511383380894791,0.482960216724491,0.445116721616893,0.470566640125515,0.480441123488549,0.460777303417476,0.481420432648083,0.50034290435963,0.495252972931521,0.403624051074007,0.453619289741015,0.479732246425261,0.462874954847544,0.480369692531528,0.488639454124635,0.497952170461014,0.531551743532733,0.485054239421365,0.498591657526761,0.511640235253328
KEGG_GLYCOSAMINOGLYCAN_BIOSYNTHESIS_KERATAN_SULFATE,0.540552102948697,0.553112961218767,0.51364576217156,0.471684485231662,0.541432695538488,0.564753048135558,0.510376641955619,0.51719154291488,0.484662812516591,0.505945618352377,0.555914230140119,0.496876963765697,0.492935859926611,0.563600400921982,0.525277266802414,0.539440557125147,0.568659630296629,0.518917680354946,0.49493438629828,0.486833504024801,0.5170122620139,0.555534901476561,0.514233600612958,0.519331526387216,0.561124351826492,0.439628976561865,0.520840215248619,0.533554707316499,0.583583209039106,0.547005575389751,0.498152064067154,0.531194009310012,0.570738806308975,0.526869112167205,0.535421975157002,0.546280773619687
KEGG_GLYCOSAMINOGLYCAN_DEGRADATION,0.44784132509771,0.493874541226303,0.45671032640038,0.383345873612214,0.45035127409962,0.501940748993152,0.401647553772122,0.469535375303653,0.482680696157578,0.463819895499499,0.470166809897651,0.478228827057983,0.445755789753657,0.487066934538955,0.472935824163989,0.444997357811501,0.475723162989319,0.461234036908158,0.411327479607925,0.455099342773432,0.455998619672937,0.462788292150863,0.452578009815917,0.453754934111254,0.471794259028077,0.398074163310407,0.416939458566209,0.451272341921612,0.512230716236023,0.484606203476817,0.436625952932003,0.437119687626091,0.475605088525279,0.451576685646755,0.448689035941496,0.450032040393001
KEGG_GLYCOSPHINGOLIPID_BIOSYNTHESIS_GANGLIO_SERIES,0.516372869822298,0.526406143140091,0.520243351012214,0.440593068983461,0.503752845954114,0.523893353522483,0.440640595988322,0.519846862765352,0.488519486258978,0.529871275190939,0.533421288090776,0.515043848128047,0.521867258541734,0.542740281313893,0.515817164364399,0.487451330434994,0.548102859365555,0.521735435612228,0.50548523369091,0.482222705870624,0.515568380017949,0.529239424580105,0.504314107079908,0.501040266138568,0.510164578790529,0.503598361399727,0.486562842127972,0.48803573022618,0.552832085449383,0.554117094749425,0.519709807655731,0.483072450643098,0.516952743573432,0.502390432624868,0.5126748256365,0.512848121982854
KEGG_GLYCOSPHINGOLIPID_BIOSYNTHESIS_GLOBO_SERIES,0.445270876848345,0.481234322328963,0.458539863610217,0.397147591090227,0.481368274768885,0.476444735962496,0.365315967165531,0.467612567919984,0.453000503568358,0.419925157246102,0.469535926464586,0.4474229635876,0.463838208163912,0.503197593985786,0.481855820774819,0.433214657118554,0.464932163116187,0.457986622638753,0.454038468385657,0.427407394807139,0.44825462156817,0.474775147821691,0.446752932905921,0.460170095030397,0.461964824585629,0.408668561245821,0.455060023279785,0.445365484966554,0.457619586821379,0.508052949786481,0.471448788391111,0.432091622404434,0.476063853257284,0.486138409579025,0.447456744377827,0.467633536921118
KEGG_GLYCOSPHINGOLIPID_BIOSYNTHESIS_LACTO_AND_NEOLACTO_SERIES,0.29233218793157,0.294116417092093,0.27409787262453,0.26556301451186,0.309953735735068,0.337247185978785,0.226868269467379,0.280379601623889,0.235434445917292,0.312608440455517,0.302916473748209,0.289561133981637,0.303814860345881,0.309761271629719,0.300677694107311,0.307692281415158,0.322451664284002,0.277737648335226,0.307854011554896,0.261283943897312,0.315533381394172,0.261730807592282,0.311323438764584,0.2727558980606,0.339822790245801,0.293560007921581,0.267089383997111,0.300375134615003,0.271015847023701,0.316363865517794,0.317274589407145,0.290936049340287,0.308073249079981,0.29118671703013,0.269661128356302,0.27145123720191
KEGG_GLYCOSYLPHOSPHATIDYLINOSITOL_GPI_ANCHOR_BIOSYNTHESIS,0.515037424109521,0.511283173748931,0.478782076171949,0.463255901721556,0.507233774502581,0.528565145861395,0.455812179357231,0.511755887258653,0.504835714379557,0.507098686047454,0.493795456643963,0.507060808050712,0.502507652789399,0.514588402986929,0.494053044113058,0.511276701129544,0.525122573075652,0.497483335258353,0.50456166054118,0.466214572945353,0.511746520985182,0.515420130627531,0.492585301350258,0.5092309340355,0.519297501909688,0.510308830970193,0.488449800646477,0.489380771294825,0.523788746337146,0.513760664807521,0.50954070786878,0.509776524590221,0.502293386296679,0.520586994581954,0.50944907180109,0.52977921193321
KEGG_GLYOXYLATE_AND_DICARBOXYLATE_METABOLISM,0.536006790927729,0.494767583730902,0.511165002305913,0.521333492366499,0.520164232709729,0.494296202649985,0.511293053209138,0.546914538541301,0.502840621869204,0.512739483691368,0.541723421263795,0.522177842442598,0.514969707096808,0.521469645532713,0.498649958600296,0.530922593952312,0.50631561773375,0.561483796589226,0.554636895891515,0.50760075081202,0.4991921522843,0.522941098420556,0.516883396856932,0.517840367548967,0.542258022588562,0.540716420785123,0.512368499416287,0.495310687294481,0.514604502926825,0.526701299081437,0.531944202588871,0.551062762175909,0.50864772982613,0.5340782058424,0.562446513889215,0.509202707949928
KEGG_GNRH_SIGNALING_PATHWAY,0.465900565011376,0.472004353295966,0.45294925824458,0.430687328792202,0.468478785911782,0.460022799410452,0.445461961884092,0.452588626961172,0.449961519268514,0.448847336457209,0.470204713036686,0.453998727681271,0.464684960258734,0.45660179722944,0.448667295897514,0.439669324004375,0.448738189864298,0.466688091276327,0.456057021035445,0.476696627442078,0.453666892600867,0.456775931530849,0.464652415043367,0.464472527489569,0.473064691138097,0.443984930958491,0.471569834660225,0.443562325186929,0.467935675035725,0.469533836709434,0.445718795555098,0.464431007454706,0.478712132762069,0.452478676529098,0.456314697645476,0.443101009778763
KEGG_GRAFT_VERSUS_HOST_DISEASE,0.204708986787343,0.329939554517554,0.23151117651006,0.184202363937841,0.202973818979378,0.280393856200163,0.153259402089427,0.233359063325796,0.371608812584341,0.25337533139319,0.305224318603196,0.25143898987123,0.278046796416756,0.322674410352565,0.35812825898059,0.142836142085264,0.367303270188734,0.316155976745449,0.295631936754062,0.277129126520987,0.233133937817499,0.268908313396006,0.184359371196015,0.283963999321174,0.247087583663703,0.0833984978736215,0.230973932283173,0.251823708048737,0.421683212761749,0.270402885849885,0.188949671205785,0.202990496438215,0.300461492372242,0.264209476514769,0.128444057366864,0.271632096927904
KEGG_HEDGEHOG_SIGNALING_PATHWAY,0.403661934753382,0.352764927021297,0.354152409103169,0.346895404677085,0.374618794879493,0.37299620770782,0.311218115409578,0.353940761076446,0.327633463600267,0.37271618694951,0.370547486567314,0.356374242696668,0.392332247779369,0.369379255822201,0.340212119453407,0.392054577065552,0.376312999032,0.374081607156241,0.364312467706596,0.329131775606014,0.356942198883687,0.3934287252167,0.384935378654484,0.382634837445957,0.363428772610505,0.363471989259258,0.399514065954223,0.362155578506525,0.367326231912954,0.379118515629661,0.375231574850246,0.406012644314232,0.366687669751525,0.36283336628196,0.388616230612333,0.359613001993181
KEGG_HEMATOPOIETIC_CELL_LINEAGE,0.244740437090731,0.34885400574203,0.332585064979759,0.236778980683764,0.293802042182851,0.32358779363051,0.199772452220599,0.273996535441662,0.376529127126189,0.258049339312772,0.339543636900283,0.277547459267043,0.266094371662734,0.339099475387419,0.356672030935449,0.250774601265385,0.343654869852166,0.316692272457196,0.277763813959484,0.28826681707311,0.301091943999686,0.332706151838675,0.227959187439235,0.330741421327294,0.286255798651907,0.158102438332296,0.284485791628666,0.289162932424025,0.383278936535413,0.305197003124051,0.227497408788916,0.253578450011076,0.31056416609444,0.285652968318798,0.240211140783183,0.254602006055132
KEGG_HISTIDINE_METABOLISM,0.417398160608341,0.410089513061988,0.384591096959574,0.414553641232792,0.373754450641651,0.416886372495706,0.440748967525731,0.400791713716278,0.420746390229422,0.387246769873033,0.409076004239552,0.407106023955138,0.414444666449024,0.428309351275558,0.417221994293542,0.367603991469523,0.41292902989077,0.401393183718101,0.42405853646742,0.389866399263137,0.387611536926653,0.410346830764286,0.403405540362103,0.39708284635589,0.430405582497845,0.349637879457759,0.396046825499712,0.420658933014787,0.407464499449748,0.391033241621828,0.378534831258535,0.407078804196987,0.400793556821228,0.44696438157953,0.423183260361247,0.412648477802285
KEGG_HOMOLOGOUS_RECOMBINATION,0.488927539406206,0.464601750325581,0.454832825305765,0.476461780012504,0.50679456800081,0.463804071376126,0.461327608532107,0.46109466742509,0.440455773781657,0.519461844873217,0.475001143472602,0.518591014773306,0.464343288525234,0.429118328523062,0.472508493954542,0.478160666964973,0.459395967594693,0.490925330007819,0.482581692615585,0.448023506762666,0.522150505149172,0.489197957177356,0.500183298030717,0.470976449989071,0.440458992662272,0.554738896763348,0.475680861890902,0.446802132563738,0.493731386280275,0.50480494181322,0.520089451652135,0.46400305995421,0.453789611564133,0.45991545020121,0.486182006286065,0.466478275665249
KEGG_HUNTINGTONS_DISEASE,0.534147204258783,0.537935628270592,0.542401489769525,0.548508394908052,0.537863749896552,0.539008347653065,0.537186859643791,0.540244936654973,0.528228662174815,0.538009435484102,0.546295790354894,0.546340184928202,0.539896395267606,0.542774958551938,0.538670103031855,0.541382578556995,0.543564264904556,0.553336254696232,0.534851299596335,0.543773985296395,0.540359755085855,0.539833155537434,0.539667063557113,0.546943852787076,0.545408392164642,0.535547723893176,0.539983836080095,0.541876313500813,0.534062533072937,0.534418478461772,0.552491775764632,0.539716541849285,0.54955469009041,0.542159101267366,0.546430314989978,0.532539040058312
KEGG_HYPERTROPHIC_CARDIOMYOPATHY_HCM,0.438243149639983,0.442777086003778,0.448584067368651,0.413586592601446,0.449253094936098,0.442181146103095,0.413384892404128,0.445514067833149,0.401795557793813,0.45516494178636,0.440242423154867,0.376753471435314,0.408067545520806,0.413178626311458,0.469222143721677,0.445921782913066,0.439643263379576,0.439827271311889,0.423837757738029,0.430919249777641,0.453651134989658,0.436483246411799,0.431889536629109,0.460321433134071,0.432180499336555,0.408318242735554,0.436040507746138,0.443135650171039,0.405246755474546,0.450292719780384,0.430432023759339,0.42310351898415,0.445193412549838,0.439017054898898,0.41938462239554,0.447819624760651
KEGG_INOSITOL_PHOSPHATE_METABOLISM,0.547763918766933,0.54523010649748,0.511826162737236,0.504622198581,0.545047699587765,0.526034102057286,0.546792608995657,0.524986887371108,0.52447264047554,0.515090519431581,0.522435718732979,0.523348733491168,0.522899302071319,0.522590258894523,0.541332372168448,0.514861680923214,0.537804087531016,0.530798270625572,0.501147782237503,0.553113135494954,0.535255133333171,0.52178368265228,0.519017555852669,0.526788474007415,0.537848523912544,0.497171918268006,0.521954292400476,0.535949701207287,0.523006807656376,0.535711690363321,0.539342827540887,0.534204962909175,0.544861268207223,0.542558020231967,0.511067919562665,0.537774163691314
KEGG_INSULIN_SIGNALING_PATHWAY,0.530223521891845,0.537898975378616,0.535727459123609,0.515992963976874,0.532591741700317,0.526229147873661,0.540220050088856,0.51955550183169,0.522608759688915,0.525941337223667,0.536425761412824,0.515589189717531,0.522951231895526,0.536767188337426,0.535470339099958,0.509626664243978,0.537442593668819,0.527465482819958,0.51937957251839,0.537492657121248,0.529057912973108,0.529819340273826,0.517772603255897,0.53141723385606,0.530504886554708,0.506269050855559,0.52823890045856,0.523952140085627,0.525203092276821,0.542915635378156,0.522120274681109,0.527466177118941,0.546459757980557,0.530927570346404,0.516404187205346,0.533503355739858
KEGG_INTESTINAL_IMMUNE_NETWORK_FOR_IGA_PRODUCTION,0.252206031146833,0.35269993164397,0.291650474358097,0.218041844912917,0.237421942145611,0.325477593920803,0.219090591333672,0.288558873999055,0.403519694940288,0.255344068565995,0.330862589582886,0.296827323855908,0.304059164838008,0.342863926775291,0.35650182223441,0.195193917783375,0.344315274460223,0.306190989819942,0.310027737758732,0.288519029693955,0.269067521504958,0.330184423302254,0.238465141955882,0.326425158992072,0.27948665715647,0.134814918595543,0.283979458204251,0.287298375266108,0.419453555885464,0.281328401529755,0.223610563512855,0.216418456015703,0.327959526984677,0.285236859617132,0.165219373652098,0.287695504332726
KEGG_JAK_STAT_SIGNALING_PATHWAY,0.281269802191242,0.334553832022914,0.307593335597121,0.27201360069098,0.295477946538452,0.324578358532053,0.265599404324105,0.290690956034815,0.337000512222905,0.297505359369351,0.317220315994057,0.284173672518983,0.288324229480032,0.313887503419891,0.331337388005788,0.270664902358675,0.349333485013295,0.300753459057008,0.283027049050196,0.291512554048339,0.310441337768499,0.314418992598193,0.270720491489211,0.305754733886288,0.276158861841012,0.235788387685165,0.30809789013192,0.292697788734058,0.343870452550265,0.320734722279994,0.278832815721875,0.260837604088554,0.326830409765512,0.285256977373378,0.260237756727043,0.29755830308725
KEGG_LEISHMANIA_INFECTION,0.490278752264461,0.56755314114147,0.515149896895622,0.457803858974215,0.473637771853676,0.521583959561842,0.461001650181286,0.49463764890071,0.570610811298335,0.474525102546321,0.541743161338153,0.501851068742598,0.503958997942349,0.553821338726449,0.554674600094587,0.422382082998615,0.562885403726452,0.522538000159966,0.514920456490144,0.504868692499425,0.494599036226535,0.541271611981991,0.457720345578219,0.518870885061179,0.501820827047305,0.358471866203908,0.487862449334787,0.500839857347791,0.584921331253914,0.517465208083286,0.452774214023725,0.477722841334512,0.535516631509943,0.519085892513441,0.447227741019571,0.499024633091737
KEGG_LEUKOCYTE_TRANSENDOTHELIAL_MIGRATION,0.456856755927278,0.484101232891589,0.47413218667692,0.441401922171425,0.477424757493839,0.468777543318775,0.428157919891482,0.459608678114919,0.469441911057684,0.45486940073817,0.481484192007425,0.457563639048638,0.442321130339259,0.496651308829889,0.495367339753825,0.431166810271527,0.483399569683333,0.47635087365363,0.452774728948614,0.460732274457381,0.468491940627986,0.483381629000133,0.440798474776185,0.475389390571119,0.465003347903647,0.398322217409647,0.466396598493094,0.457106225389608,0.4996857402712,0.477272749688002,0.435048595626602,0.453561349487528,0.486582257391813,0.470099812040418,0.435777990969924,0.455181433567917
KEGG_LIMONENE_AND_PINENE_DEGRADATION,0.641217504093079,0.630641942615337,0.633464042125558,0.656129719233474,0.62745237062953,0.648971678461328,0.655807936264691,0.639550941309719,0.630365700767918,0.610719625214459,0.619844409446739,0.63076486204382,0.601241865768326,0.643213502132374,0.641113127240326,0.632699882112351,0.628879597160447,0.626942814372286,0.652988744278434,0.64384135286208,0.624998594298862,0.649854429854301,0.624476118718382,0.631352946702661,0.663868351926392,0.603548842099468,0.617399713328723,0.62148160028726,0.632768367910274,0.619509651816939,0.633418183430355,0.658276162772701,0.644183423453875,0.682087434222514,0.651202538687916,0.645181029531508
KEGG_LINOLEIC_ACID_METABOLISM,0.115212702768303,0.132167362451078,0.0754583633720834,0.0508869372806762,0.11752447221217,0.10394065148738,0.128220661104414,0.0855360577897303,0.135258022483592,0.0628597925955741,0.140099596670783,0.12776333385115,0.0926001765694909,0.081664228383355,0.0941569137931253,0.128085484460884,0.0914513022092847,0.125831195640144,0.0810647330664963,0.109489790125558,0.0988088171520798,0.0313610635041237,0.126667849422827,0.11198063711812,0.116114204976597,0.0549954738180629,0.0959820411070501,0.0380675616742008,0.101893312640527,0.10954280044339,0.052157964560332,0.0761707505831861,0.13891017166732,0.0840857788846971,0.0764950845496163,0.0506425127894261
KEGG_LONG_TERM_DEPRESSION,0.488592051729607,0.476106404365525,0.461002838479402,0.439038806506025,0.461747175030635,0.47736996686885,0.474643884793063,0.454915180919269,0.433181531613079,0.464798458445581,0.458928767339503,0.428896661776775,0.45721732067211,0.459734421989353,0.464848547853924,0.452633304977554,0.476182058237241,0.467235685617582,0.432890561437603,0.490366292061009,0.467459737546674,0.456818050810242,0.469431077121565,0.48410106630723,0.457547544553989,0.409021870696748,0.466874874514757,0.458901522936607,0.411577915656342,0.45798248800004,0.441184106098968,0.459474829368899,0.479584336537301,0.458931815314856,0.441455846178921,0.46143610140629
KEGG_LONG_TERM_POTENTIATION,0.5266265762988,0.513538335972861,0.525648492806527,0.508910812512235,0.502829084680694,0.507467294284472,0.529478248616209,0.513318868336701,0.483145428653765,0.517264422406687,0.517100209129511,0.464748476495921,0.489626039713234,0.504771742948728,0.516595886458153,0.490175785241361,0.512169657031737,0.515234715597244,0.499536955003563,0.537929658368843,0.498936195223784,0.519636483457865,0.503483246707811,0.529238769928014,0.523744447633081,0.48072770574358,0.486590871859638,0.531473652625171,0.464372162510276,0.499917489999921,0.532846511278796,0.507923315692766,0.520607123123764,0.531859796829291,0.505970694309025,0.512844792726784
KEGG_LYSINE_DEGRADATION,0.595684835758487,0.579902333828247,0.575841278173007,0.579770837968796,0.577297494872323,0.591022312056425,0.603252977118874,0.579457809144091,0.570441687970922,0.587468000888925,0.577601502011393,0.573154664622683,0.579200645787345,0.585973325577992,0.579865882514935,0.578083434527264,0.58287246729457,0.581396217768669,0.573480058752238,0.605931142492142,0.586183478020747,0.586762271328252,0.573919824548881,0.59188504765284,0.599183367157355,0.598307908664683,0.588853900998432,0.586887799449271,0.586291090088826,0.58201004678225,0.588914168839425,0.601209822683053,0.601125208897378,0.602216378067326,0.597687858034231,0.592155956065424
KEGG_LYSOSOME,0.574921311227693,0.587770263879989,0.548184572621577,0.515915291348693,0.556821466593789,0.569524128229639,0.518510778853533,0.558084713704078,0.579424997975539,0.557160698051917,0.582047742606027,0.565772959001,0.572051673904637,0.594878557065804,0.574699115181579,0.540357394374752,0.591902809741585,0.571764887803114,0.571252586977922,0.541425682582423,0.570005725446802,0.577507806728617,0.55149881272254,0.568888998201772,0.572708728282221,0.528554873300611,0.556582495802478,0.557815213635114,0.608822358715141,0.568951558653125,0.539557028734856,0.55614227476964,0.58099766478553,0.568420493310667,0.556606158853401,0.566959650623073
KEGG_MAPK_SIGNALING_PATHWAY,0.48960878807645,0.500649335338783,0.490530634540395,0.468037572951923,0.48520357993248,0.491724083923936,0.474594870471503,0.49217772787327,0.47865396486419,0.486053580361833,0.501190169365511,0.459883436586255,0.470551627574199,0.494482109551879,0.502142354072343,0.47912348548704,0.490020894010068,0.48692837339085,0.485327050624932,0.49163380810315,0.488879207817444,0.495229463574997,0.488344820247658,0.494832154962952,0.493388342839831,0.464903132921923,0.501110302068393,0.490544401866343,0.479108227922454,0.490788970400431,0.495463168605109,0.481791574544055,0.503019569390701,0.4888634007826,0.479704282368184,0.488938873271208
KEGG_MATURITY_ONSET_DIABETES_OF_THE_YOUNG,0.09276834385736,-0.0190475266831179,0.141045783552308,0.0106161897030114,0.0409416924795302,0.0227280335285802,0.013915737285993,-0.0701313637944829,-0.0151967454658876,0.0247916494504816,0.104495561642878,0.0347980977416418,0.0247338060011573,0.0215421889728086,0.0198838734431162,0.0641136303586659,0.0578113644723775,0.0560380395410661,0.0434785284665807,0.00379797603123869,0.123470289846208,-0.00568843399434761,0.0936079391201373,0.100134244382833,0.0392334065821276,0.056943894848891,0.00303484495808216,-0.0382797167230867,-0.0430710470148743,-0.0235783212745017,0.015274586154313,0.0106244938468475,0.0724478156243202,0.0151530440788628,0.0822540889014207,0.00603166099748003
KEGG_MELANOGENESIS,0.471587360522571,0.455654709779642,0.451039486925667,0.436929798422265,0.472450372552071,0.445759706874381,0.433307064113746,0.454737206928672,0.430485680279881,0.447407821107037,0.450066361109543,0.436334762330279,0.441986071146246,0.458245772758532,0.455653243996497,0.455415330791654,0.462481592976854,0.466001938588624,0.440773791268017,0.438729105656699,0.452336819281077,0.469332678079712,0.455945894190231,0.469733900744645,0.463502140840919,0.423167116963119,0.466789040443799,0.460641190465704,0.424162818870698,0.453350581717922,0.460055238414488,0.472826884033313,0.449808322596074,0.459030242947634,0.460109852939953,0.448054682615985
KEGG_MELANOMA,0.4462240267807,0.439273401843967,0.435742014113821,0.414361087574074,0.431186183649895,0.445665341368985,0.421255985559533,0.440916894391243,0.426956881633183,0.454077965404606,0.452887039250452,0.443275220138357,0.430192379760821,0.446248543556912,0.458489785002404,0.407438452106848,0.456304447857941,0.436747181776147,0.423997452174218,0.429280217037525,0.456124049777998,0.447264271477459,0.435277222763359,0.445338648127992,0.435405332659365,0.406370179650488,0.467376183888084,0.435585974266478,0.442886937655376,0.452827884442329,0.458134396351855,0.424050546317286,0.456206921455487,0.439483970407318,0.430844824052734,0.438048450600129
KEGG_METABOLISM_OF_XENOBIOTICS_BY_CYTOCHROME_P450,0.144645310399622,0.172061449586584,0.202732694424492,0.162333143232805,0.141158903265807,0.176380389433595,0.181328206665618,0.162214620659832,0.22455781198516,0.149654172862858,0.195274079982305,0.174251020155886,0.154176487296089,0.176384027661791,0.198278357261519,0.156118977309965,0.155646428353019,0.181769520892256,0.175373091340293,0.162003791163867,0.144984970195324,0.184551622994211,0.119985342009384,0.170030093478562,0.181116130375869,0.0809061232554009,0.108513512544539,0.182814404809189,0.173659601147563,0.100846603250833,0.104215482271274,0.142882706814372,0.143187124724063,0.159334149553044,0.137407180321844,0.156639707427411
KEGG_MISMATCH_REPAIR,0.537692662057046,0.515679912196121,0.52357204124608,0.543627471264376,0.565768162221592,0.512299996125128,0.517029158186715,0.540723729658804,0.513165897438987,0.570088823475033,0.525666704196826,0.578903823715094,0.509637397709693,0.501104715795386,0.537301122514578,0.551834548450267,0.523146946415831,0.546147699317612,0.524287071960854,0.506856359029746,0.568620225494712,0.557403457494894,0.550981037986104,0.524480404012259,0.517825186771,0.603882299172483,0.532598987356887,0.500350943193775,0.552884593022303,0.57518218849596,0.582363374610354,0.546270587891147,0.506204939515665,0.531751605053555,0.547827043436553,0.524475953995046
KEGG_MTOR_SIGNALING_PATHWAY,0.557848295325373,0.565707939650456,0.554893890093755,0.541109894232798,0.561975732926034,0.555642043105793,0.548756575454384,0.555854559737566,0.551234006573378,0.548417882433348,0.556938786366282,0.554565976148997,0.551665160631734,0.550336774203819,0.563838313711508,0.548006165020519,0.56693057836512,0.553778110476904,0.543959215928174,0.555055063639882,0.566775847837999,0.557848082427587,0.542925787896335,0.556011932931584,0.549110075649889,0.53607565386734,0.553296238612561,0.548560040276194,0.554693223750946,0.567070650155304,0.56185451494643,0.542429552082176,0.572941974318305,0.549419353291608,0.555890160236703,0.558434626498551
KEGG_NATURAL_KILLER_CELL_MEDIATED_CYTOTOXICITY,0.316124150196605,0.354053903263562,0.343042327476199,0.305889546770219,0.332258041673867,0.336237769910641,0.281132226520198,0.310567392749914,0.382820583497975,0.360297992006372,0.364897416989036,0.332206327247829,0.325628439979278,0.35777882271114,0.38890418503032,0.289608327093658,0.38579887911582,0.350587977255976,0.341203670533,0.331743539760578,0.350575356105182,0.356387305720729,0.297087353639847,0.347283973298048,0.318411765517508,0.268650580182772,0.324085828067506,0.320427570318249,0.397563777023275,0.356039651564001,0.323939951330924,0.316813181532919,0.362189412448724,0.335316801653049,0.307438062329703,0.337812198963438
KEGG_NEUROACTIVE_LIGAND_RECEPTOR_INTERACTION,0.214034307640882,0.193437665811817,0.185853473809042,0.146907078235895,0.17720728867407,0.189820464610835,0.145263330832118,0.202055940915832,0.161850919608176,0.221665233089069,0.203688396009168,0.149373731790638,0.188280826469528,0.206197777247033,0.217993236761453,0.202780617324548,0.210748631327442,0.188981179558902,0.186832577208733,0.200655541102862,0.188715143333618,0.219860414112766,0.186582694946339,0.217051011885926,0.216461184350321,0.174006710954194,0.171410690403554,0.18932337897415,0.174382618111622,0.184509688010872,0.228762723759691,0.197760387576746,0.199064020379285,0.193171869587118,0.214426787604757,0.201700190311448
KEGG_NEUROTROPHIN_SIGNALING_PATHWAY,0.572373879847246,0.584019217077126,0.570214256247758,0.562559457835838,0.574762097967057,0.576235695800515,0.570555336307565,0.558137507882081,0.565409665798348,0.568564132747317,0.580132777616863,0.563375476450653,0.566528328645332,0.569951771320312,0.577463335928031,0.558630636451602,0.582600487436945,0.571128595997966,0.558512282778019,0.571746416554365,0.572766429060535,0.579721467763021,0.557516735454431,0.574318302235215,0.570931258001686,0.543302927486125,0.574964607171469,0.566399215468175,0.580902482590887,0.585712181009517,0.568572462383206,0.561563917828711,0.584651384949722,0.574623812917032,0.573544363634802,0.576540141588986
KEGG_NICOTINATE_AND_NICOTINAMIDE_METABOLISM,0.485675400459018,0.490786516079637,0.485035493509336,0.510944959043601,0.463742136126205,0.504953876386538,0.527441365742372,0.506133822786309,0.48729665918922,0.470298053938707,0.482534356777419,0.470536377700073,0.500890388603576,0.481242130609852,0.512998033563732,0.432620482404633,0.502138130775764,0.494763391481168,0.483279890150825,0.519094726000757,0.485587648690251,0.502411533064686,0.466313418874628,0.502724993543662,0.517141190363741,0.423656308149336,0.493192190537063,0.488883434744698,0.50491265570105,0.470803771770071,0.476759807025904,0.512073662991097,0.511922651317812,0.515684685211881,0.483725115057606,0.515209583017441
KEGG_NITROGEN_METABOLISM,0.361947751826466,0.377623783104733,0.435538410465331,0.36518615546751,0.438049694155267,0.418272462754747,0.358642981949817,0.423289595321446,0.37872575978865,0.372402454490883,0.390764681120911,0.409779069873793,0.423183824824379,0.408754261212305,0.433985654327687,0.388909265638648,0.431629040094441,0.405631728557639,0.400392929103567,0.400972548219034,0.388788040528207,0.405408340514273,0.440239945356397,0.404025802766062,0.389454604082708,0.346546788102522,0.380260296848689,0.409502807550819,0.412621984542384,0.402351020615277,0.348545319766369,0.403077181705037,0.420973581738143,0.396027711791558,0.409556935720444,0.38534151729362
KEGG_NOD_LIKE_RECEPTOR_SIGNALING_PATHWAY,0.4242136605499,0.513357984283841,0.467441798105325,0.417389045730193,0.425301158771442,0.461183416680349,0.41454664615284,0.453170305310207,0.490570313306491,0.411553734278812,0.482761000700283,0.421534419657883,0.43336897041034,0.472006064164122,0.521522747992351,0.372967239019613,0.471785212031049,0.461691017177172,0.446140409855932,0.432520977227446,0.429095698179244,0.478165082211431,0.417205766590924,0.447808194336958,0.447427281098406,0.37177793066946,0.454020530350937,0.451836312556287,0.518549565529668,0.452902347843206,0.406901019091829,0.424012757807642,0.497112614578529,0.45452237392847,0.399765090493661,0.443727701348645
KEGG_NON_HOMOLOGOUS_END_JOINING,0.486448960352611,0.481068431758533,0.45390486207871,0.466646989191721,0.482802198562508,0.468377057183304,0.458179981900457,0.483351111703567,0.467291237435478,0.490617829558287,0.482275677218412,0.505356278165157,0.46872558268627,0.460677069418814,0.479945618653535,0.482384031509865,0.471358788942171,0.470826373074039,0.46760399480731,0.461007107416288,0.482657483395041,0.476954350546534,0.456313682446615,0.483153782719372,0.461829187505808,0.500289289563987,0.465325969157118,0.455879248455431,0.467497837996791,0.484919070524577,0.497507559325527,0.46955856739063,0.459747366688447,0.471510348523195,0.479502070123947,0.471682458484905
KEGG_NON_SMALL_CELL_LUNG_CANCER,0.576659428300113,0.565898657295698,0.567302365866116,0.55793269855447,0.569975142870791,0.563170906203433,0.573871055873469,0.556273404324474,0.553241704937531,0.577982846853854,0.565455036310378,0.562196593090812,0.556304362331515,0.570845055282135,0.5728915947485,0.535572900502161,0.574933106334576,0.562215373909044,0.548902816008671,0.558354829564371,0.580785217029111,0.58611864687329,0.561200323723135,0.569505182355411,0.561470440520713,0.544569286601081,0.553742754920769,0.558757431554205,0.579599649584105,0.584508069751449,0.565757719733246,0.570108107357392,0.581193334340174,0.566728854447289,0.566330914161033,0.571998553989917
KEGG_NOTCH_SIGNALING_PATHWAY,0.615625522641243,0.579344094380385,0.568626035987584,0.56746473362922,0.629269566368238,0.586888842404308,0.549831105335697,0.582822785008319,0.541499172121268,0.597543550681016,0.597117111252396,0.603426511537403,0.576804483356252,0.579526069849054,0.590099302120238,0.605709422147397,0.578326276809224,0.594572292845078,0.596128727356348,0.550005360701273,0.596641640978419,0.613410346861304,0.598396186018328,0.592277539377797,0.577681728514711,0.590432209219245,0.628934323088166,0.575373887449113,0.592476113842822,0.594304927966346,0.577096447993334,0.616428988989482,0.593974131874802,0.576110918485832,0.604633686643936,0.580181921716859
KEGG_NUCLEOTIDE_EXCISION_REPAIR,0.544054062083702,0.533091584722847,0.547069091523904,0.548611563180603,0.560348917161712,0.537461609168449,0.543704056560406,0.542871004517614,0.531195520034358,0.565535333033852,0.541028787762861,0.574190515814429,0.534654808760054,0.529579036127231,0.551287869953359,0.547494451560154,0.543053102562552,0.551329360487557,0.53218913066807,0.53876911643902,0.565275992018942,0.553962048309919,0.552050359863651,0.543629340735672,0.53705612811464,0.569161951673046,0.536967051965162,0.528482574920255,0.552781928543852,0.560391334671039,0.550823179285366,0.539333700725356,0.530283890074822,0.55117385832815,0.543938213304004,0.534427861137938
KEGG_N_GLYCAN_BIOSYNTHESIS,0.587361693019608,0.594497673593473,0.550575117902751,0.522905879482576,0.579405326460378,0.598330089122398,0.50447567682178,0.570985026084725,0.560494113109725,0.58919940867273,0.585298421871048,0.577635781192467,0.568299843036786,0.594140404787479,0.577186366725792,0.570824884711099,0.606639661998323,0.584793407007218,0.568584070545398,0.521501711484137,0.586765288028325,0.585615666885474,0.56799374786938,0.573381904032204,0.574372398968925,0.576412303082096,0.574798990636441,0.541335627754716,0.60870083153865,0.600363065334059,0.583788689024892,0.5749028484617,0.577754321079289,0.568466379268993,0.579529575922136,0.589890447415973
KEGG_OLFACTORY_TRANSDUCTION,-0.269304320349123,-0.272686869879326,-0.227195488235767,-0.253623359476856,-0.26329994838537,-0.244929721382259,-0.233651270693586,-0.266396937948302,-0.25596538097861,-0.274805736843886,-0.267877571128377,-0.265576967602666,-0.255744832785209,-0.247710263361325,-0.264444873942828,-0.267476434507331,-0.262326483310545,-0.28616363834049,-0.280082682774995,-0.249495933819876,-0.253867711645953,-0.247365074029297,-0.268846244956077,-0.259152330060495,-0.258561642425463,-0.289711276109896,-0.27388617811574,-0.259745605369774,-0.281729093610192,-0.268232829064982,-0.289077020257508,-0.278326697088439,-0.275604601819554,-0.265002221304,-0.290245794454011,-0.279543485765349
KEGG_ONE_CARBON_POOL_BY_FOLATE,0.523189476376799,0.512395641901263,0.520996728870742,0.527938495873521,0.516170150421628,0.514974686802193,0.53736861036003,0.532275592299161,0.501129086086609,0.540915196675047,0.523104990541677,0.546437743649488,0.511924785176727,0.523337651779485,0.51705817410517,0.531089210618636,0.518206528461537,0.528697239168135,0.518824160919011,0.526732931331369,0.516006955304362,0.528480995766087,0.530184701170518,0.505040793943365,0.528348220589216,0.549337158585483,0.508295524136223,0.514473782309688,0.553214647797969,0.549356079812065,0.533993625680078,0.521647633150835,0.527786845369198,0.532596730287079,0.542276316530762,0.523185918300247
KEGG_OOCYTE_MEIOSIS,0.515817659007557,0.490677384048923,0.505909664960731,0.509216175754791,0.505494784770303,0.493303734539171,0.485726626793611,0.501170764446385,0.483131048616138,0.516674641314994,0.502439570664332,0.507354991850057,0.492839255090203,0.481767789935762,0.500947743796573,0.498534598974883,0.493306364943675,0.499093310514345,0.510436564232496,0.488808424278863,0.525453039440196,0.524237963140543,0.517965716137741,0.500550135859374,0.498129641477505,0.504611482999551,0.496373274541581,0.502559879231439,0.499546016721873,0.519791847527267,0.533128405011919,0.516017838506509,0.495551262483893,0.513439249153438,0.509829353517061,0.506873416354985
KEGG_OTHER_GLYCAN_DEGRADATION,0.54811938029481,0.560853770812726,0.509419697989138,0.470408053197251,0.505053710291088,0.543781685219158,0.478649170584184,0.533847310413968,0.542008893562125,0.520228244135225,0.539503098894986,0.509816421552097,0.536807659493026,0.55470659305361,0.53175808171354,0.515946819987172,0.557782927825359,0.525079311987062,0.527459911208816,0.502037017679604,0.528526360407458,0.531334684997664,0.534274655834616,0.538188467344801,0.527846730256451,0.495669961552354,0.520145250638988,0.516811263438282,0.576406691661962,0.528443230446421,0.493445867944996,0.506668072517763,0.56183547585467,0.522612685787167,0.521257312546864,0.542173065302715
KEGG_OXIDATIVE_PHOSPHORYLATION,0.445569217019102,0.443647083714742,0.470230825805869,0.469555384727121,0.459590427467534,0.461843570941193,0.464148844261964,0.461686909541524,0.445284205398061,0.445399682695137,0.474052151549871,0.478993366936727,0.470321148301441,0.46948482399861,0.470029334830152,0.451791703811833,0.461989331413293,0.472160356517992,0.459151791783256,0.469152667056462,0.451226749905792,0.464262699196836,0.468628106763747,0.462986380058078,0.481419380170487,0.46290171235821,0.458740678526133,0.456047290879114,0.470256106928188,0.453929501216308,0.467945686234971,0.458894687662252,0.478710076953545,0.474597993613863,0.478750979248164,0.456351711317714
KEGG_O_GLYCAN_BIOSYNTHESIS,0.363904007980974,0.393613399539348,0.377226484138367,0.299144760294152,0.372126311888078,0.349938103686194,0.298944674935752,0.359134965648501,0.35184175763032,0.3784190098411,0.378588619707225,0.309492046915613,0.314277978330939,0.392762221383261,0.390039954301686,0.348003858074786,0.39112624821565,0.38942577948872,0.325654040008826,0.341633219815574,0.347826119096446,0.368237714412736,0.360889026450255,0.359686132174682,0.33908051967894,0.347246563871528,0.350847211795132,0.350080441715023,0.380257062623632,0.373671958708083,0.321135311018771,0.37216544737679,0.39151255613436,0.33241257707666,0.381563557977504,0.386056178123196
KEGG_P53_SIGNALING_PATHWAY,0.532902338512201,0.53840105427015,0.560210687241861,0.524853270449863,0.536973983852211,0.546045654464755,0.502598890872731,0.54150568539267,0.539867533945205,0.557471136218258,0.549492005536955,0.555058165881196,0.536206620995425,0.515721337407042,0.556240088511145,0.534434452079125,0.555001916556614,0.551078238133589,0.535949322788637,0.513691293543479,0.555210003462821,0.551298314255866,0.535594287229602,0.538902805991575,0.508975588922924,0.551776857073102,0.524542729128201,0.520933773709162,0.559117888091739,0.561876764415076,0.552831837986728,0.517143811858637,0.550215797057337,0.524525558963681,0.531742207548938,0.54465664115075
KEGG_PANCREATIC_CANCER,0.591486821139512,0.594033439093098,0.59493140543371,0.573268038853959,0.596855020332727,0.587993015568468,0.580325320007144,0.577928322067497,0.583534632794013,0.586771613640348,0.588886346270741,0.588422509635419,0.583636744094432,0.577191900213838,0.603209272634048,0.55385832336656,0.596208994896237,0.588771676903271,0.578908181534069,0.572762155424426,0.605644758689714,0.610713357737517,0.57447013176962,0.591884553733367,0.571599947224772,0.556980402541282,0.585351508071081,0.570538183053216,0.610612143200758,0.59816385062682,0.581502276945018,0.574999997683418,0.602214959839446,0.584115278591928,0.579472805017258,0.593847715364818
KEGG_PANTOTHENATE_AND_COA_BIOSYNTHESIS,0.41863376055642,0.437720599307201,0.406846369880697,0.403310706694973,0.41965511128054,0.431587084185908,0.446421443007056,0.420975753951429,0.482694094980743,0.430719627452225,0.432314612027678,0.444742177681319,0.453898196938424,0.450195820620276,0.441971727632931,0.335264972556691,0.485925703747944,0.434288007817973,0.392446082163172,0.441860371621607,0.420876635664106,0.444305864194951,0.377122811440591,0.433255919380895,0.416501966735292,0.364040034048915,0.37508376151716,0.407102748315292,0.484773351539579,0.42639206710657,0.421886181046993,0.412206589812883,0.418152339216167,0.424596017882531,0.394400469088127,0.424417589475708
KEGG_PARKINSONS_DISEASE,0.473928561830763,0.472612716014172,0.490750395673448,0.499912144365391,0.480646970049548,0.491127649471156,0.486930519546615,0.492292103127033,0.477831245386987,0.481755956980509,0.498150430961798,0.501528694007533,0.494568375029904,0.49600587958153,0.492017845084212,0.474857786311599,0.486398988728745,0.497191326349401,0.489251189529832,0.491275679158403,0.479724056779287,0.487936446358095,0.49095008678535,0.488228964085531,0.498879785796883,0.482284049453666,0.482050631469478,0.484025328356054,0.474391087665917,0.480092547707063,0.494900094053079,0.486939420888506,0.497889571704223,0.496763820313702,0.503174384484813,0.48584722860981
KEGG_PATHOGENIC_ESCHERICHIA_COLI_INFECTION,0.571745566343737,0.592953590482603,0.582063583221295,0.570421930399656,0.593625757817757,0.577565631516698,0.572118979548375,0.573512873218345,0.582394866898358,0.578864211736006,0.593172025243393,0.570581181601337,0.566065152613157,0.588356839784424,0.600047834932712,0.552850745859495,0.581236704646381,0.568955645696318,0.56819704297752,0.569056786231765,0.578238632508238,0.600852867140121,0.555445896767302,0.577337207249144,0.567895565134578,0.534456710179697,0.569549498995624,0.562268031309609,0.577743111896947,0.59278317727552,0.578155247297826,0.56005510512478,0.576467802045773,0.567852789694659,0.560020698738454,0.565317702716828
KEGG_PATHWAYS_IN_CANCER,0.50674019871723,0.505299397878227,0.508405658786678,0.480504933232897,0.513120432613669,0.502103819976084,0.469866783719842,0.504623235332764,0.489738384068277,0.500428354437689,0.507511247764557,0.493016321276911,0.489524044067,0.501066993305577,0.51902619076448,0.498363886621619,0.510837421011782,0.504698499144236,0.487446061450973,0.481297939033413,0.510428072026301,0.511694937847632,0.500820321294421,0.512871285020433,0.490944429283258,0.470645399363424,0.510164967534469,0.488738601481228,0.517603576603209,0.512538121182812,0.497420148776912,0.503628960415413,0.51356204754998,0.496159107440021,0.493118983969277,0.500414221807304
KEGG_PENTOSE_AND_GLUCURONATE_INTERCONVERSIONS,0.145174612149017,0.145565100187509,0.242248536981799,0.171261763996858,0.169411557307693,0.19543249925315,0.216470671562859,0.176798674952376,0.169558013609606,0.179709882285576,0.154886575402918,0.16821564601398,0.198077446580734,0.192016048943699,0.20755058326066,0.163558574738834,0.19033991623805,0.161638137658709,0.145868914880595,0.169608434004852,0.162341270844121,0.1974221472643,0.142649095581631,0.173089956554449,0.17569419051289,0.159087785424931,0.11727631157602,0.159257579144791,0.149303891049626,0.170513585887206,0.145066759603732,0.115257784831561,0.140407543257405,0.178351194798499,0.142360255196442,0.160630074488495
KEGG_PENTOSE_PHOSPHATE_PATHWAY,0.532556212058722,0.560974417646272,0.558828392539744,0.523288737901127,0.516816185955557,0.573904858777987,0.568264665049338,0.561993375034487,0.538778832844158,0.542239126545708,0.556949497229293,0.518895537052895,0.541686231313687,0.54260037679689,0.576595952549203,0.528392120638564,0.552979318265516,0.557961776341401,0.535430884444069,0.553189366059993,0.543285609196028,0.566946008665973,0.521388551657487,0.544359015859362,0.554458661604414,0.505850053084706,0.512079014966652,0.527536613855498,0.543699749940124,0.559466853031511,0.510379176719119,0.52833834453405,0.559748055493961,0.549296300812015,0.525756123346346,0.549180349694082
KEGG_PEROXISOME,0.522540741186075,0.524299137050581,0.519497479814132,0.535285111956323,0.49359270409449,0.530177320296015,0.537362499140216,0.528141435319395,0.52162901096077,0.506130287952985,0.526604922920582,0.527969804904686,0.526566735197236,0.543053122440455,0.523452413443541,0.499010910909604,0.545121706537594,0.530802236303615,0.520937699652241,0.543540813207202,0.495976725556844,0.530073366277065,0.505572604506297,0.525123796291217,0.550382166936492,0.47261948271306,0.518008314278142,0.522388364370881,0.520836742401575,0.502246571514769,0.505303916344647,0.517269701489332,0.534560518780522,0.564259858325232,0.528358630674597,0.535980436703076
KEGG_PHENYLALANINE_METABOLISM,0.373924411854612,0.363402434396789,0.417210496319813,0.37977975501576,0.319612577825089,0.372050325751396,0.310305744214332,0.347876061515805,0.372173295332879,0.346927941696429,0.390669116990263,0.341390056270719,0.348126327655408,0.393350193827019,0.33065151897957,0.294304860768875,0.367431576744643,0.382110387395616,0.366403564125882,0.385032016384113,0.339167087984876,0.361496662811615,0.318511853315368,0.363109300143127,0.318390590186898,0.227840365521056,0.331791008076799,0.359749259301168,0.398566572030761,0.360707418893105,0.312208785260114,0.323525195500081,0.370006700207575,0.355500775333092,0.315193912191319,0.347607477062811
KEGG_PHOSPHATIDYLINOSITOL_SIGNALING_SYSTEM,0.52331785896077,0.534477919195694,0.498958334859442,0.485295375572466,0.519861305462108,0.513290853838651,0.527934818813865,0.510509114238276,0.503975530897254,0.498258227071861,0.506983074577278,0.49620747530225,0.501119677056945,0.513943384160936,0.51752333725263,0.49556436267599,0.521736381876842,0.509402395345253,0.488333041197782,0.529599525312064,0.510309953683067,0.51047362256176,0.498297759872218,0.513689474417971,0.517737754416316,0.466322518548413,0.497934800140402,0.515687633750451,0.505440597169562,0.512661198442537,0.505268177957982,0.515051561400119,0.527698618340132,0.52402613729377,0.498527160898319,0.522869451424348
KEGG_PORPHYRIN_AND_CHLOROPHYLL_METABOLISM,0.289347422515562,0.313031298555676,0.352755951443674,0.319129071836192,0.302614283745034,0.321313770626332,0.356938165351053,0.324494609422719,0.323118883874741,0.305724519048162,0.300935696512987,0.30692586125283,0.319005955754986,0.334629484124309,0.329974018032488,0.299594680570539,0.318107775222707,0.309788134631204,0.297354022084738,0.337599792847261,0.305761522268262,0.323556645900446,0.285532559248722,0.309538590136039,0.32429482755108,0.291212871438743,0.29243280143123,0.320121469780192,0.306297577807059,0.296599014473343,0.277269485516555,0.289258567849072,0.299174265063452,0.324346615843569,0.295350960626696,0.300346775463604
KEGG_PPAR_SIGNALING_PATHWAY,0.414755237801968,0.427491839166489,0.423960497050082,0.40717510836177,0.401819800909374,0.414664161168199,0.406934515868329,0.425249648855062,0.444858707275564,0.401651780736688,0.435538493254979,0.421278154279343,0.43334306744131,0.455300521479577,0.428507575038317,0.387341082981175,0.454582867138751,0.408311612165565,0.401873399016732,0.428519199513056,0.407505609633905,0.431132784866477,0.412157836088008,0.414252178870377,0.435446206492507,0.340839738244958,0.397336206652651,0.388071127216185,0.408883401384215,0.393565096397048,0.391942056151029,0.410025304124956,0.43935360830793,0.43061541187748,0.403966772336914,0.416565195434346
KEGG_PRIMARY_BILE_ACID_BIOSYNTHESIS,0.34647060151581,0.369765474070628,0.342146691872211,0.362990869242421,0.301684911842476,0.336756780709475,0.345334433547162,0.402248888290906,0.331356579036253,0.330817155539219,0.327158616018158,0.350038070421047,0.363369347424691,0.413482630252371,0.33776875461734,0.297439553289067,0.383942983031679,0.363715629208419,0.343991813847059,0.358223586772846,0.301064275940535,0.355255574672545,0.342373920592682,0.34043030581116,0.387691648962442,0.228180967430403,0.313918597734035,0.37478765820686,0.353813883725922,0.325920329038681,0.250351366055638,0.326756729787631,0.3795528941455,0.374170512491669,0.357748158195414,0.370209220519468
KEGG_PRIMARY_IMMUNODEFICIENCY,0.233198031009163,0.376771076121498,0.309935191784123,0.25366646322606,0.312763674967198,0.32336884942734,0.210986383751925,0.257661506951877,0.452952754101615,0.308142985595949,0.354373986045877,0.336781109480826,0.298227018290248,0.352874164557247,0.378799120649062,0.257460996518645,0.366484793624749,0.32840471380805,0.314876489499094,0.325961315429589,0.337211916659941,0.327307918864182,0.231833531635915,0.307373712461847,0.286472555939733,0.203289276773541,0.281726137354279,0.289213145400645,0.442239995671961,0.331454697380138,0.216650813430222,0.239981394067772,0.30961153547052,0.293946256107485,0.214082900292279,0.233182108671296
KEGG_PRION_DISEASES,0.542342343392786,0.574541070284626,0.568144098373785,0.530868068421946,0.545541322107058,0.57194651570568,0.51859733228123,0.558777113211138,0.561786479181939,0.544355062537703,0.560218902780046,0.517659058999535,0.560774134763733,0.582536830093061,0.586123034039072,0.511848614988447,0.542948877399358,0.550513357664001,0.546046597595346,0.544338678942895,0.561241994313452,0.564304375171776,0.528160523107037,0.557202565574093,0.563245996082461,0.498929090425065,0.553257676532302,0.554534157729784,0.561956668588165,0.557692033338225,0.529949456341259,0.545298820719253,0.568545082354986,0.553044783651124,0.518634889127129,0.558605936473092
KEGG_PROGESTERONE_MEDIATED_OOCYTE_MATURATION,0.519673233119846,0.495241834574238,0.510863915894979,0.509678119083892,0.514025536984264,0.495670051026933,0.492035902339628,0.510533334269008,0.485042778699818,0.528529022998935,0.501966507645701,0.516796530542878,0.496318646320704,0.491751233031703,0.513733783529649,0.509913820873622,0.498136564017146,0.504763596459145,0.512928077537227,0.486113449173224,0.540865923792171,0.538022519742657,0.518451557154341,0.504287728548774,0.50449108123695,0.524028430430284,0.505574534242649,0.502128899214708,0.514403793676179,0.530825638792198,0.551734221936147,0.526243998250388,0.505715197308403,0.511686787001103,0.522687973148726,0.515090412838069
KEGG_PROPANOATE_METABOLISM,0.53963285956605,0.540552757074872,0.504879324856233,0.528964458962284,0.503152073764814,0.534669497670858,0.583451153312323,0.528155825537515,0.502658632038354,0.526347190598074,0.550663295642271,0.555238850572615,0.542722965485097,0.536232967118034,0.540422236977426,0.516514654052196,0.544681236329854,0.517066462822749,0.518440105951664,0.581095710061951,0.526798896291743,0.549934711896483,0.505268989246602,0.545713462780454,0.548597525622311,0.522435532897459,0.523597249902362,0.551965286294102,0.525272685224287,0.540635841274812,0.527294400701463,0.564266482757075,0.568785611498636,0.580475632174043,0.55545961690712,0.561879758848471
KEGG_PROSTATE_CANCER,0.562386300080124,0.554585315420042,0.541228058093797,0.534269565249194,0.555489206622133,0.551346533920912,0.540204437741483,0.542890254112041,0.541528079105433,0.546459846093083,0.538025558619262,0.531571657141507,0.534069042017281,0.542467234928117,0.553938778583805,0.548151315838715,0.566769253046532,0.542299503747155,0.52514906559394,0.524826730358827,0.560081882793653,0.562638619437288,0.53405024671993,0.568005589230547,0.5305953754596,0.511736068735174,0.548216100742761,0.538774926835241,0.555247242529303,0.562016416215153,0.534934798558187,0.556352724873343,0.556687027517259,0.541445663844333,0.547686024822292,0.551705650950633
KEGG_PROTEASOME,0.573266847369453,0.59516594415854,0.584667482956238,0.575006343152901,0.587016159188189,0.598811700639939,0.582633228389705,0.574837708005117,0.577973576188767,0.599466674340192,0.598828821128474,0.591801824116586,0.590157615844093,0.598973931569326,0.599518304820465,0.571691828558959,0.610136486067966,0.591406978901663,0.582849865192356,0.590253071551095,0.572898960018256,0.579861763352425,0.58573541400548,0.567295513066574,0.584218547288793,0.556694082671171,0.562033432743237,0.571925925157262,0.610148085458385,0.597747274591872,0.575757880466407,0.567523315645083,0.579429277922771,0.589456360196285,0.581929073516684,0.578351539191057
KEGG_PROTEIN_EXPORT,0.65280415138962,0.668282817999562,0.67133254468308,0.657263612205564,0.657467342328163,0.672101286230472,0.653318571813642,0.664138392448251,0.669428576838871,0.674737386237895,0.661594114300677,0.667448668433714,0.670282263063576,0.672879879627269,0.670392834272272,0.657453887089112,0.672739008816133,0.662008281144955,0.655303105546275,0.64922554223546,0.65623999636113,0.671606050524222,0.657660958583582,0.669670343415433,0.655276732168089,0.648679861829263,0.644987175778494,0.663035039755053,0.639217033000355,0.662854786892977,0.661262985241249,0.65222997563409,0.663069043033972,0.676360537585687,0.661340424243814,0.673424783378991
KEGG_PROXIMAL_TUBULE_BICARBONATE_RECLAMATION,0.531629571323344,0.511937193275308,0.523286249595717,0.483044081377624,0.534826858879136,0.478225928105896,0.519053004150691,0.544607190285348,0.482300498016124,0.508336292213018,0.527986864621486,0.530045372694828,0.52833187496279,0.500560380126107,0.515113006160436,0.544822168123459,0.526685527299063,0.516769060958915,0.541529279692233,0.531459036988247,0.515646961261598,0.499618299861043,0.520856888678863,0.515385127334394,0.555620007938647,0.488902614558358,0.52480699167855,0.511386276626685,0.45972878141291,0.516811053688239,0.517671107205002,0.549607792503654,0.512792032964138,0.504865368236311,0.52300958875929,0.508934729137786
KEGG_PURINE_METABOLISM,0.487047918854012,0.479236793603306,0.483849140003764,0.497197277575403,0.484920611834534,0.480061154583216,0.488727965495103,0.492446946964342,0.473338497616827,0.491578935605691,0.485138095516177,0.482815192626789,0.479486606752744,0.487286727094617,0.483315319607294,0.487527152295354,0.482230890314232,0.481039409755053,0.475814797324099,0.490871131616242,0.485021754254974,0.491754835362469,0.477457827416469,0.485636404885408,0.49154839619985,0.486989499100012,0.476035833502965,0.469076647972823,0.481306196847787,0.500651271261505,0.49019041305502,0.495274179827423,0.485798211461318,0.490449008731536,0.500615456089304,0.490280581282762
KEGG_PYRIMIDINE_METABOLISM,0.539173204036161,0.540814025056199,0.535124804026704,0.55385011092831,0.541441412217727,0.541040199901135,0.545423446464183,0.545522231781473,0.529006192871085,0.549986547890293,0.543196391063334,0.555339330038351,0.542436108665557,0.542076924570089,0.532380872447132,0.549909882745265,0.545641956717999,0.553778107392283,0.543077383959392,0.541171872802266,0.552243738704746,0.552720662498909,0.543337185813359,0.535654782361519,0.540041026218458,0.553558885640796,0.531433175099486,0.52485269235925,0.563856766428343,0.559744573136839,0.555962125624517,0.544872324288049,0.543597044128234,0.542225867631144,0.558665112956251,0.542669375288426
KEGG_PYRUVATE_METABOLISM,0.517892188477974,0.523422057985741,0.514937776603518,0.528027708614736,0.506862637120479,0.496451874541734,0.557291472378506,0.520056423636239,0.504944090313103,0.51902157356847,0.54289209318859,0.547145152822307,0.532585185286505,0.531885952982718,0.511843024447642,0.507347387065032,0.534845256391542,0.51747771401993,0.520664919411432,0.555628584477693,0.513987922523702,0.52731860677537,0.514050648720789,0.519404958047846,0.540388020244395,0.536146281032262,0.532311973793628,0.529352360967462,0.502665755683064,0.525619428344558,0.525819209285492,0.544948371886948,0.533801610882541,0.535870092262618,0.525049877363998,0.518663878281443
KEGG_REGULATION_OF_ACTIN_CYTOSKELETON,0.513352089132433,0.526519541031043,0.510494379775293,0.485470918761137,0.518565458303022,0.518832441302916,0.493764873894726,0.508691457256327,0.505666255744545,0.517443838788088,0.523244366198567,0.494119647438071,0.496384076956423,0.51690330174272,0.529497958175259,0.488416693047188,0.517226629172247,0.516366724102549,0.503103189250852,0.50800927084498,0.517399654692736,0.522732525032634,0.504736040950977,0.521290692671731,0.511931813703256,0.46888948723199,0.519415248426837,0.502205128550784,0.51863280550554,0.525538063999174,0.506610120253089,0.50149715118338,0.523187994266916,0.514063985195223,0.491308474846285,0.51003573172753
KEGG_REGULATION_OF_AUTOPHAGY,0.23051288384122,0.259617360500045,0.256223516200081,0.25529241035557,0.238709247357861,0.254864750144118,0.2547860047816,0.234029743970792,0.241111330938687,0.251729861513352,0.239281357711427,0.241534204012124,0.258318238922981,0.246576300219189,0.268168874993936,0.231656302755425,0.273719834982385,0.23023801720584,0.269942070088962,0.243001140749001,0.289979645197947,0.242920250592322,0.236555489487585,0.246598386088861,0.239741426586075,0.242036425194873,0.236580831389354,0.245133894418644,0.257348924420305,0.258424531974538,0.244360871162104,0.228764738906733,0.249155366968654,0.252691760395199,0.242151191436867,0.252726589791442
KEGG_RENAL_CELL_CARCINOMA,0.61044982125924,0.621171792042369,0.617718620044597,0.580626885204868,0.623191383926608,0.612011049626488,0.596093284784491,0.613799553244964,0.597058389211551,0.607740575700261,0.608366998961792,0.588363472151664,0.592358061031574,0.600887470109269,0.625344686132751,0.58427141198822,0.62052205391326,0.603777944242342,0.584055631941484,0.599829619043001,0.618951916605303,0.620089774006545,0.594499679140336,0.614708340770158,0.595900182535233,0.570410133637448,0.604145996435812,0.594117463102551,0.616991191807979,0.627004924869568,0.612252675088866,0.592762425793964,0.630366855583574,0.607566709312294,0.591609419420645,0.615694488086319
KEGG_RENIN_ANGIOTENSIN_SYSTEM,0.245907575459676,0.219226594915259,0.257881172232084,0.16781344871411,0.298099726962415,0.27392060635771,0.193821472632059,0.229038617424794,0.27686952371795,0.204211002299092,0.193293738793152,0.20426358649045,0.230083255724348,0.226628401170455,0.283467040437976,0.224186910843398,0.249596333456266,0.204165552759042,0.155126021720364,0.255982473685969,0.267606581336498,0.264770923320795,0.199535367063488,0.235314505673813,0.203907047005452,0.231483039139525,0.252915476047051,0.162923527732622,0.219750180171317,0.24181293119801,0.189696187902252,0.207212147676485,0.262473098417293,0.24130130448195,0.145596494370683,0.199555474993724
KEGG_RETINOL_METABOLISM,0.125542364878519,0.115991153321936,0.144987552695838,0.115649110865435,0.120799164746278,0.0876792258637242,0.147553525817486,0.109766839262337,0.117882924948094,0.109370659607551,0.125029459709279,0.112744985965406,0.1138487964992,0.0709526818838966,0.149278746561432,0.0981296794519006,0.119499282876108,0.108697344855349,0.0926625699919598,0.111584371634296,0.121362716755523,0.107988623219632,0.0885546365598656,0.115739631113682,0.120284834915299,0.0509664403924106,0.0752947111603202,0.123185106537795,0.057487642540701,0.0935666746910181,0.0782099192187625,0.083171664856442,0.0989920531581358,0.11444385821644,0.055829580116353,0.11695466636031
KEGG_RIBOFLAVIN_METABOLISM,0.455771799473665,0.467855157260761,0.450726890834257,0.450801150395647,0.445072625863601,0.486326733940076,0.483074326340125,0.494972983065477,0.480145562426199,0.494987007930805,0.493214061566574,0.454711457794542,0.498321738406871,0.46230973149486,0.497118547882245,0.454669631495828,0.52407777202137,0.487812632868212,0.441832210777105,0.442558723989062,0.460505473832109,0.481035541900882,0.418843440829309,0.51605440868066,0.45905669800057,0.478529325703457,0.43172840933515,0.44059029502166,0.487519715971815,0.460386985305422,0.490176887335371,0.429980907167344,0.460716406880894,0.491260095026938,0.458506762773488,0.471205744619038
KEGG_RIBOSOME,0.692731819672752,0.696074558179088,0.700644552458681,0.703267820179056,0.70192494827375,0.697722391676065,0.706678651759658,0.698218626114501,0.705216421686635,0.68450725951326,0.70672789063265,0.69011211185437,0.709614176504894,0.696369096693762,0.695843905933479,0.700261797464678,0.693971803401093,0.69851038093011,0.709754205545989,0.701312109058575,0.697260838505095,0.702159528798196,0.699478822012901,0.696659475379127,0.698215269022332,0.70368405858302,0.699584135746636,0.692519815905644,0.701468020592051,0.693149497161863,0.686649262096332,0.693367291981441,0.690627591332131,0.706153741893248,0.705758679590664,0.703707865898322
KEGG_RIG_I_LIKE_RECEPTOR_SIGNALING_PATHWAY,0.352833472603703,0.365571065870343,0.349260333106791,0.350154485922352,0.349980643910249,0.359363070423964,0.354120106319245,0.324307593542486,0.371399636939436,0.332845186678933,0.354420147291059,0.337460422989971,0.364136932110991,0.341572006196295,0.370664836652359,0.303689656642369,0.349549769086195,0.341773460988152,0.360992720925232,0.356271031750203,0.376241555168868,0.361852873699656,0.345723606989285,0.34869503407966,0.350760633499229,0.315396620872588,0.353629195307737,0.342279952814055,0.373988380307356,0.337932260027826,0.348091369722488,0.325732672585505,0.346645050686955,0.354000410550224,0.327851523888907,0.350801460747442
KEGG_RNA_DEGRADATION,0.555552358823888,0.544204081219529,0.558914246548436,0.552860841782988,0.553690096976118,0.548642461763828,0.549123842165831,0.551380561393468,0.548469142090457,0.571255299667887,0.551503270376806,0.553788218132403,0.549499983332707,0.538883809614055,0.545360411935095,0.567822039613921,0.549288374963727,0.538108554503971,0.541591491000944,0.538324617385912,0.560591781432157,0.543610231737575,0.537958483658746,0.551605345184403,0.528047694446164,0.588229148512059,0.540712099309384,0.527693211908431,0.548978221123919,0.561325380880465,0.568057314484477,0.551228001925341,0.546153773503979,0.540041490613878,0.560022212555985,0.548190198251712
KEGG_RNA_POLYMERASE,0.592240361464266,0.596194910649363,0.590969017247451,0.609874993715367,0.598703427156967,0.602640351011273,0.609486182173115,0.621581276122823,0.59463792915026,0.605543052274025,0.605443618307311,0.622864074024168,0.60878559234617,0.605770025496596,0.577383884821949,0.637249368669891,0.594961264821104,0.610207590637629,0.601334726651361,0.596285667050887,0.603854924627337,0.602060063991281,0.608752488516481,0.592639183763436,0.59790467018007,0.621161616483276,0.601771161735769,0.583748669581594,0.611483821450795,0.614546490378113,0.614968129396111,0.62455223430857,0.597852384323623,0.598200391389817,0.635891397384088,0.600193573763661
KEGG_SELENOAMINO_ACID_METABOLISM,0.530625131630486,0.514805277047123,0.52046828624866,0.502961015581825,0.525573255718022,0.531998531648541,0.529121952087961,0.51929391811228,0.527677869098612,0.525704353904256,0.520044129756353,0.547771177514047,0.529191143169713,0.553625000328491,0.527193482513572,0.53738857129614,0.514450839864812,0.514481027252652,0.515106964191517,0.512589001533839,0.528340696588277,0.519520746345659,0.526553588885923,0.542249850186011,0.529671296847888,0.527837620623349,0.557803038007769,0.507563433109382,0.528136285453919,0.538233564562869,0.520127239851418,0.525198567285762,0.532545207185102,0.540038937482675,0.532329345973285,0.531159149696901
KEGG_SMALL_CELL_LUNG_CANCER,0.529099816313516,0.536844300183106,0.546920924865495,0.509932337805568,0.557358744925938,0.539532480513985,0.502014765935363,0.525992312240345,0.529047479136484,0.537363340340909,0.534350505014679,0.523816529478538,0.530561623493448,0.525472157315802,0.549175483671763,0.532326760275161,0.544898108546263,0.537206137727089,0.501123032714296,0.505015041190594,0.558649441459449,0.538340060832706,0.525240624620007,0.534489052138607,0.510975271038113,0.526317528492106,0.530676553177699,0.507123606163503,0.567045057667993,0.563207271811594,0.538074132211801,0.528759252722504,0.54711620944836,0.516020335163339,0.519866548614932,0.519831315049559
KEGG_SNARE_INTERACTIONS_IN_VESICULAR_TRANSPORT,0.573316424647763,0.593846116222282,0.586320848087557,0.576949058803954,0.570595118915059,0.576678255712013,0.604176844186434,0.573001346201308,0.585501883158061,0.567685153684784,0.586471162797388,0.575809741570716,0.574462097686385,0.596798163689406,0.584136347402134,0.554076164782354,0.585085932640065,0.571677010669425,0.582405906238237,0.592440510477711,0.577510064476673,0.581836844312033,0.563765205877146,0.579740560438507,0.589382240025549,0.566564459382786,0.560814449887843,0.587665404535571,0.590875707746878,0.571318851945111,0.58268370001438,0.57086802523621,0.578833647288195,0.584032274882608,0.578037741458627,0.592285970162364
KEGG_SPHINGOLIPID_METABOLISM,0.494666397872341,0.466094621987028,0.450158391845818,0.452731612098692,0.478507009309324,0.494356619370979,0.388941555099778,0.474857318641185,0.487741769778462,0.479156936762008,0.481125898888668,0.468685767936205,0.48537165826473,0.469084742124264,0.469321128356353,0.471037427338733,0.494421551252064,0.45742577266782,0.462669367119146,0.405983131189526,0.494468753132638,0.472973716578549,0.474802865135693,0.478058056790225,0.459899427143257,0.474735732283252,0.46651348643085,0.472385864142799,0.49680546568408,0.445772367091678,0.456349998733713,0.488163322254393,0.494155810495273,0.469781910275605,0.476994711063455,0.515469745131143
KEGG_SPLICEOSOME,0.647464970656679,0.648101328445348,0.653894648815591,0.651468291123434,0.663850926241642,0.648327163528775,0.65759548739549,0.655565709046831,0.655368450241735,0.663956332702983,0.655706268026149,0.659157297446646,0.65747868364197,0.644215139640395,0.65580682087237,0.659456333355459,0.650182229355298,0.645658725558801,0.649030173253822,0.649846395130532,0.662378481971911,0.65570960114198,0.657040704734696,0.649630446571219,0.637109128151745,0.676706488423142,0.656598868951934,0.650165530774615,0.644820155922482,0.657136143078224,0.661193945364087,0.654673837989976,0.64209867550838,0.644205405590392,0.652846919636732,0.645261779893317
KEGG_STARCH_AND_SUCROSE_METABOLISM,0.24455887648919,0.269600839326259,0.328521176514334,0.261901862004651,0.265132841936294,0.276982355676918,0.29702765686109,0.266025691933399,0.280558447155917,0.263333949825382,0.256465936380166,0.236072682110114,0.282034162468474,0.283606581590122,0.288015656951799,0.244742407951083,0.275942102630981,0.25571121728096,0.245530333467939,0.273359038061373,0.258193839993523,0.26757966242856,0.238907140864583,0.272768268871845,0.268150691609893,0.232930501431061,0.242557485311686,0.274269287563706,0.248593812081851,0.246252397421316,0.225553947895901,0.228415402203705,0.251966671430205,0.26875394386469,0.225336983474824,0.258630644470193
KEGG_STEROID_BIOSYNTHESIS,0.530861509053741,0.559444034321539,0.502908021878373,0.525149833577362,0.522191879543897,0.521725265778444,0.484763029922119,0.510341394671213,0.485390046045985,0.521231114411762,0.532710377937507,0.508065644949953,0.491687868799955,0.550031329605489,0.536059983262597,0.500738364312728,0.537644995804656,0.576210820127589,0.521032364819965,0.513316228222205,0.544012389332629,0.5332279958683,0.557616716902239,0.508929520928533,0.571925379456862,0.519312225867552,0.539266887387354,0.523854520754239,0.551762946826205,0.525052794726178,0.555697854794811,0.541986509382036,0.547661217821135,0.534140480786522,0.55037928945227,0.54526847534497
KEGG_STEROID_HORMONE_BIOSYNTHESIS,0.0779906639683924,0.133505394696332,0.157235326584015,0.13377306533945,0.109204126904223,0.133994639698938,0.182495252303734,0.155555319529617,0.155850874577493,0.104798454762016,0.107618302687019,0.0933079305906523,0.130221728829044,0.161210080205062,0.142816296207137,0.0606193532900104,0.14771062115874,0.136862955347201,0.107729731448349,0.137147550733037,0.0868243792940153,0.12875880214452,0.0989105312926157,0.121361576895941,0.13125256668009,0.0498273443728054,0.067973712566117,0.124111543839323,0.113437786897549,0.0753333906390221,0.0637128369208807,0.088325597332436,0.124239233840388,0.134258477819695,0.0830163535973892,0.10720204170145
KEGG_SULFUR_METABOLISM,0.362316609954307,0.38065394723994,0.330991784091449,0.294471798615117,0.347693039513707,0.368807156341982,0.338441396242984,0.384037497589079,0.396605033656424,0.253844071898855,0.36152315089852,0.33993074494509,0.419800015293211,0.415644962898048,0.338783403019028,0.364398501705122,0.396962367694501,0.429888965952851,0.366007843010362,0.420988306674333,0.374058776404451,0.326098300320381,0.362182743023076,0.383995574922458,0.344712532120985,0.389232418549057,0.348395160591999,0.387738370230963,0.343932567795735,0.339156013312993,0.333692100043308,0.359395136825099,0.35611637939568,0.358335171207151,0.352072657180182,0.402260919221515
KEGG_SYSTEMIC_LUPUS_ERYTHEMATOSUS,0.364147963978337,0.46273628996855,0.404080535957434,0.328289210617375,0.348144758311375,0.418579830805272,0.342910429034103,0.401718925159596,0.514662628633499,0.376599977327074,0.433615298813769,0.379464081269018,0.423922638077003,0.471451921639717,0.449220962403045,0.310209169668617,0.47058050740712,0.419108287549755,0.400850537891682,0.415442603640993,0.352395768595914,0.420466705500447,0.347899769221921,0.423426517900335,0.403037216878955,0.22390349161988,0.388918059714516,0.387236388717078,0.487177223609755,0.387885144112665,0.320536464637912,0.322366240991182,0.425968144285849,0.389883443726331,0.285108300600689,0.371269400896476
KEGG_TASTE_TRANSDUCTION,0.15053836680063,0.123115317703081,0.13230271248034,0.108475393313122,0.158701491137165,0.159021820755012,0.11065054097348,0.15866049890391,0.0692290375571269,0.176093044925538,0.163592223558911,0.161166528837156,0.132880969867004,0.146427872583925,0.148913209891995,0.156223433485189,0.144838476102302,0.160785149949187,0.12575110327844,0.133601708835172,0.15308177597234,0.175418036224798,0.135346672767169,0.18904525142008,0.13906437624393,0.207059280471371,0.142663348459318,0.162307819805111,0.111301453088081,0.135577509512837,0.183918200734051,0.165010005252959,0.166725158278781,0.169043928312944,0.150283223015865,0.152887129700534
KEGG_TAURINE_AND_HYPOTAURINE_METABOLISM,0.388265451190814,0.392649321883121,0.388977386123713,0.374639131980438,0.437846244856612,0.391311751438835,0.323698052636503,0.364647007132085,0.328332500899441,0.443459673550868,0.436760846258556,0.381670102471798,0.388233099654778,0.438514276154401,0.341197947052343,0.383297483095591,0.365444480091365,0.362887269409826,0.413988880933702,0.318674541172464,0.501531285765163,0.373540577741875,0.444788335771142,0.404932746163592,0.413448986258547,0.383756538056038,0.430101822671829,0.371193556168906,0.330920160375151,0.393751259288411,0.436076003049387,0.369250373911055,0.379564856057765,0.338341971786817,0.362842506619128,0.369024008653285
KEGG_TERPENOID_BACKBONE_BIOSYNTHESIS,0.527072159336812,0.510462255532227,0.490666658888644,0.536662957809222,0.540542887982522,0.501500446621365,0.566551068675853,0.506272793904164,0.475218826761218,0.542143296935918,0.494780955367035,0.501469100658269,0.508733073687915,0.515533187682765,0.517307913885175,0.501694311301185,0.487449059554006,0.539168127219629,0.510100179026182,0.530454638198159,0.514987964949402,0.565010815672201,0.525777132203981,0.522445576775047,0.549992115935116,0.504289928588555,0.522044908071169,0.527030538566467,0.500017906524845,0.553437752589358,0.575738372819673,0.559760300057372,0.512839962421632,0.548083202025703,0.579476240187142,0.557036279661668
KEGG_TGF_BETA_SIGNALING_PATHWAY,0.49358245365497,0.511534981086341,0.499019258700978,0.473865037200628,0.513900921043891,0.516593152373077,0.460067166924806,0.492411655535013,0.487685244539309,0.514876887393322,0.521284502145637,0.458947800012963,0.498454172304295,0.506990646002567,0.509329331811109,0.491882345546032,0.515195208172685,0.490932117509783,0.481511837210858,0.480175549810178,0.500166420582477,0.516743927081561,0.496971328770986,0.502330631808328,0.484975051432949,0.475335958598106,0.516063634167313,0.481929936709745,0.521597412829474,0.514425272223105,0.478778193918874,0.502802491506171,0.492845549145549,0.49319106243705,0.479022386774015,0.516298230952172
KEGG_THYROID_CANCER,0.576476942645404,0.589428435291618,0.585035473697632,0.594437253496284,0.593585986082441,0.568338950279447,0.576728302668471,0.575711786490525,0.587574940399029,0.584066634386918,0.583320164102848,0.564573375580463,0.558436936980236,0.57745105476742,0.606207527722638,0.578984085588327,0.578548586263198,0.564952098719303,0.5694823164376,0.556911293184416,0.577586249710714,0.587544320726214,0.588024754227745,0.585384303055339,0.579268928198881,0.532580742241245,0.590724600653234,0.56908828763226,0.562516736136901,0.588504693564062,0.572274833898163,0.588590340225182,0.574458345946786,0.575037306415345,0.579047459263552,0.570441757493883
KEGG_TIGHT_JUNCTION,0.450422827226022,0.44405644777763,0.431055033660805,0.462099388938408,0.454753831497592,0.444840876575078,0.448596357897035,0.464260369298127,0.433304140972115,0.449243480921521,0.447657947551178,0.43450137996347,0.439677636023037,0.460130236729628,0.455448606831351,0.445315560127706,0.438286318668852,0.443945081033746,0.432050353300264,0.447416236193923,0.454066301356962,0.449322062291755,0.444264307916415,0.455886207585734,0.465308029474635,0.422137603388403,0.461672210361371,0.442734917331227,0.429710330622293,0.446047801236431,0.429337000932716,0.462527572193256,0.453336007351378,0.460126730541343,0.447246073137701,0.446091667851313
KEGG_TOLL_LIKE_RECEPTOR_SIGNALING_PATHWAY,0.415250721721573,0.467313724740945,0.424370609797823,0.397839257714397,0.414324353577909,0.437005829984412,0.396130184155764,0.408619103208058,0.469220274491154,0.416296750998427,0.444925289950202,0.413363996265484,0.438321081387622,0.457325237943967,0.465027410363802,0.384738922517828,0.460241434267468,0.43212793171778,0.434036815741949,0.424643239296582,0.446471395184174,0.455876001314094,0.40140708263178,0.430878882067876,0.423362439171017,0.361793488185009,0.421963997314045,0.411598142587303,0.486634145623438,0.456018958349856,0.400590059445407,0.402635441657432,0.448791465057877,0.431399397153094,0.400946789675975,0.430022912821173
KEGG_TRYPTOPHAN_METABOLISM,0.383777334301745,0.404357969192184,0.412688415524615,0.395004790366722,0.36089631426826,0.396170096411355,0.440431985756355,0.385051618292185,0.430946234752312,0.403311593049139,0.421066974938364,0.366252479499402,0.38557287814922,0.418627173062636,0.419477094397289,0.343870329740286,0.392448803068023,0.41022227543255,0.38031420733967,0.400905155969987,0.378892107655642,0.432305159457933,0.3724601666259,0.406631334897628,0.393637595772316,0.345604817616322,0.371319339789126,0.40270138603523,0.41456083919,0.380763404545632,0.396961049370766,0.360973136133346,0.402808237240686,0.407163525154262,0.370068608714059,0.416034418897914
KEGG_TYPE_II_DIABETES_MELLITUS,0.411154359936008,0.432202399822359,0.432261975525734,0.402531708326516,0.426613835390088,0.407719312556529,0.40974233726744,0.415911192882559,0.421176506672198,0.442763296140958,0.435336021655942,0.395198970102571,0.414146298858729,0.438233763220242,0.428955132118915,0.41979227955982,0.437662412479594,0.427651889872852,0.422543284700419,0.448933092860547,0.436661444182924,0.443015500932385,0.387007804164659,0.420018212299631,0.441934735874526,0.412897855788135,0.426590481632843,0.430216067167641,0.424789413595253,0.44869197213734,0.43867425101449,0.4314676626398,0.465870476950515,0.430439381695597,0.419598354576578,0.419832426343758
KEGG_TYPE_I_DIABETES_MELLITUS,0.312659436601739,0.418575285479774,0.355059756650752,0.303414270687041,0.309075141396274,0.380803377899901,0.297781602964602,0.331737607074796,0.419361484192552,0.353815618230716,0.413951494223784,0.337308516732233,0.363112043235115,0.417331046497037,0.405210151277345,0.269989253751826,0.417302533125089,0.361749764851279,0.387729648048813,0.366087946557713,0.342729649756542,0.384528441488128,0.309683923007331,0.381221001754213,0.373901932903457,0.20807512220557,0.320509149331542,0.356051835190428,0.460002610659766,0.377962033692965,0.296386937134078,0.300190481726243,0.372114771645577,0.355851284708586,0.25861048883961,0.360263033483764
KEGG_TYROSINE_METABOLISM,0.296137197790253,0.284586845392644,0.314076306824943,0.302305836145898,0.272373448015333,0.304262564323534,0.294193717800098,0.325835742998754,0.317293949608741,0.326839854465739,0.317364484828396,0.289697656957398,0.296776885018921,0.325811471620924,0.294300905528757,0.26311825925578,0.313229454023453,0.292650572073407,0.30266650463999,0.298820268624169,0.289977079274816,0.300749306629943,0.282936356294176,0.287650919154401,0.294130025159328,0.233098420728388,0.2941483985664,0.29574239060767,0.286207172125727,0.310517694270736,0.276659239935754,0.254157493839326,0.304113354165672,0.305341718179217,0.285025091808976,0.282906816619946
KEGG_T_CELL_RECEPTOR_SIGNALING_PATHWAY,0.440891773487196,0.500542138931573,0.469665045908856,0.436501666731221,0.458013348082595,0.469752138603806,0.440237075836816,0.439268001942291,0.510614352873398,0.460247011418317,0.489873400765721,0.452336538447372,0.462574704836429,0.486503720808686,0.492821470668874,0.434611829834214,0.502568663780214,0.463982198708396,0.457712594781715,0.46202165761371,0.471662168639258,0.48518913674956,0.433858737295493,0.465323673036479,0.449878161355662,0.427857658153175,0.456973527484598,0.449091098713691,0.536507047614792,0.48312587211327,0.452817822331391,0.438774538929801,0.477242918416139,0.462246614063886,0.431617030373041,0.45125058168612
KEGG_UBIQUITIN_MEDIATED_PROTEOLYSIS,0.584596733562273,0.586790882283996,0.579562546107227,0.5810592652505,0.587716730658977,0.58472825359027,0.579101475016027,0.580529550799132,0.576365459910158,0.589688666341911,0.582312759358586,0.578329278042759,0.574038505085729,0.569800305973833,0.587035763532636,0.579162321737934,0.585538247147922,0.581089015301773,0.567608436785352,0.569843114617141,0.594849175152579,0.584230509257375,0.577923216381788,0.581189338996571,0.566363611318857,0.588408016125409,0.579531355239726,0.567374258236271,0.587575337713224,0.598101553595805,0.599870862939504,0.578303894186317,0.582384929821166,0.579681911135324,0.578924795696426,0.590574474960449
KEGG_VALINE_LEUCINE_AND_ISOLEUCINE_BIOSYNTHESIS,0.514656941652757,0.494647621072447,0.523887765092115,0.491799824088801,0.549205990362962,0.536497361427407,0.500010652533025,0.518267915605765,0.495636717037796,0.527785396581955,0.508309071766424,0.539508402586884,0.533685321669152,0.513452338312366,0.502753742121404,0.5336887453346,0.526435233915189,0.508948015787152,0.492036734647126,0.508442715516567,0.526658548475425,0.514109115108132,0.549567774153029,0.504367699441707,0.521200954233554,0.511619599053473,0.497366559139555,0.479562619239172,0.510837897516053,0.538335877852023,0.53786144596854,0.507020030246444,0.501040978915573,0.493501573914584,0.539424542606701,0.516659397443102
KEGG_VALINE_LEUCINE_AND_ISOLEUCINE_DEGRADATION,0.572105560755149,0.558322329510175,0.573421876052806,0.583821758698456,0.548242842925137,0.556234960404199,0.611498004699791,0.574886311262676,0.559517928780798,0.549902255462829,0.558034049617383,0.571511021130635,0.559901189705727,0.578281667917736,0.558626292241786,0.545793721513112,0.566725199755339,0.556053575087912,0.549924776590651,0.601128769628809,0.553708697011898,0.580745300149486,0.562409983425451,0.563681147406323,0.59773909952767,0.532448612733887,0.562584146383546,0.555318047330741,0.558189134901867,0.561028448113498,0.555608357222304,0.592176072881104,0.577489041961631,0.611527639466948,0.584420541012586,0.585497783350324
KEGG_VASCULAR_SMOOTH_MUSCLE_CONTRACTION,0.447707154556587,0.453804179824332,0.444948982829174,0.40997498676034,0.466713072408382,0.446597924072628,0.435254119918605,0.43936276827565,0.426175731226363,0.436138472025983,0.44357658281814,0.420097574612773,0.429864423289285,0.45972548779121,0.456880402655841,0.429915542797982,0.444134766416911,0.443548678194079,0.412425590331639,0.46302397612066,0.448042122330734,0.453520039642581,0.439362944423504,0.45969494571564,0.448077779653644,0.413512838729891,0.452291270262602,0.435157492781971,0.435977855584176,0.437623792622027,0.412443758178838,0.430047301852094,0.460726475389203,0.447411382243328,0.4212679085214,0.426722040512233
KEGG_VASOPRESSIN_REGULATED_WATER_REABSORPTION,0.566893864433712,0.569479663732701,0.54374021948317,0.543852756993524,0.558735215579895,0.567088406970314,0.544964604639764,0.546183904790464,0.526841792923272,0.54230928518923,0.549120105197645,0.543148245368268,0.549520500164254,0.550800851757457,0.541083975548419,0.54355338441639,0.558336144913959,0.553713292720145,0.533585533470517,0.563504214060768,0.586142099692198,0.56437692782737,0.537336904957947,0.568449995434186,0.537918793471201,0.517138184842551,0.551216038623122,0.551178581716189,0.542935966345414,0.569544816878602,0.552845259105477,0.553638768918068,0.554567021699678,0.551116477337873,0.552806613676867,0.558639345949385
KEGG_VEGF_SIGNALING_PATHWAY,0.477711194440242,0.491087131182694,0.487040572279966,0.457585077154801,0.496971783163073,0.487915917127582,0.467033667484312,0.476075638534699,0.478482017576045,0.478523527490864,0.498660436717772,0.468510105298482,0.463896699977502,0.497818925990692,0.488136443189172,0.46760587729934,0.488321491249823,0.48335378425678,0.46528306614161,0.480408828092529,0.490647056971733,0.485974885227292,0.499828758467116,0.484256355828168,0.473824981520686,0.444494761611177,0.49902575806344,0.461081046768903,0.505783079903968,0.492309550841311,0.465594931648765,0.478308418245154,0.502156267206169,0.473888113121153,0.473126931812184,0.464815429541013
KEGG_VIBRIO_CHOLERAE_INFECTION,0.556423321925338,0.561599270322175,0.582413800773751,0.531828602172362,0.568718548897681,0.567064305114261,0.529218957420142,0.563842251118074,0.541607802915974,0.562348102416654,0.562259455170592,0.546169540600117,0.545791147195706,0.578119150637511,0.571482591438304,0.551500550607621,0.565737177066827,0.557826109812964,0.548630883702818,0.551501459106594,0.576568275440332,0.576389192618404,0.567071367917189,0.581323691486481,0.565189738415804,0.538038168116628,0.545602426032482,0.557133963683944,0.559327705526861,0.567009697088672,0.555862805951464,0.556686730967248,0.56646083729132,0.559350844559577,0.549351871540263,0.561418316951711
KEGG_VIRAL_MYOCARDITIS,0.430686242691843,0.483808008887645,0.441035769934255,0.409089522965067,0.420104621315837,0.451144733898765,0.40830066333403,0.446196891950772,0.491973636483302,0.430603028853698,0.4587535527889,0.437075350361352,0.441454609963219,0.467888346903858,0.475297772084331,0.395671029255429,0.466816346960703,0.467298007976002,0.442643234304697,0.440249429803364,0.433520701481191,0.471270314019755,0.419249500198363,0.459067914067276,0.437407973609894,0.335038742738241,0.443379324632727,0.42304387899268,0.496112532324315,0.436089720389502,0.391163735552235,0.422396138978515,0.455560251659575,0.44375396967474,0.384425697571481,0.431853023063387
KEGG_WNT_SIGNALING_PATHWAY,0.509370228410204,0.492067565385782,0.496304146993676,0.487439738470354,0.502011108538709,0.493832660012724,0.480827573500361,0.497372250027223,0.486215086633263,0.491304721790654,0.506589515893808,0.475902485222459,0.486229341754183,0.498602241116573,0.499075716344733,0.496837402825532,0.498671759303188,0.498888781549058,0.487572462720125,0.476844136448768,0.500581729936422,0.508849426253336,0.501229339354846,0.510030023553576,0.495742160246776,0.479675533430649,0.511278230437735,0.487016392013728,0.473379267544927,0.498142974662674,0.500840420261619,0.522065722796182,0.489255023328634,0.505011988354033,0.493758377179472,0.493273934910607
