,P149774,P149985,P153403,P153537,P154325,P155534,P157632,P158276,P158665,P158785,P160100,P160971,P161515,P161809,P161865,P165970,P164921,P164398,P165114,P169026,P170008,P170055,P172017,P172390,P172496,P174092,P176973,P177793,P186330,P182545,P179186,P179980,P181568,P170561,P184521,P184022
KEGG_MEDICUS_ENV_FACTOR_ARSENIC_TO_ELECTRON_TRANSFER_IN_COMPLEX_IV,0.351213496280533,0.34246738803902,0.362783713757916,0.438034106156711,0.419953753983832,0.386476608949067,0.383728151034174,0.401668750557556,0.342701577506472,0.370455204504814,0.404755780454965,0.414699301374947,0.373152879335539,0.405542792471586,0.426966218297193,0.370126575633343,0.378084113271486,0.431116577464185,0.422569099669698,0.371478486312706,0.385284414117155,0.391465643742302,0.407954730782141,0.380873908879506,0.436198420924862,0.407955003202345,0.419299704216332,0.323337670154527,0.3650028857478,0.366459745637032,0.412567036655818,0.397707600089335,0.397391523072309,0.407009686712483,0.428045033372131,0.360093859266809
KEGG_MEDICUS_ENV_FACTOR_BENZO_A_PYRENRE_TO_CYP_MEDIATED_METABOLISM,0.309725193058108,0.405465238005333,0.267573351724946,0.322560122109478,0.24989933903574,0.352369582306485,0.319049215358746,0.401804795436145,0.385629637988394,0.340124595771883,0.361398816068753,0.30569416363735,0.351406011826948,0.452901513496237,0.363683627449836,0.248574328854112,0.352673236434127,0.360070424425697,0.350426020588292,0.368820662620303,0.213909943530712,0.376802610133157,0.327565352416224,0.370377806943379,0.393236601321947,0.206909645055285,0.259457857597507,0.356240665180305,0.392732519342884,0.263843898468566,0.292877235617239,0.333287450663934,0.38837581374254,0.388795547315686,0.342953299060301,0.368085158804339
KEGG_MEDICUS_ENV_FACTOR_DCE_TO_DNA_ADDUCTS,0.398124578918859,0.442730893907988,0.428191661129941,0.466247840922119,0.387106687782022,0.437096331405923,0.43916053525731,0.41437159869727,0.505035212484656,0.391941589856196,0.455648380908091,0.402813253657598,0.396608025639625,0.458002204897515,0.46408299945924,0.42725155179455,0.395910681405472,0.472562108214279,0.491156374071618,0.424819569963696,0.408338048821637,0.47284013108377,0.387227144024239,0.444031709109566,0.500025027586906,0.367523307427505,0.406585912933762,0.498448578366672,0.460298068778158,0.355662067781527,0.337291828790344,0.468209563618317,0.380180044957542,0.406244391254813,0.46158452205967,0.439036423169277
KEGG_MEDICUS_ENV_FACTOR_E2_TO_NUCLEAR_INITIATED_ESTROGEN_SIGNALING_PATHWAY,0.400544929520466,0.340683548623573,0.419298748663995,0.368670025539016,0.405041803903904,0.443893680810372,0.346267837042735,0.349076529358434,0.282599520764842,0.378733857523037,0.377942877233463,0.38927649441034,0.42362180805175,0.375849569358775,0.429322132416728,0.346484762684528,0.381829813999898,0.371588192516361,0.402566508287484,0.335103358379928,0.393889122639691,0.381583921932588,0.384419686025464,0.429499730253603,0.386041062041541,0.352175959474015,0.409276829131275,0.43082043458945,0.280461972320547,0.344466955507586,0.332888641720074,0.35242394777994,0.440261603304423,0.39365359448327,0.362248505349478,0.411794844480815
KEGG_MEDICUS_ENV_FACTOR_E2_TO_RAS_ERK_SIGNALING_PATHWAY,0.593659405254637,0.596483366776893,0.622851825490291,0.577025087475254,0.608040856826034,0.607397324062299,0.594330744131704,0.59900469619675,0.5806404709018,0.59309761921106,0.607454841397729,0.577292482347879,0.593332986367352,0.60288192591746,0.59480716773732,0.56806818638188,0.636162693750052,0.588299343489081,0.570496320227324,0.586406198077742,0.609746494730168,0.59171191758993,0.594213573899112,0.590941710934527,0.574249717298978,0.574795262610246,0.584473332674366,0.587964081791677,0.602775794584403,0.616434026812578,0.595659047787083,0.571841006280527,0.59969949129391,0.581275321069974,0.572557088905847,0.592751910686015
KEGG_MEDICUS_ENV_FACTOR_IRON_TO_ANTEROGRADE_AXONAL_TRANSPORT,0.529715098891372,0.522905012295595,0.533490407978274,0.535919688882758,0.549646800710513,0.520849948198915,0.534713563019704,0.511038740148518,0.511203130198084,0.549683419579676,0.548266290679599,0.52188802552487,0.528002893591577,0.512710678102771,0.532726678119692,0.528472647736781,0.49212956478974,0.499947102159935,0.519490243205392,0.520146666481802,0.520019067424611,0.561509369685363,0.514146072517293,0.520693864883671,0.524744060901656,0.524427889255248,0.511988463992421,0.510017925202537,0.493238332541019,0.518974186282138,0.577400735480858,0.521826109844664,0.522976654466333,0.500469303029981,0.534444641945017,0.505877269204425
KEGG_MEDICUS_ENV_FACTOR_METALS_TO_JNK_SIGNALING_PATHWAY,0.63725074390734,0.630489492383212,0.628719376597858,0.630543328174532,0.61258393723874,0.607177051970033,0.656414536774871,0.636855408952614,0.634092421581257,0.604001119324431,0.620341257350529,0.596958907443827,0.63282525732817,0.614828164374125,0.628484975702448,0.614055796732118,0.630538153376604,0.621809926695124,0.610709865462442,0.648024326355245,0.627962297323115,0.627057290584749,0.573104420354339,0.628521339864694,0.635340990556877,0.60430027594906,0.628336414074419,0.642598751432216,0.608223329141227,0.602192044387361,0.652831387137241,0.642343286838688,0.639672992896568,0.654822789924572,0.621898980619242,0.647445825863746
KEGG_MEDICUS_ENV_FACTOR_METALS_TO_KEAP1_NRF2_SIGNALIG_PATHWAY,0.486604644441248,0.587669081994771,0.495408712571417,0.49516441912378,0.416729921587018,0.512487890528745,0.507569612404474,0.543524216428831,0.541965475162351,0.477795878338842,0.483521223869971,0.472268971790839,0.500259026035113,0.634363081474167,0.525011615165507,0.388129836530325,0.517723920966366,0.463447696088852,0.547299260368298,0.54406625062726,0.404967787309186,0.510441544390153,0.506151249606917,0.489209443351391,0.600104167184194,0.351087371687332,0.441927293131695,0.538604204769288,0.568850714780205,0.407771273252722,0.422846266877443,0.478338683391334,0.530162689086656,0.578481249417389,0.468713974924121,0.517091014544081
KEGG_MEDICUS_ENV_FACTOR_METALS_TO_NFKB_SIGNALING_PATHWAY,0.601038290077473,0.614297680143743,0.58833127230599,0.567515683033973,0.604717036578703,0.590047553136754,0.603881466251073,0.583378593362885,0.576435243156125,0.583312921220274,0.594396502639219,0.583970777775209,0.58045495431233,0.586746469282015,0.596874240973233,0.598433373087529,0.596022555026884,0.59713974285116,0.582899010388523,0.586348830878792,0.599241978115857,0.591476060030546,0.571745082956247,0.588368640760883,0.582740971437271,0.609193488689973,0.611432536397052,0.581336716207296,0.62543261748903,0.617826181339051,0.597962445229607,0.604422145710618,0.614326488631402,0.596546010334511,0.612020613614069,0.607306394606445
KEGG_MEDICUS_ENV_FACTOR_METALS_TO_RAS_ERK_SIGNALING_PATHWAY,0.69092865319635,0.690122243670218,0.683762978294334,0.683257991565763,0.695487714143909,0.690768724790234,0.692111518871804,0.686939795828581,0.677000651029969,0.696247720134111,0.690938557319147,0.679823356429454,0.680967508466156,0.681891387571972,0.689134275428407,0.678899276387901,0.687402264659281,0.685334686632776,0.677369112774845,0.677287828166191,0.704322702704334,0.694158104025132,0.694566323588395,0.690496168958808,0.681480500602671,0.667897400185221,0.685203751412187,0.68306486272833,0.671686632257711,0.701133709841912,0.699155948148096,0.679659722868142,0.69154095529665,0.686722061846745,0.683950997266929,0.697754602233787
KEGG_MEDICUS_ENV_FACTOR_NICOTINE_NNK_TO_PI3K_SIGNALING_PATHWAY,0.615730802913369,0.603530627939912,0.616434969071253,0.590164383076046,0.604622654274478,0.593038799718485,0.615890866049969,0.605448498338298,0.594453899165649,0.593354778788355,0.606133338387273,0.590899483410519,0.604482543221805,0.60998062333876,0.609928238221115,0.568415144613863,0.623118591135818,0.609982279371276,0.580981227365531,0.610931430116944,0.613208304178062,0.624990063317009,0.577425240756586,0.601042260976357,0.614867254637379,0.571724937864903,0.609638675624349,0.609127091230942,0.619690577584214,0.616401588022293,0.621842389367832,0.615162003817721,0.615128857231913,0.624642498325415,0.609284286453404,0.617509593853045
KEGG_MEDICUS_ENV_FACTOR_NICOTINE_TO_JAK_STAT_SIGNALING_PATHWAY,0.618726489569477,0.52268948975424,0.559791598447774,0.538155562518449,0.548879964219899,0.513265199012688,0.558730924878254,0.557998248055792,0.49782555500805,0.614826816096654,0.545870945895214,0.54103871709117,0.510639696255897,0.468123229214709,0.561995404525466,0.617276563555041,0.499541866503552,0.516061802682076,0.555990015229851,0.532848183754359,0.582196075595671,0.583511164664047,0.574756971229405,0.566581395681575,0.540556178394209,0.595941163475716,0.540021185592849,0.562648725538494,0.37112579981342,0.579974866974798,0.662928874443751,0.575760163081706,0.527479704993027,0.563250510555,0.63902266730888,0.60584635313214
KEGG_MEDICUS_ENV_FACTOR_NNK_NNN_TO_CHRNA7_E2F_SIGNALING_PATHWAY,0.524622307727905,0.469995019533126,0.531949953647182,0.536515495862672,0.550740886555713,0.485457093331704,0.490077988385162,0.491977083963218,0.449610259014965,0.571734837440081,0.513182408268422,0.555473734489487,0.493428863196336,0.439347414685332,0.518440641656125,0.536409891217465,0.496930251573133,0.500185811875888,0.544360525821463,0.460305267175443,0.573192291175873,0.549715525113339,0.541068462376149,0.492751902442263,0.510404895566038,0.601784839142215,0.505533234178094,0.487787321581121,0.533424280062643,0.576807762110754,0.629005557209114,0.524969265264522,0.497125187828928,0.523278626131666,0.558058890690303,0.532883917341934
KEGG_MEDICUS_ENV_FACTOR_NNK_NNN_TO_PI3K_SIGNALING_PATHWAY_N01339,0.563528976375669,0.548251573732992,0.557963230479891,0.527926966849843,0.571285294662288,0.545035604860867,0.535012524397314,0.552491643865622,0.51025877802317,0.560776024229912,0.543197262149094,0.55360442678036,0.528790983077825,0.518840735004187,0.550645634627637,0.548969720415333,0.554492834056977,0.544530878633593,0.536825171432952,0.527262402411138,0.57041010822917,0.57816232588197,0.552116104498631,0.540418635859101,0.538649610222368,0.577104050588387,0.560357270392056,0.519674549541091,0.571254223372335,0.577986770266938,0.607691962774978,0.568708538540006,0.562546694249979,0.550331075919199,0.562760613011249,0.561929262199403
KEGG_MEDICUS_ENV_FACTOR_NNK_NNN_TO_PI3K_SIGNALING_PATHWAY_N01350,0.527656912801756,0.529022622934584,0.576534542245946,0.495683278847836,0.537306546214581,0.541564215289218,0.527553815476369,0.534320325484771,0.513320215462782,0.508828290605909,0.538980700780409,0.49420506669615,0.531312679838202,0.545733531115275,0.524308929904395,0.484697410981534,0.602452741706163,0.526481790970515,0.477591412580163,0.534462128859979,0.530493699062929,0.523429771899341,0.501233309787107,0.516354395133124,0.501611791685971,0.507998050701046,0.517988498571539,0.516765734740924,0.568309626276436,0.550191045799004,0.5248564687139,0.51306770153316,0.540664393424069,0.513001485219232,0.488482512536881,0.517230545350638
KEGG_MEDICUS_ENV_FACTOR_NNK_NNN_TO_RAS_ERK_SIGNALING_PATHWAY,0.5666186941057,0.518891698678587,0.556423427705301,0.546729348651071,0.555323503670101,0.516299323559551,0.531837333701641,0.554795291385702,0.522751330016221,0.570756800835504,0.583081522418408,0.529129756744746,0.530784388655779,0.548203136756913,0.548161816221605,0.59927521977028,0.556901728919414,0.569307377453236,0.573635673794249,0.530222102399834,0.566100924098731,0.585254253521756,0.578542505953047,0.550923462347406,0.544104456246805,0.613747123095841,0.562598966577558,0.543294455372044,0.501987849080689,0.58498092510003,0.620833126233847,0.567014344375335,0.54665099302863,0.523100461264612,0.590342091417977,0.569882983326448
KEGG_MEDICUS_ENV_FACTOR_NNK_TO_DNA_ADDUCTS,0.404037706563779,0.251490362771206,0.201658901345955,0.163401714289965,0.167783936000942,0.211102283826303,0.018454765417353,0.208260906129459,0.250031804481017,0.140613011071008,0.199886934143365,0.107342133914539,0.326818878841011,0.177871766911796,0.24358493313717,0.0633772816693669,0.245600743078128,0.0842323534385959,0.209251537987286,0.25350108688293,0.128768460294975,0.0550595529950921,0.189014362884584,0.346052802607794,0.301510701754652,0.075146947892829,0.14074775258991,0.33088614594219,0.246043640866326,0.232728883245489,0.356827685273277,0.16346909385534,0.271268895507608,0.39431037081487,0.15231064564739,0.341355001949935
KEGG_MEDICUS_ENV_FACTOR_PARAQUAT_TO_FAS_JNK_SIGNALING_PATHWAY,0.615110007205776,0.620711054390948,0.614932927413336,0.637778706629736,0.572513914810442,0.579948947544922,0.658922071211214,0.625781072931393,0.622552393929113,0.566282002677592,0.604092483213426,0.586717427515313,0.61378966059401,0.612053768491844,0.631944915919213,0.580794359599226,0.630225223845322,0.62506361004134,0.607230632408505,0.644970769326985,0.594951315489098,0.620086347727244,0.539431334638703,0.628105642520852,0.633795534715013,0.545833685872462,0.616861899259079,0.643057719016171,0.565112778972692,0.572708329655922,0.651939139556074,0.622191634266061,0.641813538986787,0.66457541499153,0.605229340167815,0.652842171521671
KEGG_MEDICUS_ENV_FACTOR_PHIP_TO_DNA_ADDUCTS,-0.00569749948454722,0.0171793189279493,-0.094305079382,-0.0877193405146597,-0.0483838001550325,-0.064622457540357,0.0759936283160261,0.0396698183053635,0.0139562630371519,-0.0985977028185869,0.0750116499543639,-0.0788963191802228,0.115281413571842,0.0614539186797619,-0.131687328423551,-0.0213022934755364,0.0163280391901939,0.122912957193991,0.0388459137571974,0.0910134463922165,0.00373231006791524,-0.166962033680152,-0.0146903738329858,-0.00741290598388808,-0.0583553461328592,0.117273937553192,-0.0498411727032335,0.0831000013494347,-0.102199034707533,0.0383964895556667,-0.0890694567687014,-0.00208382794546515,-0.0243328596745764,0.0232217598860777,0.00265740882761664,0.0662583218375016
KEGG_MEDICUS_ENV_FACTOR_TCDD_TO_AHR_SIGNALING_PATHWAY,0.378689121905644,0.441125727997695,0.422883987467844,0.433099506306004,0.376147417424593,0.428319652897958,0.435187404119552,0.416487244502041,0.492354832239384,0.395932286918383,0.455414877239242,0.388055558985876,0.3872159445069,0.439753518195849,0.451812657240686,0.391222708561105,0.386285300486021,0.476606309642683,0.448143794898978,0.404615230767309,0.390899895104855,0.465324500126987,0.376010820811135,0.445175997651903,0.46070305597568,0.331591807737686,0.392543687116466,0.463501644100574,0.454137595604957,0.366584626492983,0.353861560747808,0.444496230494984,0.384549689423791,0.392901033191916,0.434520527895217,0.435036947779266
KEGG_MEDICUS_ENV_FACTOR_ZN_TO_ANTEROGRADE_AXONAL_TRANSPORT,0.532316118890251,0.525718873413553,0.532790182473847,0.535836917425333,0.555213176163863,0.522757820483209,0.537422305069002,0.510333782583501,0.513800377497449,0.554264039515533,0.547724093909767,0.517969550555836,0.527347888039377,0.510415774809554,0.535059101335353,0.530644495330542,0.493434732400342,0.498836180139087,0.517497533722509,0.519253144420205,0.524810467016951,0.563005144533992,0.513329009797489,0.524500216050868,0.523498410841052,0.524317563149462,0.513709515285149,0.509463824170035,0.492232359992259,0.525243218522798,0.579293335911253,0.527323566728853,0.525606547851495,0.504508833887472,0.533425640333678,0.509875510804245
KEGG_MEDICUS_PATHOGEN_ARSENIC_TO_ELECTRON_TRANSFER_IN_COMPLEX_II,0.590866812901425,0.62904935050014,0.579265550931518,0.605557873403693,0.59678618069216,0.575138222939171,0.645365316271956,0.612486724150023,0.617220942698203,0.573819948599015,0.635596088795923,0.613947900320108,0.567651564799058,0.619902154871891,0.558319190858033,0.528665559120829,0.621035151438463,0.601689275660109,0.589140974269283,0.582356775923027,0.599670998705437,0.554794024664345,0.599123710018294,0.555174989438063,0.618590171328264,0.588541477738294,0.601166298841898,0.552768983234077,0.578637191474886,0.572019907437771,0.592998111801584,0.614753631958274,0.578958807021452,0.632042225067482,0.632953521846194,0.610797341695616
KEGG_MEDICUS_PATHOGEN_EBV_BARF1_TO_INTRINSIC_APOPTOTIC_PATHWAY,0.597200890390393,0.598401877005748,0.59763490864893,0.602242829878344,0.610223848774238,0.590803125755935,0.611134549130397,0.589139139379944,0.605762830206599,0.585248841769129,0.600657696186063,0.621353527170052,0.610577747078996,0.577816846574709,0.605373960004377,0.576953475772776,0.589598145706312,0.600641177783013,0.599444839023463,0.602549321444253,0.589598198027737,0.607431782111803,0.574572039988243,0.595893147736763,0.597613715300532,0.595323313151362,0.579283396375674,0.603841779741211,0.606427787556889,0.619125186301527,0.634549736573789,0.621240975727531,0.617205141000324,0.624087118317363,0.602844398140483,0.625280896168757
KEGG_MEDICUS_PATHOGEN_EBV_EBNA1_TO_P53_MEDIATED_TRANSCRIPTION,0.628788939636796,0.662035813849863,0.665876780536644,0.619152196947109,0.645362893399712,0.617197673700213,0.625861119968206,0.68374773891473,0.678068020113031,0.671313171576332,0.660496974177294,0.669416444524074,0.639093053295912,0.675312352568527,0.662790234530543,0.647417824261586,0.667164042294796,0.660431237079936,0.664774725750244,0.639444529622615,0.652885714269697,0.655828994616265,0.660442256121188,0.630286710836351,0.634418388154518,0.647697605826495,0.669123469624275,0.65707428232113,0.659031452877812,0.66195772710308,0.65076084721967,0.637971486185438,0.684464625719937,0.638735856404917,0.636712769761184,0.653950370547357
KEGG_MEDICUS_PATHOGEN_EBV_EBNA2_TO_RBP_JK_MEDIATED_TRANSCRIPTION,0.418997920518656,0.441961524248496,0.426774095438576,0.398055369468545,0.492814594677504,0.438558661646407,0.389428640036357,0.428881269469068,0.54952573279996,0.412688543788911,0.508404430007237,0.40094822759263,0.413502916971404,0.424410143454817,0.532689989375043,0.404994365489568,0.426001023631653,0.424330304460421,0.502641015209218,0.38208647394051,0.426119944262941,0.434406863650671,0.398636256873857,0.514453488091281,0.390826570981275,0.367846183356653,0.512121391611173,0.483664364454897,0.511431794044879,0.404936180378346,0.414939852126711,0.407409777113398,0.412786304662765,0.400512030299014,0.418695851555296,0.432740470216922
KEGG_MEDICUS_PATHOGEN_EBV_EBNA3C_TO_CELL_CYCLE_G1_S_N00483,0.616460705645963,0.585477358986116,0.650358154322161,0.654708685475918,0.652426269894062,0.605587856124578,0.614187442604762,0.588851549361211,0.59064503361436,0.670178300190357,0.627560883714643,0.642812640192372,0.642234506359958,0.554405813572606,0.613882088118932,0.605058504935693,0.616572433337353,0.629031485953689,0.623328702161726,0.566274094619328,0.679459663357992,0.656673980738975,0.624983622328607,0.606292084824522,0.59844891046231,0.715652393420777,0.634088237673245,0.596189096560074,0.63627683321235,0.66847097536311,0.672708254371421,0.642767993758063,0.589790113002131,0.595607435081292,0.647100130508911,0.625205232650797
KEGG_MEDICUS_PATHOGEN_EBV_EBNA3C_TO_CELL_CYCLE_G1_S_N00484,0.552611869411724,0.487394849371727,0.566358068973486,0.606253565446736,0.573557448333777,0.492957721186536,0.49887618782412,0.528629165514806,0.512452311120842,0.61860601144202,0.510090384526101,0.561253679081281,0.534011458317352,0.427727452187057,0.541560959521736,0.565710760890948,0.517225120201298,0.524261701686643,0.551689434028382,0.488637267425485,0.605716519030393,0.592062448123948,0.58811291156095,0.521672577650477,0.519796396916313,0.659691864296564,0.519558314901834,0.506115487378665,0.549927812114844,0.600726735142454,0.60615576704027,0.56444336570517,0.481967114864214,0.531937674205035,0.566130130262632,0.574375202457447
KEGG_MEDICUS_PATHOGEN_EBV_EBNA3C_TO_P27_CELL_CYCLE_G1_S_N00264,0.531473902745858,0.453818899737398,0.559551752005762,0.571125193442677,0.519976812943724,0.481172781734651,0.451160739540003,0.520122398936931,0.475672876099952,0.610612804047216,0.483337647127049,0.555135442088861,0.494059645330329,0.419351640790065,0.533300930217496,0.57030148814601,0.501649835069587,0.508259070244288,0.536826491191098,0.462590575602974,0.595116209928403,0.580783688862161,0.55619773635514,0.512983135224717,0.469524600936148,0.641071614830381,0.477038652281827,0.470397769703141,0.524212062450492,0.56318113403254,0.600927571096452,0.545445024862935,0.465946012717909,0.475995471077268,0.537094120692867,0.539343184854089
KEGG_MEDICUS_PATHOGEN_EBV_EBNA3C_TO_P27_CELL_CYCLE_G1_S_N00482,0.5105521634865,0.418564875795405,0.549864559472197,0.548525398277622,0.498362299653792,0.448745089931275,0.415134488783733,0.497482650268255,0.44201613911362,0.604966454877634,0.460075450135327,0.538002555481739,0.473207171024137,0.388131373619736,0.515346972853617,0.554337795151894,0.478691796646511,0.492727121068268,0.523996166923364,0.432132980597637,0.584187262969624,0.5717031713257,0.54154988727576,0.485144025597686,0.438617558098434,0.637466132505409,0.44283050220626,0.444176503491847,0.507768865035572,0.543031496173026,0.593372302905454,0.522344220544453,0.43994008364109,0.434737592422648,0.516410275335964,0.515875773333728
KEGG_MEDICUS_PATHOGEN_EBV_EBNA3C_TO_P53_MEDIATED_TRANSCRIPTION,0.619349126610343,0.657077517905896,0.659364056457149,0.609009634966174,0.631703348415242,0.611510379247217,0.612715390975319,0.671390170738489,0.678847213962058,0.656547270111235,0.64780276141262,0.659381420398547,0.634549192759235,0.661011850744478,0.656659095209066,0.637050525304079,0.662859033644209,0.653400570966384,0.658567381527307,0.632558463428106,0.643527732149492,0.641383847750063,0.637354800184552,0.621199789598542,0.622638146476419,0.634800116018091,0.649256436114904,0.64850228761147,0.650966781295283,0.649807616221641,0.642598114415103,0.623257063094335,0.674674588428276,0.630308250030992,0.621096567322074,0.644446302214433
KEGG_MEDICUS_PATHOGEN_EBV_LMP1_TO_NFKB_SIGNALING_PATHWAY,0.577858797690596,0.60869729756642,0.568439506443309,0.556305379106763,0.571737983946925,0.577623970790154,0.568683917268802,0.574563186221402,0.586083599876191,0.569690268863602,0.585313656800516,0.57492940108281,0.566797456253602,0.599497589717018,0.585208734709604,0.560989333176081,0.597725039675697,0.592283582074925,0.568872407745536,0.569542291082303,0.586116154536326,0.582683940824308,0.551344690106259,0.575944749519809,0.575505413500406,0.548899834038711,0.591354338762696,0.558964496233512,0.61963762525076,0.587301810750502,0.54927087282622,0.566055854786499,0.600011877276196,0.58373745607537,0.579707302496402,0.576779850982189
KEGG_MEDICUS_PATHOGEN_EBV_LMP1_TO_PI3K_SIGNALING_PATHWAY,0.510381816512308,0.535914207405138,0.510352011409464,0.483228178120442,0.504239697549162,0.487092460131737,0.485866669513486,0.500137125098581,0.535986010562999,0.480217492253919,0.509507944317304,0.508944120693019,0.505304764060634,0.497114429117713,0.51340795515523,0.488811552706824,0.5232754563847,0.509917033655835,0.467189865174581,0.498347972535356,0.507114084418531,0.515588106301946,0.468454928054194,0.488466233447586,0.49160223496751,0.459176259888029,0.509128758238296,0.481724577546873,0.551611496203186,0.53654273126924,0.562814723705465,0.513205599208699,0.50966673535119,0.515771993625824,0.466416447309897,0.50317670473002
KEGG_MEDICUS_PATHOGEN_EBV_LMP2A_TO_PI3K_SIGNALING_PATHWAY,0.549896683407751,0.613271625217215,0.544582760238265,0.491490323257236,0.529025528091168,0.545047789015859,0.536602348009287,0.498607057110847,0.606006915689942,0.520247003100008,0.564356630295448,0.553020176581561,0.510336204946685,0.569486668807441,0.595834336305296,0.418304260366962,0.609718582097697,0.554433810217493,0.523122181883358,0.534681109585314,0.553779618129088,0.618366868405341,0.434948540491862,0.548845180889923,0.544506402303201,0.377528821265858,0.51747968545813,0.525538544472103,0.623529024593908,0.584454622689898,0.539676361972665,0.538754178802925,0.578126489561867,0.590911104034657,0.512423650255691,0.554530939130742
KEGG_MEDICUS_PATHOGEN_ESCHERICHIA_EAE_TIR_TCCP_TO_ACTIN_SIGNALING_PATHWAY,0.644015974487574,0.690240335965681,0.686282183824504,0.663091829852443,0.672546136523509,0.674172176549342,0.65169574063779,0.669904913103296,0.676445848942852,0.663081342456821,0.686641034960375,0.663313544346396,0.669974851300048,0.680893967351354,0.682086132755624,0.65566963347138,0.685957023992594,0.680969114055564,0.659970531893273,0.670589040664576,0.672380701135778,0.684609388249731,0.661084616189621,0.664659067503867,0.661735737087581,0.646423113028365,0.660161699243541,0.655943809821658,0.698790729610373,0.683570658411033,0.653078663484998,0.651071143074072,0.667597586967447,0.668400754354844,0.658658155001116,0.651784558864366
KEGG_MEDICUS_PATHOGEN_ESCHERICHIA_EAE_TIR_TO_ACTIN_SIGNALING_PATHWAY,0.667985192986833,0.69745731734026,0.698048472331349,0.680507870900788,0.685930497616565,0.700658894517522,0.69903923567334,0.673075774474166,0.700681055080426,0.672927055659815,0.691140434925207,0.685856486727214,0.668109560741179,0.683098160349779,0.708915816344995,0.659311541992495,0.707133541136032,0.693356948105437,0.671699390914727,0.694874009901057,0.687713840968024,0.704661806933386,0.65870274160865,0.687011366954823,0.673703011344955,0.636198682500598,0.675132926778578,0.672304966634577,0.689865798792721,0.701887237348631,0.67282167221958,0.658398828546742,0.687455557747374,0.689056300415441,0.667084016659004,0.676961326066208
KEGG_MEDICUS_PATHOGEN_ESCHERICHIA_ESPG_TO_MICROTUBULE_RHOA_SIGNALING_PATHWAY,0.509462206039334,0.508569548471532,0.51545121412001,0.5152149323671,0.537513329071743,0.503011492596528,0.516913354413354,0.489518395197571,0.502398840666022,0.534944982984496,0.53443752912787,0.498773454627703,0.506702153150245,0.494322349377494,0.518687245276442,0.513879893628548,0.471586698586648,0.480969440769461,0.498346756054786,0.50069374684958,0.50327175566601,0.546862672819612,0.492418729100593,0.504580014267454,0.503202330457843,0.50492161715405,0.492608973240192,0.488707589987627,0.485225420285482,0.507735887746366,0.560019515078783,0.50213337407734,0.504679725410982,0.478722517230876,0.512005186069676,0.48395844554997
KEGG_MEDICUS_PATHOGEN_ESCHERICHIA_ESPJ_TO_IGG_FCGR_RAC_SIGNALING_PATHWAY,0.504163894767656,0.646624521846312,0.633607063904809,0.499109249813258,0.505021777182851,0.559176098941911,0.446742495085854,0.540723352188303,0.715996947821532,0.535518300699382,0.590330451477833,0.564381367504876,0.527590247742582,0.630406801327813,0.632361120351196,0.432007641572866,0.634804649976077,0.565668883017196,0.581601411229873,0.536189081282769,0.551583408304904,0.607086701784167,0.476561743050891,0.553885994611421,0.542117776674764,0.351289479950104,0.51676041240402,0.570090170857035,0.648893409108241,0.619679666737683,0.546246647950144,0.586660527547385,0.596992602100327,0.577637840100681,0.512960198285671,0.525760308977368
KEGG_MEDICUS_PATHOGEN_ESCHERICHIA_ESPT_TO_RAC_SIGNALING_PATHWAY,0.700746670992098,0.731886813803357,0.734409280766257,0.718080539026543,0.726626990166144,0.722059927738674,0.719074437742645,0.716202142649428,0.736497620376579,0.720176891484973,0.732409716308312,0.720997121996725,0.713141669176,0.724035503417339,0.738313230326809,0.697530878419711,0.733456982027599,0.727197215566292,0.711440913374828,0.721546304062319,0.720109881305457,0.735551241518917,0.705815916706554,0.719812426197868,0.713951917009302,0.692326709295825,0.712403128921927,0.711813007736666,0.735817810192248,0.731140542107962,0.715722893124068,0.708235595664037,0.720791555869481,0.726269800300491,0.718291082491119,0.715034933018336
KEGG_MEDICUS_PATHOGEN_ESCHERICHIA_MAP_TO_CDC42_SIGNALING_PATHWAY,0.693885630299288,0.730620755767433,0.73148444158263,0.7147384446301,0.725449803028592,0.724628767517522,0.716348404357084,0.713663128495376,0.730348150142829,0.714329247958731,0.729588752317084,0.719222196560474,0.710703343628738,0.718442026646601,0.733674657088782,0.692906939448133,0.731307403824325,0.724559723610516,0.705393361660238,0.718242250507333,0.720448223549599,0.730650306868415,0.705196362901803,0.715984740119566,0.707809514016291,0.693755251399094,0.70935207578789,0.704443039392343,0.731164475307542,0.727958535555281,0.712006101166316,0.70073371131929,0.715414237562812,0.721575841699506,0.711178779200491,0.709710265544572
KEGG_MEDICUS_PATHOGEN_ESCHERICHIA_MAP_TO_LPA_GNA12_13_RHOA_SIGNALING_PATHWAY,0.665137642963884,0.674522583273125,0.633492411933704,0.655180049583712,0.680022875088538,0.661098077803819,0.68654646939031,0.669951269831094,0.662520423865152,0.686923303405462,0.639934130007967,0.638410744932729,0.642669024489868,0.642776126880074,0.666575899735018,0.679013216022188,0.65023035644504,0.640159065650167,0.632171562256441,0.669891297157808,0.672844332641444,0.658236883017004,0.643229832873937,0.65927197063658,0.650992257864941,0.659882482948587,0.656151302784401,0.636088005212891,0.596356213477231,0.681312405876209,0.653345585041994,0.641956831574485,0.646807665638103,0.66623164888554,0.615919049042596,0.654482796883557
KEGG_MEDICUS_PATHOGEN_ESCHERICHIA_TIR_TO_TLR2_4_MAPK_SIGNALING_PATHWAY,0.610441390711007,0.668992226268155,0.623173494754167,0.609379826084357,0.613537842410472,0.611373716408374,0.619078346178062,0.588965407013253,0.665742317142429,0.628082974633168,0.631498405975849,0.61235445679433,0.594007784903276,0.632588598675583,0.645842846501584,0.565793786735433,0.643971330304116,0.628096174019401,0.603357408201287,0.607176238964593,0.625551479662737,0.643452210941484,0.543199925226312,0.629131289185065,0.608546392324904,0.534909425465353,0.599114752219212,0.606032699815974,0.629267745718811,0.633670346473884,0.578627525117177,0.591124138003376,0.633153450765429,0.617818663794424,0.593261744313206,0.628762573977988
KEGG_MEDICUS_PATHOGEN_HBV_HBX_TO_CREB_MEDIATED_TRANSCRIPTION,0.597738470002932,0.587230447325938,0.524455178448265,0.548840976068689,0.596217443282936,0.531514117882846,0.543484540504793,0.526728248647211,0.523217787632173,0.545619663423766,0.533605126254256,0.553944507741683,0.529522714710816,0.527737924346699,0.533631916938789,0.601458102096362,0.590399970813233,0.580549300011221,0.508803951596474,0.4987900192149,0.589890803688393,0.581460244350785,0.541683813447901,0.594157336614934,0.494977133380672,0.525033810246224,0.575465028813534,0.55754959868377,0.539780942350011,0.566691653732407,0.547371539818576,0.519531343841618,0.521501430373126,0.497256673879564,0.555971207234448,0.537519444328711
KEGG_MEDICUS_PATHOGEN_HBV_HBX_TO_ERK_SIGNALING_PATHWAY,0.698901602802653,0.670965971582431,0.740277993336403,0.639415381797215,0.752752208706438,0.738835288909114,0.521004467095232,0.69159869976974,0.674234545216534,0.697021726010365,0.679269266415926,0.712279961516873,0.629924972803349,0.629869668408008,0.749898186878211,0.682089380115879,0.696289080225298,0.7105252630561,0.639966419117471,0.635796777792349,0.760416134363642,0.745014272134002,0.692774231202924,0.7514317975072,0.635604653816285,0.643892794265316,0.619507190726449,0.631054100540907,0.734125799257929,0.684427664339214,0.665715619049529,0.688613524949879,0.75165535565529,0.643041185850565,0.627638198834402,0.640186755390271
KEGG_MEDICUS_PATHOGEN_HBV_HBX_TO_RAS_ERK_SIGNALING_PATHWAY,0.672691416967493,0.668307681313456,0.66053162666413,0.655056834676091,0.679896365843238,0.665176783834809,0.670210177009759,0.657000634461006,0.647549720897534,0.67314580816946,0.66012781458411,0.649475764937224,0.64962525943816,0.649269152629572,0.66928939511797,0.656417264664462,0.662098594690674,0.650346315048701,0.644488270731417,0.647179762796834,0.679612701212547,0.670394029449743,0.667514540961511,0.665912830037004,0.652407904607406,0.653160110733034,0.659593100459807,0.647762442973348,0.645804929960147,0.677376869330459,0.676178508014202,0.651833713338398,0.664405555589621,0.659395472939948,0.653154283381166,0.673347261806518
KEGG_MEDICUS_PATHOGEN_HBV_LHBS_TO_PKC_ERK_SIGNALING_PATHWAY,0.654786845374582,0.63811154151967,0.653492663600144,0.648555818135415,0.669206697272356,0.655516912494254,0.662012619942455,0.668606524465263,0.584410092132967,0.676177379349968,0.649899827627913,0.618089953397936,0.591655478314393,0.669238005797432,0.65969966151696,0.654130927802051,0.649373518259999,0.64861773190822,0.622468420398948,0.638869774484768,0.675182719597337,0.658012116162701,0.666562957817507,0.66199261388936,0.655074543439097,0.607120000325719,0.633684795536147,0.657033390625154,0.628457859224296,0.654785776528511,0.643960699182934,0.65331016053753,0.648635024647555,0.646002558314955,0.638710854269575,0.6479734137558
KEGG_MEDICUS_PATHOGEN_HCMV_GB_TO_PDGFR_RAS_ERK_SIGNALING_PATHWAY,0.676865902322499,0.661132462600819,0.654002888902838,0.638976886748003,0.689800128636093,0.673619721871442,0.659277766599549,0.656064097770023,0.649061827831041,0.67602685890743,0.663885255359083,0.634572374843194,0.649876786806892,0.658535420999056,0.678361890741902,0.664329894904778,0.661623745211264,0.648331150507572,0.638807209185528,0.628428466876696,0.686586580207055,0.673042312170378,0.666301876663266,0.67536212607252,0.6478446277023,0.643602475073031,0.66821440544017,0.651202722242687,0.636635713759073,0.685166857603296,0.673522220354313,0.65612945683048,0.668587875436067,0.663580398461876,0.654528466222565,0.674414743619899
KEGG_MEDICUS_PATHOGEN_HCMV_GH_TO_ITGA_B_RHOA_SIGNALING_PATHWAY,0.643512603059015,0.662838226385063,0.649334600281388,0.58003774228471,0.653390804242986,0.658384473250115,0.62238891263983,0.639947606916463,0.632962921764417,0.649345448264374,0.660067602639786,0.62559514397515,0.620260532753158,0.64353424542181,0.663287552284319,0.619551367555067,0.63829719364462,0.664892336158739,0.631927371539353,0.610932512008027,0.6579332552993,0.664290770888237,0.62849887824498,0.635845004622693,0.610143240473141,0.59872679237318,0.642082372275748,0.609556849399785,0.672765828836433,0.693944112951031,0.665725495857153,0.615267154559325,0.654164102295925,0.616218887525888,0.618686968842911,0.642821018106574
KEGG_MEDICUS_PATHOGEN_HCMV_UL33_TO_GNAI_AC_PKA_SIGNALING_PATHWAY,0.573086985498335,0.54983235460601,0.523521121163519,0.524000994363856,0.559099085480897,0.522024213600018,0.511843161026144,0.531619756175886,0.49563109306994,0.519065283288957,0.514267673811268,0.522548862108282,0.519958020752339,0.527152683611833,0.524153158005138,0.529060449454984,0.529466556901046,0.549330860189981,0.52084191494719,0.50107190236721,0.542290555414832,0.558474017859976,0.532471261462413,0.568276068052271,0.525024061808524,0.511331779916952,0.554251416177917,0.545295024393933,0.494904345408848,0.532812259698721,0.540183799732789,0.546702792511421,0.539604255868709,0.52601278214,0.551777136207642,0.540475539898929
KEGG_MEDICUS_PATHOGEN_HCMV_UL33_TO_GNAQ_PLCB_G_CALCINEURIN_SIGNALING_PATHWAY,0.618065645227614,0.62399627858121,0.602716381493389,0.577254155871377,0.616247350161041,0.565110086026984,0.607129628804209,0.590225221180602,0.587936634094919,0.595464195826771,0.618075659809128,0.580817651140608,0.598926934850504,0.590571397941396,0.589031833923379,0.535072041262799,0.597890250970926,0.606714849792683,0.586765895570298,0.640584255289116,0.62451687503852,0.590738334272683,0.573180237541621,0.599949105081181,0.606469349669826,0.588971056257281,0.584052495473877,0.603127560602618,0.540106560754675,0.587699366511558,0.58767785888831,0.580012473839106,0.587304707631617,0.608409681696315,0.548681784739342,0.565259665568091
KEGG_MEDICUS_PATHOGEN_HCMV_UL33_TO_GNB_G_RHO_SIGNALING_PATHWAY,0.537688149675731,0.504946613804144,0.489215483376861,0.517403353407398,0.557562096742506,0.519900483258357,0.517767903588644,0.505901921123491,0.458571204294951,0.527085894145305,0.528617885403703,0.541566565912365,0.537170863764147,0.461855585104506,0.510384250204074,0.525684518034594,0.5088347499565,0.533594191165865,0.501019324834527,0.493333845027851,0.519626338678284,0.532775126740863,0.533405811145067,0.544377399289672,0.485453982946268,0.516308537681661,0.50930444321876,0.52137898129417,0.510893725052004,0.528931580200022,0.52558302185993,0.49169603972259,0.509600931989205,0.488739929241901,0.52238022358212,0.500384326295768
KEGG_MEDICUS_PATHOGEN_HCMV_US27_TO_CXCR4_GNB_G_PLCB_PKC_SIGNALING_PATHWAY,0.600645179409594,0.592907703131593,0.635513765012227,0.616444488461214,0.610535457887732,0.601652733707256,0.617555078478966,0.631102898813111,0.502051266540309,0.640560187033271,0.598152153156554,0.552581131916949,0.517799867247515,0.616530586784821,0.608672039929006,0.620289210799554,0.604066225600561,0.58371229240406,0.557134129526099,0.589346132950928,0.611097481361432,0.606170341320566,0.650161509114106,0.613229885711131,0.615280468572507,0.550280250150695,0.573349871673812,0.596502939805112,0.572545043726248,0.594284519947846,0.553087701904398,0.626449738832046,0.592455298871204,0.594123092470405,0.579155780349701,0.569235421323693
KEGG_MEDICUS_PATHOGEN_HCMV_US28_TO_GNA12_13_RHO_SIGNALING_PATHWAY,0.633991099292179,0.676560666048304,0.639220916035848,0.638918903595195,0.638043155609619,0.664580129633214,0.610652168888847,0.628124447465915,0.689418742909296,0.611331085524375,0.673891889470114,0.587045073015479,0.662969832993939,0.67751553877867,0.694102015696105,0.625912073648754,0.66963954151132,0.657954183353027,0.660129094381146,0.664175711029982,0.643778444597745,0.654846651681142,0.639267234862319,0.668715152681527,0.674327111646073,0.566401417534729,0.655403156571285,0.673388082661085,0.678229210770756,0.668168326882952,0.581774875523729,0.649737543022877,0.679356454989677,0.666650363626399,0.593155630706376,0.654861516359503
KEGG_MEDICUS_PATHOGEN_HCMV_US28_TO_GNAQ_PLCB_G_CALCINEURIN_SIGNALING_PATHWAY,0.53890070578943,0.55474442294108,0.565164513320876,0.529972302787367,0.561904336998578,0.546303561428292,0.548266919521767,0.558480717071734,0.564295119454855,0.541212817675119,0.583030176200086,0.520915690894347,0.535943703578614,0.558575558208395,0.571212244969251,0.526287638619253,0.566420628861709,0.55749056571904,0.528945894011376,0.551547081332183,0.577519966010825,0.551459649090632,0.538151581352779,0.554490809814203,0.548942533818131,0.521988009404486,0.563073995240007,0.542849444743953,0.530680176418917,0.557022997521721,0.551252321381553,0.56302885153984,0.562374214865075,0.563564437156534,0.50905399394038,0.53508534680355
KEGG_MEDICUS_PATHOGEN_HCMV_US28_TO_GNB_G_PI3K_NFKB_SIGNALING_PATHWAY,0.529886412822507,0.526220563476959,0.506611376410083,0.520658900697183,0.555046002245983,0.532351925118645,0.520648809526943,0.526644546107832,0.470844428286733,0.536180098226348,0.549116768121582,0.537814022689349,0.549211536434728,0.478341255602828,0.538265779224444,0.50048026357298,0.514308585249051,0.535367080960116,0.5197943401013,0.529958275862772,0.520698996581938,0.532012743708706,0.528405950746711,0.532675887494082,0.514095975530171,0.52818404061889,0.521703728275936,0.51695504851885,0.548799655285611,0.551114978729099,0.524128156811264,0.515572860036181,0.539036239781581,0.518791944290199,0.512495873384873,0.520960891552005
KEGG_MEDICUS_PATHOGEN_HCV_CORE_TO_ERK_SIGNALING_PATHWAY,0.716297234982698,0.71621493869419,0.708578318002221,0.708930970301111,0.72958951011589,0.7153365923955,0.715928371483405,0.71412571003051,0.704582220601581,0.719667269043592,0.717796563731057,0.710697850308099,0.709667308183389,0.712289921182061,0.713371095950195,0.70749190399546,0.712816928209139,0.715605717675719,0.707952073510238,0.706654964918373,0.731397546004857,0.717899788949523,0.709821442085309,0.715819278067406,0.709646129449361,0.702122537508468,0.719082322973835,0.708598353545305,0.711696642343575,0.725071201515399,0.720300485378678,0.71124666270343,0.720472207132018,0.709249742356798,0.712192360493044,0.720388699205892
KEGG_MEDICUS_PATHOGEN_HCV_CORE_TO_RXRA_LXRA_MEDIATED_TRANSCRIPTION,0.657808808309678,0.663788789390315,0.645256882075487,0.638779725592041,0.650958118084297,0.651343233206707,0.663709615838863,0.65986095664254,0.637340463909733,0.653786262287694,0.672237643803143,0.625052041793308,0.661385269306766,0.671909596255066,0.652151861419939,0.667220438190551,0.654350025092004,0.665267216900734,0.659398414966779,0.651579193329973,0.676010423996281,0.648783628009054,0.661656295012391,0.654401173298141,0.642054484735276,0.676778447804855,0.67298410513219,0.647375326227479,0.679935048672142,0.649750373633939,0.647617032742702,0.665014757327931,0.678432483490665,0.635145271943798,0.663806757306773,0.655562035546362
KEGG_MEDICUS_PATHOGEN_HCV_CORE_TO_RXRA_PPARA_MEDIATED_TRANSCRIPTION,0.642561565597835,0.634297516855663,0.627437101276669,0.632940722275203,0.626595912961627,0.617855129057777,0.653563465094292,0.633046018446724,0.603537940042099,0.628213980655313,0.640558092909932,0.606818143099396,0.623139173520503,0.651223122700975,0.628686278206017,0.653089447096585,0.611928420006059,0.636921748496427,0.620940742475772,0.623346640079597,0.647849892767527,0.623589459759362,0.636686463767391,0.625607687305639,0.625620814521191,0.647494992452883,0.650267606634736,0.62095346835973,0.652262479563582,0.632121631946484,0.631364500420597,0.671869214110235,0.673623371198407,0.622672692115314,0.64115707717293,0.654472689310877
KEGG_MEDICUS_PATHOGEN_HIV_GP120_TO_CXCR4_GNAI_PI3K_BAD_SIGNALING_PATHWAY,0.618300097400795,0.633379194895049,0.634244872270123,0.599776869341909,0.614181664002222,0.619958519231579,0.61218663456743,0.609777028494316,0.619591152323153,0.587008690163685,0.624378440598719,0.59991452349941,0.610809740756935,0.621624775242239,0.627995223861275,0.575722308995051,0.641789404347689,0.617126384580043,0.597079286035614,0.611919714519685,0.621162533778335,0.642012889673877,0.59669675345836,0.61541448400809,0.612533364040712,0.573646599456494,0.611454946423275,0.599670265912785,0.646548233790089,0.62948350953348,0.62599294437858,0.62547991607305,0.626144186118752,0.621193862072142,0.588330419518779,0.630314621083194
KEGG_MEDICUS_PATHOGEN_HIV_GP120_TO_CXCR4_GNAQ_PLCB_G_CALCINEURIN,0.548462250123112,0.578334136516202,0.582962471624821,0.547507165989472,0.568050903826866,0.554891775224855,0.553394302902886,0.55756953158456,0.595988398234329,0.553633294614481,0.592733823152962,0.553313394429144,0.548697083420643,0.589769033779269,0.589158098748779,0.545611091821049,0.597747585003608,0.573177702360158,0.558831918074114,0.56067602405107,0.584287287940055,0.583405455274103,0.553281624945542,0.573867489228327,0.554356395384421,0.518606142537395,0.568985672510422,0.54359369912623,0.593652646782067,0.571348568426455,0.560470917826709,0.571172887372391,0.582869873937351,0.563228946665013,0.526475666214801,0.564886215772462
KEGG_MEDICUS_PATHOGEN_HIV_GP120_TO_CXCR4_GNB_G_RAC_SIGNALING_PATHWAY,0.560523088972605,0.544137066903263,0.539133801720438,0.556357059310008,0.571755412830672,0.560384315474928,0.54885124590086,0.548884533003471,0.512632289835161,0.574993451204112,0.584461996715678,0.578905582250462,0.588935898636963,0.509302322965168,0.567310453234267,0.518312366522691,0.542230061560903,0.567191341465351,0.562595688222615,0.557963117616489,0.544819932597956,0.580209184317029,0.567475984883078,0.574844400413558,0.541578475752454,0.526075789984232,0.527490332418101,0.546607765394922,0.566166955681197,0.578732202674941,0.544103329010003,0.538018898165331,0.562564785064539,0.540391947766466,0.533385536768506,0.538177162633163
KEGG_MEDICUS_PATHOGEN_HIV_GP120_TO_TNF_NFKB_SIGNALING_PATHWAY,0.574534488722831,0.600920251482147,0.56560513195213,0.559846505553638,0.577289287928382,0.573841524322666,0.556002431404535,0.576651158344013,0.587423873284266,0.568405167689638,0.589271587482729,0.572838422792304,0.572803437820853,0.591835913573378,0.583965137898637,0.56209200135857,0.588657993083237,0.59349490631021,0.572423795462536,0.573988251546925,0.588634515363454,0.578165464252964,0.563563197051492,0.5753758988111,0.566178805432631,0.558843210892138,0.59084438166945,0.566976477216785,0.616415073670354,0.583330438090056,0.567894103404726,0.566994133047794,0.590531681942815,0.573534067560949,0.571696370123304,0.568985411456867
KEGG_MEDICUS_PATHOGEN_HIV_NEF_TO_TNF_NFKB_SIGNALING_PATHWAY,0.563645775373145,0.588660611986022,0.552434054306961,0.556233300698117,0.565983632584201,0.560014564299511,0.550075441128058,0.563560819357988,0.575879434917923,0.555438306304535,0.576712749221374,0.560581642720888,0.560217331321997,0.579102398878988,0.571016748501296,0.556544815329647,0.575838971633727,0.581257190124076,0.559286113929983,0.564171765159264,0.57604450613011,0.564595666239583,0.549680140957513,0.562103682132844,0.552679465878649,0.560156644381123,0.578657674581927,0.554187565549813,0.605521543274058,0.571189062479878,0.55988367500532,0.557551850520377,0.578097240721813,0.561562711822224,0.562545538326218,0.55607804349254
KEGG_MEDICUS_PATHOGEN_HIV_TAT_NEF_TO_CROSSTALK_BETWEEN_EXTRINSIC_AND_INTRINSIC_APOPTOTIC_PATHWAYS,0.579331452888567,0.599609363136573,0.601362949215869,0.59281831130458,0.601581761260436,0.58099710400657,0.591805241671,0.575526637766171,0.612949137166621,0.577177397123523,0.599471893790562,0.601519073847559,0.606718983765133,0.577437982284026,0.608293323336561,0.553503858448771,0.59575909143659,0.598724677447035,0.587240707164356,0.593328708846349,0.580968827309219,0.601835954722087,0.577427480576854,0.577039345972233,0.584526796498943,0.583122589404801,0.580729473383028,0.588397207633086,0.615316020963515,0.607890815738675,0.607499977549415,0.593586703996959,0.593599121278135,0.611635819379616,0.597553764756338,0.603780794308306
KEGG_MEDICUS_PATHOGEN_HIV_TAT_TO_TLR2_4_NFKB_SIGNALING_PATHWAY,-0.172815246522243,-0.13208551461928,-0.0875825485917509,-0.130918791591956,-0.166518640511367,-0.152269057673597,-0.128347123306713,-0.173586891315827,-0.116825759778313,-0.150268856082874,-0.175278376412777,-0.158346768874246,-0.105088975687863,-0.134265651742994,-0.0821529054993577,-0.141821289630623,-0.100985873524515,-0.171231036303138,-0.0883977448974781,-0.143800790085991,-0.0380106629675197,-0.100938260755551,-0.100406558692655,-0.121177428304987,-0.136078922985386,-0.151344462336982,-0.120242245845379,-0.128516631495422,-0.125205477534,-0.167725298931318,-0.175675137084287,-0.155832838305885,-0.122426823216836,-0.157275993988479,-0.136673393365048,-0.149971075979252
KEGG_MEDICUS_PATHOGEN_HIV_VPR_TAT_TO_TNF_JNK_SIGNALING_PATHWAY,0.649372658501006,0.635214034388937,0.646016140916982,0.66847360622634,0.628300226316904,0.630836244372988,0.665834050118037,0.654663551370155,0.64760872976618,0.613517061131589,0.639757960345812,0.635259079480201,0.648275234211735,0.634031259767122,0.657643263061848,0.648136376793255,0.649874645234177,0.649268687578342,0.641956984196098,0.656641236638747,0.646962786123394,0.641181282251084,0.611623386240942,0.657645337423552,0.650955125752636,0.641026276795032,0.65523015708475,0.660855357987325,0.606656727987764,0.61844312188461,0.71032366142447,0.653632281716608,0.658130236593227,0.675009962591371,0.643488464087865,0.67207205722709
KEGG_MEDICUS_PATHOGEN_HIV_VPR_TO_CDC25_CELL_CYCLE_G2M,0.509132361984062,0.433781290961309,0.538946231707831,0.53930425206363,0.521950002020605,0.48611385741545,0.468473116410695,0.490644159433579,0.435545149553613,0.564899865621514,0.483138699175711,0.540994909226266,0.46114110916855,0.391956471483225,0.515066556635779,0.538898037769175,0.476419155839097,0.502950745179261,0.521768893557405,0.44552121121665,0.566709595751445,0.561853388844582,0.547528635570349,0.504468654389357,0.454014239319417,0.589003125963486,0.477194718206463,0.444183826737442,0.51302103203092,0.552682743765408,0.590764061344376,0.505357460782835,0.452655708238966,0.487943435625364,0.52368601955909,0.503105707703344
KEGG_MEDICUS_PATHOGEN_HIV_VPR_TO_WEE1_CELL_CYCLE_G2M,0.483650005363414,0.391292378406964,0.567265256958114,0.516608270891346,0.492214666006413,0.463634256784334,0.453840804672524,0.489768245406145,0.407757229132166,0.586219576012438,0.489038911230759,0.531787046410037,0.426706837345994,0.328573783445638,0.531629782645448,0.519851755733222,0.477102628520037,0.493018571202781,0.482354555420452,0.403182985094987,0.599277212267864,0.557517639910759,0.544350672955136,0.485720763639937,0.396595332515859,0.595361755178612,0.437657700646352,0.406936740632463,0.487417181492589,0.580792049941133,0.602923863941593,0.504387675881328,0.407220075771874,0.449300540943591,0.509156716362765,0.504221148399444
KEGG_MEDICUS_PATHOGEN_HPV_E5_TO_ANTIGEN_PROCESSING_AND_PRESENTATION_BY_MHC_CLASS_I_MOLECULES,0.59530871849821,0.646635673538834,0.6165825881532,0.555207604867682,0.602432995108536,0.621341553675461,0.557886355859706,0.591806002748252,0.62184358321163,0.601173720295963,0.610892837205081,0.624746427965071,0.639800101435844,0.654635484985579,0.636860137675675,0.54453399118216,0.649187172155621,0.62072755521835,0.625556633413495,0.624254756639932,0.580222300908259,0.625947592517514,0.57718346638234,0.611321968199279,0.606189733834108,0.507930741093832,0.561511683633149,0.613368411847682,0.68897684678479,0.622523427620427,0.508341319637234,0.548384305985656,0.619092864940284,0.5907880731921,0.571283821423821,0.610252764605997
KEGG_MEDICUS_PATHOGEN_HPV_E5_TO_EGFR_RAS_ERK_SIGNALING_PATHWAY,0.669980141471359,0.661980300589711,0.6449590395702,0.650852915980837,0.662110000238088,0.656493381188668,0.662588422836347,0.658560615925572,0.637405100088759,0.657243955516899,0.649623290771651,0.662301917850536,0.640715780843939,0.649373288766558,0.657544624248234,0.647520553204525,0.651511529761944,0.647308810583042,0.64814471307096,0.645661689233002,0.657369355655915,0.677740554678096,0.668162963191729,0.666240798762567,0.651227792377112,0.63742277199262,0.656176160439739,0.646695348108293,0.64020840453413,0.664065781186211,0.65540811235756,0.65071967665947,0.658661677807964,0.666523476749815,0.653136239057677,0.668007931753878
KEGG_MEDICUS_PATHOGEN_HPV_E6_TO_NOTCH_SIGNALING_PATHWAY_N00380,0.591938198710764,0.524861999460987,0.502983346328981,0.471527788102459,0.622834456134048,0.540713461053295,0.468165462811128,0.518069023031574,0.459743893234835,0.533115823784157,0.531104297988372,0.518354642834845,0.498709811737343,0.510501224824547,0.530621323324551,0.581516632916594,0.523734160404575,0.562503725881535,0.504172426097691,0.456459593966551,0.551422229023056,0.580767394431638,0.566691891708987,0.534074779858904,0.485475211072407,0.560810886641858,0.608628066639395,0.493337342552317,0.58248886003416,0.531001749930913,0.57027004101928,0.611858988945646,0.541556636081495,0.504690006208348,0.547176603581166,0.512639834754595
KEGG_MEDICUS_PATHOGEN_HPV_E6_TO_NOTCH_SIGNALING_PATHWAY_N00381,0.571233782428965,0.50698827240357,0.487724667686888,0.483461044977333,0.607079470039592,0.527653892177748,0.470164701072916,0.50868660375321,0.458121554492804,0.509019547145674,0.523236336645716,0.506575096302987,0.487173213414908,0.507761654001286,0.527567946472006,0.565780107651763,0.512293311690444,0.552230929852558,0.514139019671832,0.456236648389256,0.534714803762715,0.58146579342373,0.556069228815373,0.519560346096837,0.491230608973129,0.544415167714046,0.602104071096705,0.494317092830347,0.573902670496078,0.510451059406806,0.544272394078487,0.602990878320593,0.535810036382858,0.50766255299158,0.559180126806531,0.496646177664209
KEGG_MEDICUS_PATHOGEN_HPV_E6_TO_NOTCH_SIGNALING_PATHWAY_N00382,0.583303958358011,0.51594811570885,0.505243184458374,0.488436953601885,0.610248170943444,0.536411399246727,0.488080450693566,0.523849719140693,0.476896313643501,0.527713724316936,0.526358436073367,0.511316270555862,0.500512453593886,0.511764567776608,0.531108467026142,0.589557391248463,0.526731874167999,0.557428707026689,0.513895839665121,0.472045804439642,0.5509074771152,0.582699290659508,0.551079746272905,0.533753735513772,0.50092226652166,0.56352079714968,0.596415602311445,0.508759494810243,0.580117947339915,0.532110705161399,0.552991676773142,0.607976736669155,0.54361087484143,0.517318808973912,0.559328692435235,0.51805198016961
KEGG_MEDICUS_PATHOGEN_HPV_E7_TO_CELL_CYCLE_G1_S,0.565712808887091,0.500724718657461,0.532795707256737,0.567410982565676,0.580556704590284,0.490187782510592,0.508123625906292,0.526859743298121,0.504384468835595,0.615058094094289,0.51160128221817,0.578366534902438,0.53165147870101,0.450169322097025,0.545835413415788,0.557989713270473,0.524110392754741,0.521779729831342,0.541254673336411,0.48612770308938,0.597373983928773,0.571857238937903,0.57175432231489,0.526020492265127,0.499406759413315,0.638122776012199,0.526461955179153,0.506722395979835,0.560300293552029,0.60319290112833,0.60186036064638,0.566456440453189,0.504176029583786,0.522374116431645,0.556173237388749,0.583973030954923
KEGG_MEDICUS_PATHOGEN_HPV_E7_TO_P27_CELL_CYCLE_G1_S,0.521345438103428,0.438888696733139,0.532500217069603,0.533960864413094,0.541082902026222,0.476424414958281,0.450368197370979,0.48659512873081,0.468062264833927,0.580622932523746,0.471763049194381,0.533244739390476,0.493825390004416,0.407994960158693,0.510359103647038,0.553258223363187,0.487099304523711,0.495969746799981,0.508958203431209,0.454136414995134,0.57947661321266,0.558996524746579,0.549120913109277,0.491806786890194,0.465251580969597,0.630836045600781,0.474673626023614,0.467649869906584,0.512235285154188,0.5603227592908,0.568988628753209,0.514542974035293,0.454750679487,0.476672384613069,0.51991330856762,0.524711466974951
KEGG_MEDICUS_PATHOGEN_HSV_GD_TO_HVEM_NFKB_SIGNALING_PATHWAY,0.529348845694783,0.595575436004667,0.561836114749059,0.527200614437513,0.536450990778041,0.553770962331601,0.531953639648841,0.548122733300608,0.581750365101692,0.500589410041124,0.574798342856287,0.525714259171187,0.544372411118724,0.571111076887523,0.578773636620977,0.513331386809429,0.564963192620222,0.5745135908694,0.546212208000499,0.550395709397479,0.545933799816443,0.547794777676605,0.550717184066292,0.550249515659834,0.521660829686985,0.530419479256669,0.584061706420413,0.532480046014715,0.604749260786647,0.543436649135334,0.53378799579493,0.507898846399495,0.573070275069701,0.529512260348434,0.491399917013059,0.53184086581161
KEGG_MEDICUS_PATHOGEN_HTLV_1_P12_TO_ANTIGEN_PROCESSING_AND_PRESENTATION_BY_MHC_CLASS_I_MOLECULES,0.603469060486482,0.650982329211943,0.620680476141969,0.567774336452687,0.609085736996376,0.626196815117549,0.568138292002406,0.596556143535962,0.632012573389762,0.61582741567962,0.614824585765727,0.627663964886689,0.643640454378856,0.657345692277408,0.642467353073697,0.554547316684557,0.653021381828826,0.624456613865962,0.631218382757198,0.630982095688925,0.588837761599335,0.631151958933549,0.582689985874325,0.617657432808431,0.611420970773864,0.513832501307901,0.569858271199391,0.618577776226472,0.692595512965073,0.629451708836282,0.515886446730556,0.561982678560851,0.623944463162072,0.59668342718266,0.576832634089718,0.617170974349961
KEGG_MEDICUS_PATHOGEN_HTLV_1_P12_TO_JAK_STAT_SIGNALING_PATHWAY,0.417343662913502,0.524195327108119,0.49706285866038,0.413012304056771,0.452764358304592,0.493485712252731,0.419076832210381,0.431489069195918,0.54472169748466,0.444753919897486,0.478431248557859,0.446431355219614,0.461052954106615,0.512823710563009,0.529068189014792,0.420945677511922,0.521892180419334,0.483142523030786,0.465719853856428,0.485540618929735,0.459723741135229,0.505238305941036,0.401197454741857,0.447669490378482,0.436612541996808,0.349311624492444,0.458205626502759,0.434879337894787,0.590287343628542,0.480849980001789,0.391785786061091,0.38862310743903,0.505598711894828,0.420397424793626,0.359942675476821,0.45069018831418
KEGG_MEDICUS_PATHOGEN_HTLV_1_TAX_TO_E47_MEDIATED_TRANSCRIPTION,0.530536240825082,0.564089845380638,0.594719495467044,0.578824090220059,0.571111748675819,0.570264749431249,0.536560000482338,0.533400860413912,0.593623445324817,0.558614020330168,0.605436321851731,0.58563220301122,0.61945122427691,0.56518270936044,0.592251550249078,0.582191999704635,0.599832542719478,0.581543489677029,0.590176664972674,0.571113277077667,0.594658308208832,0.592956110344243,0.553573442659306,0.547550044163187,0.551436313900287,0.560241384538059,0.575937593170128,0.532047292833761,0.650710954562204,0.591419169031434,0.540679836927579,0.563400079677472,0.545538860332664,0.531891768989866,0.568452389913806,0.549340827142353
KEGG_MEDICUS_PATHOGEN_HTLV_1_TAX_TO_NFY_MEDIATED_TRANSCRIPTION,0.384515704726984,0.482157403713457,0.375365460424519,0.332485834180444,0.288192287942772,0.429589086143777,0.351599509875932,0.389370374711741,0.521070744721198,0.327363519409165,0.456238521432644,0.428501739715468,0.418391233040785,0.487648653703718,0.451175310881451,0.264696684145294,0.510123417998242,0.464074320976795,0.439237704093422,0.427028055854246,0.339919657410687,0.432401600724907,0.319650036930476,0.429150818084517,0.402308036059226,0.136489892781198,0.385945578102336,0.412996777525574,0.526566386642067,0.358974816918983,0.30281972401841,0.31119608747416,0.4343373067385,0.427493016871546,0.215756216215748,0.404445746387805
KEGG_MEDICUS_PATHOGEN_HTLV_1_TAX_TO_P21_CELL_CYCLE_G1_S_N00497,0.565865534022292,0.504297506952962,0.579185852545163,0.555191374465032,0.574965585887454,0.529737109264919,0.506061775961699,0.540696479993368,0.52255177164106,0.613015112567581,0.521400342065771,0.572987662353288,0.543087844332853,0.477502493463335,0.560222999976653,0.592626267659213,0.542590039586102,0.54613127964537,0.554720471642426,0.515717504536247,0.608258649765797,0.596327033812459,0.579213728323394,0.539363223770586,0.517630206342389,0.636718068530512,0.535329758657324,0.518924705778745,0.564917990410917,0.597466616934153,0.586813590380792,0.55096370025591,0.51168588285067,0.526286539741513,0.560440584951676,0.560935749702334
KEGG_MEDICUS_PATHOGEN_HTLV_1_TAX_TO_P21_CELL_CYCLE_G1_S_N00498,0.549883931890448,0.482711842644335,0.561283624326752,0.540513557079242,0.555931655853575,0.512290970119272,0.483109697435589,0.520775280351741,0.502969901350266,0.598462196877109,0.507784261028046,0.557647225158136,0.52606677361067,0.453746782244786,0.542695340942623,0.574709770710081,0.523591537953268,0.530726676034743,0.540208987012672,0.494145795642308,0.593549952036519,0.577901321251993,0.562787932216723,0.523998758951482,0.502885292494738,0.620542571270604,0.511288054741046,0.504475516580163,0.545128946321525,0.583737058477578,0.583704935615531,0.533646200626664,0.494348124247284,0.509365025002796,0.536305343817289,0.555888012272233
KEGG_MEDICUS_PATHOGEN_HTLV_1_TAX_TO_SPINDLE_ASSEMBLY_CHECKPOINT_SIGNALING,0.565850725252744,0.537420203609104,0.566925236129643,0.580375783538163,0.575657614709114,0.564493405554692,0.538331617631018,0.568094263965259,0.535339975197937,0.592819280220275,0.565107282919121,0.594451190780471,0.571217546254864,0.519817284772926,0.566421256718134,0.590485100537548,0.547301430841004,0.567451135679174,0.579917891685556,0.537498897245083,0.588460401226367,0.580930883756086,0.586583722427852,0.553497758508353,0.53353020858875,0.606732009302619,0.55547662517715,0.552720040968021,0.574017517187642,0.561491000127923,0.601160818897525,0.562105240104346,0.544929667708999,0.554260996590761,0.569201498710922,0.563612424158149
KEGG_MEDICUS_PATHOGEN_HTLV_1_TAX_TO_SRF_MEDIATED_TRANSCRIPTION,0.667594751002107,0.755732333910226,0.737929881375891,0.624528867992176,0.657560484979385,0.72539576239072,0.647851898410188,0.675690885029235,0.668737080099342,0.707753257092433,0.74152859407917,0.573304204172651,0.666535887097161,0.727558367384979,0.696171751049942,0.672141956368881,0.731368465915417,0.733828661123165,0.703340654270867,0.662026341269432,0.720642308881077,0.671521176532193,0.713013606698413,0.676872397093326,0.676223149836881,0.62980243164483,0.709945095201531,0.690601740844342,0.746587141585586,0.73510877890698,0.629324591703929,0.659942100611427,0.714240507951488,0.63606450117381,0.618526934327911,0.72461026235597
KEGG_MEDICUS_PATHOGEN_HTLV_1_TAX_TO_TNF_JNK_SIGNALING_PATHWAY,0.516994626690888,0.579656586513168,0.603194844030393,0.476127510197651,0.428505122881989,0.542291410426587,0.560719439970652,0.531896183559593,0.584359990869084,0.484989982415708,0.57343007385011,0.511718370818459,0.451383423221497,0.537171103008128,0.57072541756724,0.449838178819422,0.555299392788094,0.586054380315808,0.516370343998595,0.550292894206972,0.558346537679277,0.535814315891805,0.508864196665325,0.552383232414446,0.454421562667267,0.520866315377391,0.566957024944448,0.538305134646163,0.562860782572923,0.550337582171371,0.589061120316986,0.508123882989959,0.522755571512463,0.575126817944169,0.503658359922198,0.537114440055604
KEGG_MEDICUS_PATHOGEN_KSHV_K15_TO_TNF_NFKB_SIGNALING_PATHWAY,0.557868172314918,0.593297462046141,0.546923963121479,0.548573673876606,0.559513535554831,0.548801201329794,0.556076528289119,0.550314524245562,0.558067198147864,0.55431351390524,0.569939926239432,0.554526800327221,0.549827861301916,0.581040110020653,0.578370747871539,0.549410788843322,0.571944106635036,0.578621247433519,0.569507863832697,0.560052125792679,0.577786681115977,0.563752952988373,0.547339819235084,0.559106614424516,0.558664816571288,0.584436368892153,0.593878378747057,0.546749265661294,0.610632272099628,0.573227343412372,0.552967133633458,0.553634146880607,0.580872619654215,0.561813444554141,0.569433035452003,0.562767295661695
KEGG_MEDICUS_PATHOGEN_KSHV_LANA_TO_WNT_SIGNALING_PATHWAY,0.638190294139582,0.625445198929856,0.640857714401939,0.639681123293815,0.664198535296756,0.625627887895742,0.60793669979404,0.610803048666334,0.626947950232244,0.614959617934176,0.621178764044768,0.573030927238471,0.59975756848948,0.592947145510001,0.660561936902811,0.64845602512595,0.611770493550219,0.597202647801906,0.593946040657548,0.607304077357849,0.640971893864259,0.621849541095775,0.60392645678571,0.649761016114834,0.61315121625692,0.574388061413044,0.630073930725244,0.620003449248947,0.613761601189128,0.591620906845764,0.591663245871849,0.618616117159169,0.622071690207981,0.611399324008968,0.598262871591225,0.603490571851612
KEGG_MEDICUS_PATHOGEN_KSHV_MIR1_2_TO_ANTIGEN_PROCESSING_AND_PRESENTATION_BY_MHC_CLASS_I_MOLECULES,0.574030821706504,0.629930889103114,0.594357804562695,0.531890354027853,0.58054453575689,0.600706812520955,0.532531109901965,0.565798326028075,0.607510264511811,0.588478082792763,0.58729812504853,0.602510257878892,0.621381802665092,0.63746961695174,0.619882271011918,0.516502923198979,0.632321587792457,0.598699708328487,0.606748764686119,0.606552584528731,0.5567285196913,0.606581919315591,0.54953864854653,0.590659430632961,0.583461178666435,0.470212519506026,0.534408753476102,0.591819090802486,0.678776203948629,0.604543998173372,0.47045170760728,0.525391678866375,0.598131472910714,0.56602301387508,0.542931769522928,0.590110753660175
KEGG_MEDICUS_PATHOGEN_KSHV_MIR2_TO_CELL_SURFACE_MOLECULE_ENDOCYTOSIS,0.427575784152225,0.561967568330736,0.509148617237287,0.423424401505853,0.447373065373661,0.500783550038451,0.385980867930844,0.435551508375527,0.551383571148025,0.45329882933159,0.500467354338949,0.447992597430459,0.460223453654926,0.547291544098452,0.558088667116645,0.342601884269506,0.534595535693197,0.502571906306535,0.479990835463474,0.458277390902758,0.455133650740784,0.536584415147067,0.348580697943589,0.507856919289251,0.464204805447796,0.331958980646805,0.446431673302576,0.471272062538128,0.585799231452916,0.492116240674024,0.406617718292129,0.374138723735573,0.481050039018178,0.453130678170893,0.39808268556485,0.446721708461695
KEGG_MEDICUS_PATHOGEN_KSHV_VCYCLIN_TO_CELL_CYCLE_G1_S,0.569561696648087,0.505179108976876,0.603700978047428,0.608344722991117,0.616761749548334,0.54067502345871,0.544342388715914,0.511361398444969,0.525791876679054,0.636749299550826,0.577481333696855,0.611339376909969,0.590843541512398,0.467979817527421,0.553099446222339,0.538319808569648,0.557830807794027,0.572071266891071,0.579776949559504,0.478643899897677,0.656754407391729,0.618360330010475,0.568169326240433,0.538723973468466,0.535486865437311,0.704861153005164,0.578689581781027,0.524782984581709,0.597128805069638,0.648015611529577,0.661225482587632,0.592229089153936,0.513815570747237,0.533771749386235,0.608438712646741,0.568562084784264
KEGG_MEDICUS_PATHOGEN_KSHV_VFLIP_TO_NFKB_SIGNALING_PATHWAY,0.557763147158629,0.598271422002803,0.548093355682212,0.526677767739188,0.555652534880164,0.558567599862751,0.563390271344361,0.551885353704679,0.55699042204068,0.535887510523304,0.564386219395683,0.545080246917012,0.545347667165079,0.578149966160408,0.571444796476299,0.551007688649947,0.578515774204807,0.56978238092223,0.563573818692966,0.560163946082831,0.567489501488999,0.56090608122515,0.542709281953368,0.555208392212898,0.555764949860059,0.573009444397593,0.588573151933578,0.540008248924023,0.61720986602866,0.579819198082643,0.531114769745746,0.551014381813167,0.588211323435124,0.563705828358529,0.569337174292268,0.565025831055563
KEGG_MEDICUS_PATHOGEN_KSHV_VFLIP_TO_TNF_NFKB_SIGNALING_PATHWAY,0.555641749222419,0.588221672531985,0.548814286141905,0.542137923659158,0.548036736491949,0.548832891120093,0.556108586181146,0.546756728237525,0.547033027547273,0.543004488233903,0.567782828474723,0.552700507858215,0.548336637173003,0.584135905153121,0.573346766212799,0.542486679867054,0.569288286093679,0.576812492910113,0.573545680503773,0.560890228933619,0.568008497690706,0.560829537423038,0.55151255119213,0.550998590665306,0.56282768186664,0.586297870137945,0.591254592101916,0.546882455446037,0.618498021858276,0.568444602020995,0.547770282060137,0.554505648161307,0.585017555714981,0.558480245068195,0.568887915180437,0.55479522540849
KEGG_MEDICUS_PATHOGEN_KSHV_VGPCR_TO_GNB_G_ERK_SIGNALING_PATHWAY,0.592430647573645,0.575207646868862,0.583624758453195,0.584715726101022,0.627998686055894,0.599149209535728,0.574940542247852,0.588790828259856,0.532648519242391,0.606320675076025,0.611360065039593,0.613573694684247,0.611928086979298,0.545317720486184,0.604434161711739,0.573775988931873,0.579933618705288,0.599198994074646,0.582374916687276,0.587908564999119,0.591920681176292,0.600419357160214,0.605326220753543,0.611802245332564,0.574136061616598,0.567871426761518,0.566948882757914,0.582513916755455,0.58522250272773,0.600844924720306,0.583408055953943,0.565337169058921,0.604471015349626,0.577425244070455,0.573193282347232,0.578168562647276
KEGG_MEDICUS_PATHOGEN_KSHV_VGPCR_TO_GNB_G_PI3K_AKT_SIGNALING_PATHWAY,0.527706998571336,0.494530296394147,0.489485632442809,0.51999665872264,0.556629400670121,0.517109988081439,0.518614276352293,0.503196346160338,0.459081479145416,0.53210490309315,0.535301491669558,0.543815070745276,0.547869513327149,0.459429977126755,0.520505519926717,0.481102484257255,0.497974953140574,0.523535842442446,0.50826911079716,0.526009864657349,0.498590304370093,0.527996501113848,0.514198130606341,0.534143970297103,0.496053267851143,0.487618274829013,0.484203968037973,0.512350315295838,0.53324102165652,0.53814484883423,0.505094970926712,0.505500633632221,0.534321061466973,0.505132371438448,0.514954031827675,0.496159715329563
KEGG_MEDICUS_PATHOGEN_KSHV_VGPCR_TO_GNB_G_PI3K_JNK_SIGNALING_PATHWAY,0.521805752421074,0.525021466782133,0.501149108873614,0.521218934468299,0.55410916600277,0.524438515928203,0.514185424008244,0.514502564337007,0.481045665986095,0.525809166215479,0.545311740129436,0.54164154908992,0.548342536383655,0.474938093575036,0.545705404317342,0.486598393919643,0.508508813808111,0.534225441664692,0.519090301514068,0.527672642183488,0.509114765480535,0.53413111026445,0.511811380756818,0.534977045258204,0.507204163363283,0.489028756450835,0.508178599743867,0.515891495466199,0.54285424245643,0.539283355326545,0.518591608471147,0.504005486287466,0.540471473916444,0.51537324058026,0.504081980423025,0.51266817955941
KEGG_MEDICUS_PATHOGEN_SALMONELLA_AVRA_TO_BETA_CATENIN_SIGNALING_PATHWAY,0.619948454121681,0.617854418017243,0.620104507504678,0.613379417889784,0.65307420915543,0.613846018121823,0.568714106980394,0.600314696442445,0.629752387076093,0.598659889894871,0.613339563147052,0.568406372118916,0.578081479425032,0.589922401765772,0.651151782606448,0.648004026325033,0.602576511970032,0.5930784183586,0.592034661266813,0.57225388202736,0.626548905597959,0.603830166411315,0.592245367279719,0.63477361955765,0.594023141782783,0.551019379529133,0.628108001833738,0.599836519138645,0.612607524182939,0.565438995924867,0.565343314646744,0.602739935456002,0.612182817638342,0.571077851911371,0.578599570946581,0.58737137187282
KEGG_MEDICUS_PATHOGEN_SALMONELLA_SIFA_TO_MICROTUBULE_PLUS_END_DIRECTED_TRANSPORT,0.517378193186078,0.514046638538977,0.51546734963785,0.518055652084825,0.539013054999679,0.52558257467675,0.525404839421948,0.502789799030349,0.504764782450127,0.531468437506772,0.532638913728075,0.503339151022865,0.518366470270693,0.523674166781858,0.538492414025148,0.535931032924185,0.504263184398623,0.508688552315822,0.530156367362172,0.531655419943156,0.531580753443367,0.559211996248803,0.523376766248819,0.505161170055805,0.515820028826806,0.536326826757537,0.525634518466367,0.52794821106403,0.48486818790814,0.51219813544019,0.559393821293729,0.528736216076342,0.511042082713077,0.494464358959885,0.534703065194515,0.498007411935874
KEGG_MEDICUS_PATHOGEN_SALMONELLA_SIFA_TO_TETHERING_OF_LATE_ENDOSOMES_AND_LYSOSOMES,0.635902383824261,0.638443662617119,0.609252167432255,0.589643165507514,0.61838432349811,0.63579632799249,0.608770898891642,0.626124498696512,0.624731889790827,0.634092731003779,0.627387667185838,0.641256801172037,0.638785213933662,0.644003239275567,0.59988126721974,0.613450122966486,0.620855073636461,0.633061102509377,0.62913722156331,0.626811078794386,0.614147905186554,0.619155407965469,0.631698133529443,0.604229472154961,0.639174422041646,0.628352970773715,0.61574975283124,0.602016177348284,0.657511267802568,0.629474413136218,0.612314575274189,0.618642030579545,0.635279611216526,0.621065802485232,0.638510164106474,0.618432870018411
KEGG_MEDICUS_PATHOGEN_SALMONELLA_SOPB_TO_ARNO_ARF_ACTB_G_SIGNALING_PATHWAY,0.651313594251018,0.672970122073555,0.657227307622107,0.634465290465317,0.664018361467467,0.65162446234665,0.653324166687467,0.646248577564351,0.663149636183478,0.651192644765037,0.66083552652388,0.64557841143405,0.651139186579801,0.653945572534915,0.672134150688534,0.630287851803437,0.663610459579913,0.651045776230218,0.634435249862682,0.647708336258545,0.653848118866253,0.673482590449527,0.618806583020653,0.657886332984488,0.656725892221866,0.610213946758769,0.650885564290173,0.646299422028043,0.667803081558542,0.672655554773132,0.661723535644242,0.656675748590666,0.665408223834182,0.666966428821939,0.65983871957275,0.662627288378626
KEGG_MEDICUS_PATHOGEN_SALMONELLA_SOPB_TO_RHOA_SIGNALING_PATHWAY,0.358275286005453,0.423214087058441,0.400494725200312,0.433678085520079,0.46071737922222,0.402289254973322,0.395415496322632,0.426682576834811,0.445699030566052,0.420066262939568,0.418313397334377,0.364393727100295,0.380516368715137,0.431694573645121,0.400984280495549,0.399907747615142,0.393352547651449,0.440801805407557,0.450106887495581,0.430269241139728,0.38713837941965,0.401440652914175,0.433582165711821,0.386577986906927,0.410671779857222,0.386514987825119,0.422316032294796,0.413628328342964,0.457846228512454,0.50765074223049,0.449029299266297,0.435211796458177,0.406440193324755,0.448859440908835,0.348527307123283,0.396242984042254
KEGG_MEDICUS_PATHOGEN_SALMONELLA_SOPB_TO_RHOG_SIGNALING_PATHWAY,0.639621651832747,0.643266610322693,0.621381134952515,0.620780529319699,0.64514009976099,0.615665288353989,0.613602940794707,0.60808103050021,0.609629785858578,0.612404720015483,0.651575145873342,0.649440395711982,0.649222855369864,0.624954012388983,0.632305888316142,0.555239814584623,0.62636613027306,0.634260671994778,0.640054638162988,0.645419630951516,0.634322042886746,0.635039593524067,0.616074354764603,0.649756235885835,0.62772195714759,0.571927565408731,0.639915410792021,0.654573813894022,0.632489602239726,0.58747467177681,0.559737991917589,0.650880929740905,0.63665212759173,0.609752856827807,0.633135711214169,0.637073109927459
KEGG_MEDICUS_PATHOGEN_SALMONELLA_SOPE_E2_TO_NOD_NFKB_SIGNALING_PATHWAY,0.56403583703145,0.606314336171778,0.562643101182633,0.551393014355479,0.570351264056217,0.578981205773159,0.567781876968932,0.567681713378693,0.576942508585741,0.550894049752701,0.571224862081854,0.557555759758495,0.554968450554421,0.579374179219889,0.579102368542569,0.559823398676211,0.584014930259091,0.587882223659889,0.57602980590765,0.55696253133042,0.573947295980373,0.570659370037611,0.555672512216072,0.565041232472024,0.559355173901217,0.554428052295531,0.605057198660625,0.547285804051136,0.622531619896117,0.586723387821046,0.542441169833975,0.565000447509638,0.589840829508829,0.575153206358639,0.566076339943685,0.582133261997409
KEGG_MEDICUS_PATHOGEN_SALMONELLA_SOPE_TO_RAC_SIGNALING_PATHWAY,0.70200125587339,0.719158615369029,0.723425712571629,0.708494832755987,0.710857009975661,0.709552275167214,0.715856917446516,0.709638371188508,0.718641779635037,0.711971603177799,0.714873409289155,0.705221364847543,0.705117389769485,0.707525166356057,0.726030954458403,0.694345189360361,0.716579982503588,0.709673864336336,0.69414366912007,0.71115237553632,0.704254332752877,0.717939450019235,0.686294129747835,0.713151199119654,0.712516104515708,0.683290564954652,0.70432791370698,0.70683229795971,0.699919748103731,0.719086355039765,0.713923146943017,0.711792573931996,0.714653153713921,0.720824414534158,0.713698872044727,0.717380616870275
KEGG_MEDICUS_PATHOGEN_SALMONELLA_SPVD_TO_TNF_NFKB_SIGNALING_PATHWAY,0.634889415903024,0.666182983055147,0.632351037307674,0.626587784943679,0.64295007782304,0.6469418847415,0.638947169502605,0.637552042559151,0.634217219100275,0.636381234812695,0.623365944764738,0.595653467604162,0.607919620903713,0.640980122103499,0.659998010776829,0.622537026489765,0.650123961190367,0.630311455879039,0.618126311003548,0.606150795728264,0.635488735975464,0.644225144461092,0.617296972145354,0.648267210604257,0.644409670673212,0.644074967089031,0.645393563607877,0.607870004039041,0.645786290374268,0.666906414975831,0.655053116483195,0.636790376705019,0.649969474651888,0.661145374534543,0.630236804393165,0.66315662635759
KEGG_MEDICUS_PATHOGEN_SARS_COV_2_S_N_TO_LECTIN_PATHWAY_OF_COAGULATION_CASCADE,-0.0102761073382988,0.138289434439255,0.125528360821403,0.104924424320237,0.0536318545163727,0.0461956352473608,-0.00443439526331914,-0.0352829643115097,0.0657490511798082,0.00695976124594568,-0.0170580374747044,-0.0750082433470283,0.0450725443590335,0.253450695821292,0.0802877038730857,-0.0266437120867637,0.089224231969438,0.0286541007524916,0.0229500501564924,-0.12504362694403,0.036628319153414,0.0863597276497056,0.103027836899676,0.0129750873684345,0.0854832104832138,-0.015476582426126,0.158729187789408,0.0943659573236128,0.126435134876976,0.0187603360767109,-0.0128484126553129,0.180708604192274,0.187169229410764,0.190963478112399,0.00151654248195511,-0.0564513012453261
KEGG_MEDICUS_PATHOGEN_SARS_COV_2_S_TO_ANGII_AT1R_NOX2_SIGNALING_PATHWAY,0.31056036008243,0.355778079651275,0.314609052932732,0.260949727040882,0.328015715137935,0.326385072832281,0.228223717160492,0.31918607106732,0.316566681489423,0.302875203220796,0.390375670185233,0.263511994092451,0.334615063784853,0.358940969060658,0.411035069940286,0.239954287582593,0.324954827961512,0.291695977701432,0.328263880215374,0.30065178975399,0.381512595251424,0.323701695227399,0.319032672115517,0.374984473109672,0.32681628784411,0.213897737871801,0.342260000721446,0.281426006147892,0.389395018510144,0.345175119246829,0.280762968464329,0.280230551604522,0.384704642400339,0.339231266168341,0.221964474324365,0.329842583164154
KEGG_MEDICUS_PATHOGEN_SARS_COV_2_S_TO_CLASSICAL_PATHWAY_OF_COMPLEMENT_CASCADE,0.702532168108404,0.770159977771599,0.736647349641676,0.65523268660849,0.661214302657499,0.752807901481566,0.671657226151172,0.752004314100854,0.767561372034448,0.7387104195982,0.756531212102142,0.715850724778212,0.7336375709808,0.765251885581263,0.760597888079983,0.602160366253773,0.756680873901617,0.761812928695808,0.730490827881094,0.70891245780665,0.719571401229293,0.746397493194007,0.71580606325057,0.753584642613009,0.729919067192442,0.586211724238376,0.753969420527108,0.726070619313347,0.770706207785137,0.717910236707876,0.668209258140319,0.664100029550281,0.754647729436937,0.742132540681926,0.650872140260333,0.737521943403288
KEGG_MEDICUS_PATHOGEN_SHIGELLA_FIMA_TO_CROSSTALK_BETWEEN_EXTRINSIC_AND_INTRINSIC_APOPTOTIC_PATHWAYS,0.530363868483814,0.652038049942486,0.616283268933872,0.513261937933673,0.485558908274388,0.547466230725048,0.559349110571536,0.635728604699695,0.618758993846511,0.513503015332538,0.600593941095285,0.565695232227231,0.548322414167321,0.596527233013754,0.594825418931395,0.560165561518847,0.62164888617016,0.614568025366915,0.594894428168343,0.603438000294719,0.567488108023499,0.570561775638424,0.53686243500507,0.54954228111446,0.576011209232034,0.533966991554706,0.563456394890955,0.575374121546998,0.679036039143024,0.598735433966049,0.521045120038943,0.548690009902383,0.62891194058754,0.569843018778385,0.541629780651923,0.57014210635449
KEGG_MEDICUS_PATHOGEN_SHIGELLA_IPAA_TO_ITGA_B_RHOGEF_RHOA_SIGNALING_PATHWAY,0.381658146031859,0.439633619565561,0.410477331077282,0.441863803501553,0.472423708575656,0.417226145693223,0.418824294293406,0.441974036303044,0.4593668340095,0.446014558887928,0.430278893406699,0.378711875095574,0.395915827502396,0.439787265868537,0.419511671634334,0.416031152676797,0.411018195984378,0.450275422104937,0.453871992717013,0.446712461590052,0.412955401949751,0.414225250471255,0.440814481518421,0.404964843635292,0.425622904582813,0.403049229890546,0.43254869453128,0.424686488568436,0.456273109230432,0.514785320014644,0.459253718464843,0.441736078172225,0.421464375372794,0.462573691207437,0.36031604687138,0.412684448875208
KEGG_MEDICUS_PATHOGEN_SHIGELLA_IPAB_C_D_TO_ITGA_B_TALIN_VINCULIN_SIGNALING_PATHWAY,0.673131126334429,0.702832849909965,0.702148559434828,0.651580393687915,0.715998290625777,0.690861116439894,0.631067289265996,0.678555583310291,0.680021905687594,0.680177581832593,0.682846791228584,0.655255365223148,0.650174663988571,0.681432533502455,0.691536089198243,0.681519817177696,0.692025795849605,0.706860304598997,0.65951826969226,0.647262453984009,0.696059637347495,0.694498795041541,0.67356189866918,0.694053832287847,0.663781469131434,0.642420060724433,0.68635985244764,0.647694512980009,0.707241136493642,0.710597479608678,0.674124179477474,0.680749824233729,0.702601534490205,0.670226678499186,0.655333187600781,0.671925048777321
KEGG_MEDICUS_PATHOGEN_SHIGELLA_IPAC_TO_ACTIN_SIGNALING_PATHWAY,0.689562767656762,0.725715707460093,0.726726768717131,0.706915201080291,0.721322143044459,0.714770130729388,0.706419353799327,0.706513306062339,0.72114393157082,0.709749587997572,0.726699591134439,0.716701301937243,0.703578028385677,0.714846494714945,0.72627830311417,0.687524785487744,0.721379237500232,0.716958206550276,0.705081753726339,0.707293383535468,0.715215999081543,0.721757235143338,0.703439601283267,0.707010526732588,0.706397127337557,0.697768785565236,0.705542967800923,0.704178042281823,0.728355124279903,0.719716676138853,0.714480724013064,0.694021096470994,0.710579202233309,0.710434585254668,0.711555082950236,0.70444876579248
KEGG_MEDICUS_PATHOGEN_SHIGELLA_IPAH7.8_TO_NLRP3_INFLAMMASOME_SIGNALING_PATHWAY,0.494795438518188,0.585365997831652,0.560857122583332,0.506505659044368,0.43186532223736,0.527204604482693,0.472172877107981,0.464073800417031,0.553064944415541,0.459281321701213,0.557986344190718,0.484200936575319,0.53527293229447,0.601495203543343,0.569598569882861,0.358147561579368,0.536324430766794,0.522800579897925,0.553575318593466,0.541452309445833,0.486165940004355,0.590256001661887,0.467681922623422,0.559087847992325,0.542089292783929,0.279846615360897,0.488993187809075,0.556122519863164,0.608291209639991,0.541920372258898,0.391494611585104,0.505305653671836,0.570993124304184,0.548149942994228,0.472809948105031,0.514124080642962
KEGG_MEDICUS_PATHOGEN_SHIGELLA_IPGB1_TO_ITGA_B_RHOG_RAC_SIGNALING_PATHWAY,0.657794839834194,0.652190576999893,0.630362112595043,0.648213061784076,0.661022886495507,0.625493013587543,0.626234093110995,0.633642059656069,0.634802299278658,0.622643625780302,0.659208219500737,0.645510374161736,0.660731868823069,0.63136235694753,0.643074190880056,0.616298573290489,0.631588015548856,0.632330124912535,0.652336942432504,0.654838446566947,0.654490191076054,0.628681950949942,0.637114977505564,0.661987988536058,0.639435656111226,0.583033513109228,0.651990657281314,0.667092837797404,0.63998880124048,0.623987814793971,0.602529952275496,0.679771305700539,0.643527402529526,0.618757020447104,0.658403910326532,0.654284335698305
KEGG_MEDICUS_PATHOGEN_SHIGELLA_IPGD_TO_ARNO_ARF_ACTB_G_SIGNALING_PATHWAY,0.663287999824647,0.689308957761398,0.675593779035149,0.65052433568974,0.67028975657085,0.664595424619478,0.667135660544916,0.66138781901521,0.683518640200856,0.665845579699734,0.67927000038481,0.664009944721893,0.662518700285767,0.670467311420008,0.688681436709549,0.640555311601665,0.68134429250422,0.670352684488105,0.655329801931086,0.665340489759776,0.667827238960656,0.688655524336278,0.637331594993361,0.671056326310522,0.673457359804241,0.626737895103195,0.664824751864374,0.663091078015701,0.681675685637743,0.686085188253573,0.672264251551483,0.66995362106899,0.679063389496452,0.682639986179173,0.669979145180525,0.676840331252192
KEGG_MEDICUS_PATHOGEN_SHIGELLA_OSPF_TO_TLR2_4_MAPK_SIGNALING_PATHWAY,0.573718342009061,0.576868762362066,0.58164396820296,0.54136169857013,0.612044877215398,0.582722377919689,0.569521916543804,0.579091095949904,0.539442578751458,0.582912151821955,0.601935290824217,0.61052520544491,0.565350005929471,0.559405500468884,0.582276266985477,0.571060203219714,0.562799095475557,0.594389955203691,0.567632122557282,0.534617812954722,0.600468195006968,0.588915637018911,0.605793909367219,0.569140000809044,0.553147087644023,0.624420304377735,0.601903938687964,0.574187307891581,0.589553373074629,0.568987742447117,0.623067915023939,0.562990353070596,0.590548411339598,0.555786384941919,0.610313993301148,0.574289979901798
KEGG_MEDICUS_PATHOGEN_SHIGELLA_OSPG_TO_TNF_NFKB_SIGNALING_PATHWAY,0.654573385341614,0.666272205365208,0.672136448807336,0.671082178040016,0.644815271635701,0.664683621148241,0.684269796773662,0.664301419019393,0.655497823515783,0.655040988141529,0.663409640696405,0.668788855412913,0.667201710004011,0.670726030108831,0.662813781353456,0.645087124696779,0.670487948869454,0.668375637722636,0.659995974404415,0.67475997648716,0.64418271667257,0.656669531118934,0.623708434552182,0.672681016833747,0.660103108568468,0.615653543471876,0.636755881719045,0.675086572300113,0.664605572324783,0.645747449673359,0.658014324554465,0.6659750388527,0.678378575466432,0.690932825967339,0.676153013646786,0.679584229658263
KEGG_MEDICUS_PATHOGEN_YERSINIA_YOPH_TO_TCR_NFAT_SIGNALING_PATHWAY,0.449848905669469,0.523233301914023,0.479446441002223,0.27261417101393,0.480126633631163,0.459118011537235,0.365221197229965,0.390307142764798,0.482198219718484,0.437486428685677,0.493187895264312,0.489795810925752,0.459290141381396,0.491255064533273,0.510490119172189,0.339606137153969,0.520967487846212,0.510293775570079,0.429963420503606,0.403599667584197,0.456506534008845,0.484121925706152,0.399474393235005,0.491813615029762,0.377628265311949,0.35507363330047,0.451534501917622,0.454871228624989,0.541983905211238,0.475477999858299,0.381304682901911,0.379130496487395,0.501496948900985,0.405354046010867,0.403416496369245,0.443646051807725
KEGG_MEDICUS_PATHOGEN_YERSINIA_YOPP_J_TO_TLR2_4_MAPK_SIGNALING_PATHWAY,0.577318391450739,0.581745767681227,0.605637144429056,0.549791013432117,0.607261816372103,0.612942823525778,0.61201965608478,0.59315954356483,0.58016003979428,0.583546170530989,0.589825142649357,0.561582696656908,0.606936977904542,0.581025741897264,0.558354808329005,0.612290740694039,0.559544228584654,0.557100786359334,0.589318453184753,0.583357170628734,0.599365418948104,0.584552560169002,0.564315956276862,0.56589874912388,0.582478829943434,0.616670909754951,0.567159861175565,0.570654707480664,0.622398756509492,0.597128358613177,0.588631013501749,0.565043291553657,0.593734354315066,0.572415559765617,0.583717060682608,0.582051744607058
KEGG_MEDICUS_REFERENCE_26S_PROTEASOME_MEDIATED_PROTEIN_DEGRADATION,0.672313280980892,0.673355110141975,0.673276531344804,0.667269831681299,0.682449133224583,0.673457497415413,0.670477115652301,0.666546631050027,0.663993216222337,0.673618085415257,0.671591028428942,0.671101613575286,0.670164442924405,0.66790911801471,0.680238030649439,0.662441625250401,0.6869720760532,0.680955311896406,0.664405218085616,0.665214995693848,0.67006540516146,0.671560061503124,0.664208006061099,0.661132571322066,0.664046288467668,0.663152743382543,0.652380231077179,0.659680220139312,0.676161888392054,0.680468762118301,0.684837552277755,0.66257338793259,0.667859802203996,0.671399332244612,0.673687613957413,0.672628840373563
KEGG_MEDICUS_REFERENCE_ACH_CHRN_PI3K_SIGNALING_PATHWAY,0.551998517301518,0.536333913924054,0.545300433783867,0.513458052078337,0.552809427058776,0.522912049368115,0.540148823113598,0.540550729361042,0.504504769179219,0.531925154017419,0.533962256650591,0.523504844125575,0.507333171021397,0.524432157428878,0.526560038829193,0.517279796506336,0.550054984462983,0.527263144394803,0.491523433580776,0.534309458659501,0.54352590200244,0.549834450247426,0.51256387090013,0.523101409341809,0.532932245532273,0.524880291916484,0.540459188912461,0.508077187348281,0.538865497143065,0.559497575560372,0.583685820386208,0.558676620528882,0.546642614784297,0.54043982774775,0.538414731728532,0.54373656581561
KEGG_MEDICUS_REFERENCE_ACH_CHRN_RAS_ERK_SIGNALING_PATHWAY,0.608585916822687,0.60488829921644,0.567808134008269,0.581404297370746,0.612663162149879,0.575765134629822,0.584264048065827,0.571958006290917,0.559962600083189,0.584660741081699,0.577197308130599,0.582579739982364,0.56426599566916,0.568549011167771,0.573544861537506,0.605413705467996,0.604129296878978,0.598165534969852,0.550617672159038,0.549124520815239,0.612103582814473,0.605126338470051,0.581861028819169,0.608178055704376,0.552016729046396,0.552704136943932,0.59480995046088,0.582949624166677,0.559030152438349,0.600064484208852,0.595476104627563,0.560447730111153,0.568458391770139,0.555397204290369,0.590060325528066,0.582159324135969
KEGG_MEDICUS_REFERENCE_ACTH_CORTISOL_SIGNALING_PATHWAY,0.447522973281644,0.44657092108747,0.395425232281463,0.401315412945554,0.464935425532724,0.407775603425141,0.393253399639112,0.435934835314431,0.363685674013286,0.424965699329969,0.400415088293448,0.423641963363792,0.415149235422384,0.426399552009197,0.400203114844211,0.434051656798677,0.396608198336693,0.426556613021709,0.405656386008263,0.379745824149491,0.410029080078971,0.425770073851247,0.412433265596003,0.462211117045834,0.435909893663423,0.43504040695128,0.453760463277238,0.427482634316162,0.421783507708757,0.440079664492449,0.437120249897353,0.441085583968877,0.43500966293128,0.39740177478536,0.45304684021789,0.431462410234658
KEGG_MEDICUS_REFERENCE_ACTIVATION_OF_PRC2.2_BY_UBIQUITINATION_OF_H2AK119,0.575810557287583,0.560916622141167,0.57768373130939,0.548785069163794,0.592816211861226,0.57217037057752,0.562847763725822,0.574212945411371,0.552428497099725,0.58470636328791,0.567436575357392,0.568174808488464,0.57527384387463,0.534682907246109,0.577105869798868,0.608015995541627,0.56177475906618,0.554279996275721,0.564121484210748,0.555005968648356,0.598902262250504,0.571712186145931,0.583846289520304,0.578309766481505,0.541521800233792,0.618070099925761,0.568919501936562,0.54816469841296,0.569961086232,0.584911383092451,0.594457968769283,0.586356995936684,0.552386856265731,0.560537169908307,0.582054333615833,0.577142680572995
KEGG_MEDICUS_REFERENCE_ACTIVATION_OF_PRC2.2_BY_UBIQUITINATION_OF_H2AK119_IN_GERMLINE_GENES,0.595162202581349,0.584409888465804,0.595735605084631,0.59152820800477,0.612188236215457,0.587841910314758,0.601233071913204,0.601814341748427,0.581520562306523,0.616460505715133,0.59567561285884,0.598628810958615,0.597551721055489,0.561686315827547,0.595916703470267,0.621757601039857,0.589420350176151,0.583801994075311,0.592893367538653,0.583399963704728,0.622183190956746,0.589249400660054,0.604813792121186,0.59851107624217,0.571851190423153,0.635810178869923,0.595521053741965,0.582596365398213,0.582254182995172,0.61386473034599,0.615643595605338,0.608118407506089,0.576232692165606,0.589809115157168,0.604085681599334,0.600754246198336
KEGG_MEDICUS_REFERENCE_ACTIVIN_SIGNALING_PATHWAY,0.482311250450733,0.471385723693776,0.469360241877285,0.435959758589794,0.452560925705035,0.53583597288934,0.458231795555201,0.456706288385634,0.432426440255354,0.496250742272272,0.462659261135353,0.424418826762709,0.461523720136889,0.462354794064591,0.470514189012878,0.462605997894347,0.497026475197589,0.468987334848976,0.449117421022275,0.4540651943539,0.491874496210777,0.441345854043769,0.432642566976528,0.482397242962233,0.443026630825528,0.474586582999849,0.465927748331123,0.464201574537463,0.461056319963286,0.506410109118118,0.466801807334353,0.489319392834924,0.484457454935233,0.483839498657189,0.425318931165488,0.492083072968552
KEGG_MEDICUS_REFERENCE_ADRB3_UCP1_SIGNALING_PATHWAY,0.572626242682296,0.544306414734729,0.553192112547789,0.542059962032448,0.573061282363121,0.534662553293623,0.542607335500597,0.562686931668494,0.518627196151211,0.563106955338429,0.544509885173001,0.545702461555077,0.544384519444138,0.543302820088422,0.557782201442624,0.552713787550721,0.532798167428649,0.563963615783685,0.556218476200045,0.548136198677292,0.558879237147949,0.564658431733046,0.556132045965584,0.570286202823384,0.563409228403324,0.567696434462489,0.552404632146253,0.557642731005676,0.534599844139688,0.548922356754703,0.564976310967449,0.582275238694815,0.570319327155919,0.557700085275858,0.571953753124607,0.560604303973936
KEGG_MEDICUS_REFERENCE_AGE_RAGE_SIGNALING_PATHWAY,0.569041081723035,0.603314471451301,0.571049941890035,0.559269619456832,0.603982416730877,0.584063477783,0.560570306090821,0.57597067772565,0.566310614251804,0.569473585165546,0.593445450131407,0.556292429882409,0.57538995291039,0.573569343193305,0.60952476997225,0.572336912773234,0.589918163552679,0.570784482216441,0.572256156527901,0.565335046220264,0.604634976941747,0.588541914542607,0.582947469585024,0.579717542503614,0.58241043373892,0.58432159893438,0.596361586097504,0.557288732015564,0.598526979045242,0.593863194605314,0.569018998164408,0.577571229790251,0.58691719788055,0.559320141300303,0.559206249826187,0.574198793471275
KEGG_MEDICUS_REFERENCE_AHR_SIGNALING_PATHWAY,0.210788248052092,0.41752995716024,0.359886397362653,0.197879868121866,0.328266619502893,0.344972364632282,0.221996405288611,0.407800217760175,0.325114587447058,0.299585822462241,0.398180859638226,0.250841903199798,0.291427271370779,0.296723791208657,0.411254668969948,0.225142671315185,0.357500609595834,0.389267369447755,0.21708173684477,0.227390704556822,0.315709630436385,0.349587214778495,0.294073361408403,0.341030602933748,0.240551343219242,0.187699777977543,0.343470532518859,0.252779372858216,0.373972573594029,0.371230695889361,0.318967168107423,0.26962090360912,0.376245039004716,0.273903256109639,0.205476610340043,0.352834420907307
KEGG_MEDICUS_REFERENCE_ALTERNATIVE_PATHWAY_OF_COMPLEMENT_CASCADE_C3B_BREAKDOWN,0.455881483367362,0.573088605079634,0.510234115675328,0.397827772593893,0.467226075137213,0.514468375891594,0.390548286411093,0.520531982862093,0.588429716666274,0.476465324809619,0.498775220658868,0.401070976102756,0.482264035194443,0.525118847507541,0.532242519413136,0.449051458409781,0.572312582437157,0.504203048038193,0.405015582792977,0.452410186652568,0.466240160603437,0.48707538762368,0.445109488654067,0.515043423381669,0.419007035041454,0.353952491630827,0.486902014632588,0.442634352154984,0.559712178475151,0.488364174231685,0.42050779260584,0.389653794905229,0.473995348977927,0.465092195547736,0.374416662964705,0.504253065238241
KEGG_MEDICUS_REFERENCE_AMH_SIGNALING_PATHWAY,0.515375174354248,0.512819474829017,0.485478565418773,0.501021440805546,0.485904498329039,0.521385921032711,0.49605064593251,0.531273749470458,0.481049915557436,0.541922785930652,0.524106793114732,0.456704815094608,0.49438654980712,0.473986980162004,0.472843696661553,0.546034689827499,0.513995528692091,0.525174782830576,0.500471852809509,0.486937720404144,0.488277104044348,0.538866606259727,0.517551221512879,0.556225362676344,0.486874042672281,0.552115186469094,0.572354473756522,0.498537232494587,0.462392227888652,0.447040389934663,0.527319079329723,0.504459477703405,0.497438792227922,0.534887008399818,0.526004681739095,0.567388580391011
KEGG_MEDICUS_REFERENCE_ANGII_AT1R_NOX2_SIGNALING_PATHWAY,0.526548092058144,0.590772929943651,0.549233921317129,0.399854941576757,0.564477832433885,0.56944756975366,0.306946890653429,0.52221841219244,0.558532802371606,0.507546226544981,0.522839920810486,0.509219226847978,0.454294796706743,0.486258583499244,0.635416645018216,0.426407845184613,0.537174056783451,0.499172072542437,0.492555405540783,0.443809382658382,0.548502443661544,0.591579073950381,0.504947327793709,0.558273434789329,0.45333828870417,0.434565397711717,0.496788443511695,0.422396221258098,0.630732869558484,0.492481309238314,0.417180739326369,0.494091770066058,0.572062459241486,0.479864995797696,0.420173317905053,0.496794967992773
KEGG_MEDICUS_REFERENCE_ANGIOTENSIN_ALDOSTERONE_SIGNALING_PATHWAY,0.55944479315564,0.537667802968372,0.521783626792577,0.516605724316648,0.540569945067239,0.51732036009806,0.542317908455035,0.507559816601278,0.498519907936022,0.51100499392123,0.522223574605187,0.501377850959449,0.53563550618645,0.495650743852848,0.515949141844804,0.498290582271045,0.56503954459994,0.536399254221022,0.499334543177195,0.54279320950724,0.525401476591969,0.517895249015718,0.487204926661928,0.564986410958354,0.517522546788784,0.469605987377103,0.505347318849547,0.537214252724414,0.492524115010971,0.529998324002956,0.52095731727937,0.480011926382283,0.516692808090767,0.516240285658917,0.51187901989173,0.504626982956767
KEGG_MEDICUS_REFERENCE_ANTEROGRADE_AXONAL_TRANSPORT,0.507890374949051,0.50369351499314,0.505755978092078,0.508421367257255,0.529955020616644,0.516684296164078,0.516083520512722,0.492706129833997,0.494926971219859,0.522681710046205,0.523529769683925,0.493068514850281,0.508965481900962,0.513867267419905,0.530052113943697,0.528007202664895,0.494441109728945,0.498150100038997,0.520887427561324,0.522687025738586,0.522721584620832,0.551887656492071,0.5132457041344,0.495374739208646,0.505890172130493,0.527193097841986,0.515875339857428,0.518663388086632,0.473144036296697,0.502301576778916,0.551515131787535,0.519474616839205,0.500481101867089,0.484084022707678,0.525624237137081,0.487438664550017
KEGG_MEDICUS_REFERENCE_ANTIGEN_PROCESSING_AND_PRESENTATION_BY_MHC_CLASS_II_MOLECULES,0.393642603249441,0.491822663970324,0.384661378537278,0.339720575454484,0.303702519714488,0.440571482241937,0.354810047352417,0.401377314190155,0.527775285698995,0.339177897607589,0.468917993736221,0.43677388061746,0.426465564886498,0.497653778672315,0.459588584220725,0.274672618403642,0.521421533481355,0.475827298734357,0.451639649147083,0.433607989415418,0.350403243718773,0.44499766993068,0.335645000719152,0.438618684059296,0.40943465202407,0.137715134133737,0.400971956803209,0.41718075867161,0.545862041975736,0.375033035573827,0.313973153535606,0.321129379847002,0.445431165752656,0.432752198780387,0.228204584642772,0.415511018751708
KEGG_MEDICUS_REFERENCE_ANTIGEN_PROCESSING_AND_PRESENTATION_BY_MHC_CLASS_I_MOLECULES,0.596864401408772,0.644126520815348,0.605175298995229,0.552492196045485,0.602303315266583,0.63173506310312,0.54180887089013,0.600108779811997,0.624293721009228,0.623516738075171,0.608065672829846,0.625707463346643,0.634799375915761,0.647793057558472,0.630124980231833,0.545879637970524,0.644914577159087,0.618501164214484,0.621831885106482,0.60150708812603,0.582171464902983,0.62558453623996,0.581910663723547,0.606240528299654,0.604240723855843,0.517059480756193,0.571365076598371,0.602426834468411,0.689154494478006,0.615669523954142,0.517226345334879,0.55871198926984,0.613408633299175,0.583178270714121,0.567517546102684,0.6057579933716
KEGG_MEDICUS_REFERENCE_ANXA2_S100A10_REGULATED_ACTIN_CYTOSKELETON,0.703935317007495,0.743636758015533,0.713429753408625,0.732652414798241,0.720623178521221,0.720359142938588,0.699080191465616,0.732391974294377,0.736608749369128,0.695400428438983,0.732941948356658,0.713957574301721,0.697396215201866,0.749071609069061,0.727406498643068,0.677225105234549,0.731050671959971,0.749499071914215,0.706733069382308,0.717762033226529,0.697728265796734,0.751058922601895,0.736572066320742,0.727536112068454,0.742135153816047,0.606511665234425,0.73003786365141,0.69659369081718,0.752485605018758,0.722450432602712,0.704914424406845,0.692294550820257,0.738426382892187,0.732857089773296,0.684812433717485,0.7039279237016
KEGG_MEDICUS_REFERENCE_AREG_EGFR_PI3K_SIGNALING_PATHWAY,0.547940298893083,0.536458490379051,0.535515306425915,0.517585904874562,0.540564922207152,0.537697535828617,0.52689904604745,0.531799270134301,0.53200161122617,0.521769816321876,0.517080402527622,0.54652901385834,0.509125028029307,0.524161762007639,0.517516882450505,0.535168320558184,0.539101370140154,0.533724104962634,0.511707114687126,0.525494511793723,0.533904771797106,0.551201438018426,0.539799788608486,0.539448658105821,0.518852937764971,0.544072090297043,0.545122807028817,0.521632314848579,0.55045853842412,0.533417072352315,0.548001027395175,0.548154535861845,0.556309126188168,0.535994389741268,0.531705211787217,0.533291768961742
KEGG_MEDICUS_REFERENCE_AREG_EGFR_RAS_ERK_SIGNALING_PATHWAY,0.630115419599007,0.62569475059361,0.616069722766281,0.612208267794794,0.626974881678113,0.625787672421562,0.623664498455427,0.6220424322159,0.624829243058196,0.629222653082392,0.606697982656489,0.617546724552998,0.59963907697859,0.613491311951511,0.622897857156041,0.625563963026947,0.620524168458557,0.613907212967011,0.603806799466305,0.606344337301783,0.622597398178435,0.642229960550691,0.633791778574227,0.63665099768418,0.608113670008297,0.60455615792087,0.615724897923334,0.60512611268091,0.605138627554143,0.624205862873737,0.617655332970613,0.616723147011546,0.629972166220617,0.624262357967719,0.611443535504811,0.624307309423786
KEGG_MEDICUS_REFERENCE_ARL8_REGULATED_MICROTUBULE_PLUS_END_DIRECTED_TRANSPORT,0.548496622721961,0.550369471509174,0.554310370059242,0.559906459552218,0.563617210469898,0.557870529125653,0.561621050631761,0.540806699408079,0.542261946197487,0.560031589841076,0.564380876785531,0.542806350769938,0.557495467891538,0.557791483284167,0.566756205068772,0.560720506267677,0.541552866344115,0.546840100060891,0.564287544914655,0.570108732852537,0.560912030626546,0.5829840062831,0.551266372265959,0.540405150365691,0.553934327946503,0.557258518713761,0.553081320736347,0.564513662984938,0.526968387912262,0.546477239213165,0.580357140722155,0.559058094220897,0.549118503782721,0.538641157107213,0.56706086307098,0.538624322502505
KEGG_MEDICUS_REFERENCE_ARNO_ARF_ACTB_G_SIGNALING_PATHWAY,0.684824793943607,0.705260070961722,0.697579096971041,0.678854869258817,0.69673731142403,0.686721790803704,0.691305937748126,0.689011649376099,0.700081228428945,0.690722046670021,0.700786406460754,0.682369385114606,0.689300606052711,0.688989617834739,0.707624039223682,0.675789792606818,0.697481758531336,0.691916835188074,0.680675299766349,0.687763625070151,0.688354901238401,0.703898795795188,0.667969183861202,0.695202357725713,0.694090198893986,0.663833425153012,0.68957110303622,0.687534102807037,0.694648630930489,0.704889116944988,0.69150949963658,0.693252361138763,0.699148774850889,0.701213163050739,0.699468353402607,0.699285023004101
KEGG_MEDICUS_REFERENCE_ASSEMBLY_AND_TRAFFICKING_OF_TELOMERASE,0.594818001986554,0.589248298843652,0.595946490801302,0.601588792876731,0.608120729596521,0.613999325512446,0.596584940277795,0.60315064523456,0.587413871080925,0.634543181259291,0.589953619549634,0.622864724290058,0.596920929437255,0.603252990117131,0.593854256270042,0.634991750954229,0.61857156009787,0.593814244562643,0.597101003266628,0.592171220278456,0.598034841353709,0.620930577835202,0.616648294551134,0.599537351930854,0.606693323955081,0.639435610451879,0.602273901410536,0.588586530440038,0.608851995267769,0.610049088517118,0.634955635158586,0.613691397703375,0.596781642858062,0.599507069284212,0.616247524993508,0.601854568403662
KEGG_MEDICUS_REFERENCE_ATR_P21_CELL_CYCLE_G2_M,0.512712524918154,0.462921499517215,0.548803426756567,0.526191867407183,0.522970711719149,0.492259182517144,0.455906521746321,0.49198838758867,0.458127440437936,0.571038868919184,0.493591153861637,0.53337494863331,0.471179794264591,0.415888249085822,0.524188489100871,0.533439752388791,0.493798698870604,0.508115654879468,0.51306671151715,0.447054307025556,0.566678317692834,0.562111788709557,0.552954354553287,0.507861961625366,0.459616268487823,0.592363798723866,0.499148952450989,0.459904770988013,0.518337759761534,0.568839918539296,0.575314250717432,0.503582873810083,0.462642461603897,0.492642785623925,0.520520030838421,0.508246274993664
KEGG_MEDICUS_REFERENCE_ATR_SIGNALING,0.479967780722628,0.470380761599058,0.464179604348593,0.484770332481976,0.524036571628916,0.47984776218209,0.462006443928806,0.47062388056657,0.46885162774311,0.49912118642318,0.474019183420721,0.523651276229977,0.46971494815685,0.457304386131688,0.48590925883579,0.476420900422085,0.480880867082444,0.494546612101838,0.466256999199108,0.451818319455498,0.522930469631671,0.490443604840606,0.508718524521276,0.486263908064897,0.469464854051678,0.545209204032017,0.481593784375919,0.451140559675489,0.488342964333707,0.519370623338394,0.530367885534908,0.485098093021891,0.469328288185799,0.484082773254496,0.478745030939097,0.475943744805897
KEGG_MEDICUS_REFERENCE_AUTOPHAGOSOME_AND_LYSOSOME_FUSION_TETHERING_FACTOR,0.579120727842394,0.582086721356804,0.570557215496025,0.558690457630943,0.584428877293972,0.578194726242761,0.562437600139665,0.571059839440197,0.572230285189055,0.58649927256069,0.573075630100321,0.581107868664564,0.580683979455639,0.589242303679576,0.565962819057015,0.564719640628246,0.569742988892397,0.586455939033612,0.58539778815684,0.574161920945776,0.572564660068064,0.564983759748091,0.601005877967304,0.554224275109209,0.590595356686141,0.557422880604371,0.57584195228095,0.559447505710868,0.603051267235838,0.579247683238087,0.575044894222996,0.584631006104652,0.582859855247969,0.572913340361367,0.589474939258644,0.576413286750728
KEGG_MEDICUS_REFERENCE_AUTOPHAGOSOME_AND_LYSOSOME_FUSION_TETHERING_FACTOR_GRASP55,0.553909998253142,0.576303746397679,0.595178938839081,0.595650698398374,0.614197338392453,0.589019825648262,0.577411807603737,0.589517735586564,0.593500191545619,0.59947427895045,0.579761816489123,0.573441970886853,0.570206505186273,0.604149301089594,0.606483510498511,0.549282167131317,0.580571269387921,0.606959201396968,0.605080917868052,0.573213731394356,0.591039404686893,0.575267149848188,0.639696470078831,0.552032939361181,0.594171587297513,0.485519941360845,0.601167833771965,0.559840596087408,0.588656225567613,0.585901764193721,0.586174418601638,0.579906978789869,0.566621009202998,0.577279603200125,0.574572734758521,0.570563921512745
KEGG_MEDICUS_REFERENCE_AUTOPHAGOSOME_AND_LYSOSOME_FUSION_TRANS_SNARE,0.596096558082076,0.644359234263033,0.622358989649721,0.665192297695325,0.608426548323947,0.607965247315124,0.666617630236718,0.597213097103385,0.64331974711308,0.597036418737863,0.614871344866803,0.618561450864129,0.594678387686396,0.634506038689146,0.647332636712549,0.556891100214287,0.629090330319792,0.611293957636942,0.614882085753118,0.637711134465758,0.625218707058445,0.633617933915015,0.555830949664232,0.621011893865008,0.634339923163058,0.54647592732499,0.59544139442253,0.626420899748701,0.634594502066967,0.613812264396912,0.602280067534363,0.62052214889972,0.626069799788017,0.669795785313495,0.616400499450623,0.645131487886224
KEGG_MEDICUS_REFERENCE_AUTOPHAGY_VESICLE_NUCLEATION_ELONGATION_MATURATION_E3_UBIQUITIN_LIGASE_MALIN,0.497214881291802,0.501124901318139,0.482911069798513,0.542116902807959,0.518884978278892,0.501013717714603,0.553370929613797,0.502319968045825,0.512352495305091,0.530154849187618,0.487962175872115,0.501532573129297,0.492019719046434,0.515528493340302,0.52696103473398,0.483257530381747,0.533748870151714,0.519449167477482,0.506749534518778,0.549093458052815,0.521355710634438,0.508500024745408,0.509959790447222,0.51279069218217,0.536774367178784,0.530828769583959,0.527620536956782,0.522810718757445,0.544647273565689,0.516304061444898,0.496220049868205,0.560148793089541,0.518145104281322,0.569574994176813,0.542110458615686,0.534381526319936
KEGG_MEDICUS_REFERENCE_AUTOPHAGY_VESICLE_NUCLEATION_ELONGATION_MATURATION_LC3_II_FORMATION,0.52951743016915,0.560816190012326,0.560568753557514,0.56076131326032,0.58463567705415,0.556494844386806,0.556522037147211,0.552324179171675,0.575795585883829,0.545419702440715,0.564174804042502,0.552584776345198,0.560364114155417,0.568774444021709,0.565528693082928,0.524188783786492,0.557326311920029,0.571885992691783,0.563978058957577,0.546526034770054,0.574603824009167,0.548305749843161,0.572294241954134,0.538886783359716,0.557895506598895,0.518625014945162,0.552600270134053,0.549622092923582,0.565031146879416,0.555165236908564,0.563535232178041,0.535025241520651,0.543083721887705,0.559199374466801,0.543999525252611,0.555141761600656
KEGG_MEDICUS_REFERENCE_AUTOPHAGY_VESICLE_NUCLEATION_ELONGATION_MATURATION_MTORC1_PI3KC3_C1,0.614440089279152,0.611200220547989,0.58178400581973,0.592851920435505,0.605119861434567,0.608821018349447,0.599204997301627,0.598784315157245,0.599937600961927,0.602986751443623,0.598936948904337,0.616245081568285,0.602904085150435,0.602413367328232,0.584370191498327,0.615075270631785,0.60697572112348,0.602251729047915,0.604758441714421,0.606765263803237,0.630920636356989,0.592381385981851,0.602091712889199,0.60096108129999,0.606467255909226,0.620712371542483,0.621918869141845,0.604431020213553,0.615046665959026,0.590707028484048,0.594673895855738,0.620541741364583,0.613967794190806,0.609653392486061,0.611130685964232,0.618790619092023
KEGG_MEDICUS_REFERENCE_AUTOPHAGY_VESICLE_NUCLEATION_ELONGATION_MATURATION_PACER_RUBCN_PI3KC3_C2,0.574298373359966,0.588161160213896,0.524722040738197,0.54021473173294,0.541576534459753,0.592582598414896,0.571507986455885,0.52961912288114,0.57441866399248,0.562965287251567,0.547409721365301,0.536013881683009,0.539390072045488,0.549542162932204,0.574613395940837,0.535087602117835,0.587620849879613,0.564979858839787,0.556324886503916,0.553795563953572,0.610724005944051,0.535124351515146,0.526617546024781,0.559831391363492,0.567285658591642,0.549689678519471,0.551564747278972,0.542757226457285,0.610830814907946,0.568151047235359,0.563774273781153,0.569977127338466,0.579488112409786,0.59878535975116,0.554029189299245,0.607082574926502
KEGG_MEDICUS_REFERENCE_AUTOPHAGY_VESICLE_NUCLEATION_ELONGATION_MATURATION_PI3P_SYNTHESIS_BY_PI3KC3_C1,0.578135641013101,0.600303146746948,0.563296332661417,0.570001728442775,0.586879242894939,0.601091678287316,0.587338215146892,0.56449232457222,0.593662763018035,0.565339126626092,0.582477102409164,0.57793566990054,0.579718226038976,0.586333805248273,0.592771805450443,0.568082747609737,0.598888578714807,0.595063024560317,0.578480947148538,0.576583443655771,0.61308275040662,0.569876983562593,0.551565758631956,0.581200872581866,0.592174679560695,0.557617487587042,0.582169478652222,0.574132871567237,0.639459332508222,0.58279932032159,0.550282349171383,0.599967501570694,0.61811049689764,0.612321169332188,0.592918052488054,0.61335578159495
KEGG_MEDICUS_REFERENCE_AUTOPHAGY_VESICLE_NUCLEATION_ELONGATION_MATURATION_SEQUESTOSOME_1_LIKE_RECEPTOR,0.641787763048736,0.659521650637386,0.662813597944119,0.671380773800993,0.653596534540451,0.661803086380972,0.672369643880433,0.656098356013571,0.669326453265358,0.656221664300187,0.647548505223002,0.644141175232941,0.649004922958305,0.662313421563288,0.672239378141441,0.618130480942454,0.653261584970477,0.663915752609046,0.660327343729168,0.664339799111904,0.646441025723607,0.653727798759859,0.667663208100045,0.645907317140141,0.665389887491909,0.586211694017897,0.663347848926597,0.653339230487029,0.652843005189108,0.634521583371463,0.652135180925518,0.651751768929006,0.659020537259972,0.665270460214999,0.640430848822663,0.654625446013197
KEGG_MEDICUS_REFERENCE_AVP_V2R_PKA_SIGNALING_PATHWAY,0.346158548360272,0.35293441615253,0.301008991112349,0.235381742608106,0.32643143794006,0.387283360302466,0.238259585107134,0.315680966887886,0.233506672467814,0.274211214803661,0.331426039953199,0.258597127383134,0.312013531438522,0.311737123835118,0.295082766355013,0.276246431549091,0.268929319342948,0.32781387302658,0.297654130594218,0.386276059412546,0.424613185999207,0.334458547421289,0.325042460134229,0.338210876404786,0.267461505992348,0.319236569212678,0.320711003079956,0.298960075040783,0.31493138864651,0.360132747427583,0.349662220797626,0.349514709410963,0.323489323527931,0.323084178416626,0.278824178638601,0.319507872721727
KEGG_MEDICUS_REFERENCE_BASE_EXCISION_AND_STRAND_CLEAVAGE_BY_BIFUNCTIONAL_GLYCOSYLASE,0.606153968423309,0.578990476478685,0.613809918781109,0.612492469439596,0.600548791603125,0.596172254502443,0.625649624296317,0.610875028204423,0.586536353100257,0.600055485673534,0.603806114590684,0.62207661791401,0.617027989996702,0.607738508671517,0.590968884122496,0.620810031127627,0.589521421029156,0.610828257906399,0.620099137631795,0.631469833166965,0.588410107243642,0.604369978613497,0.628594334937253,0.598598745058707,0.620148433724294,0.629441510930257,0.600716012218504,0.609988588291861,0.60170133980494,0.614029733845366,0.597204311676556,0.596010063329789,0.590394423061245,0.604371956334474,0.630842956165567,0.603997751953646
KEGG_MEDICUS_REFERENCE_BASE_EXCISION_AND_STRAND_CLEAVAGE_BY_MONOFUNCTIONAL_GLYCOSYLASE,0.621956065051155,0.620874175998567,0.632406535458313,0.627158779682265,0.614345381037757,0.605224049792534,0.611839405719273,0.619735838127608,0.630703308309272,0.612592206624154,0.625218940165303,0.636100966014473,0.642660340284691,0.619291490261805,0.615625727955629,0.651361559430923,0.619376014925103,0.623941875260703,0.632154940745555,0.623240071435697,0.623818972306934,0.613647588102307,0.643455898465101,0.613775608334461,0.61837358179971,0.647018115027058,0.616117674683029,0.612821906516831,0.634873575234193,0.645578091586646,0.599378335366642,0.628298745315422,0.6205373154569,0.621234373862182,0.635394188711244,0.62247806647114
KEGG_MEDICUS_REFERENCE_BASE_EXCISION_AND_STRAND_CLEAVAGE_BY_NEIL_GLYCOSYLASE,0.574356316599865,0.545297855181284,0.576586305365325,0.590417971303654,0.558756291764669,0.536511957466547,0.555076619943647,0.568058080261473,0.551259574956785,0.586260664380034,0.562567710947087,0.581511365908666,0.558233758708145,0.536872742504538,0.56660155997847,0.602411846979177,0.558675133756927,0.586028811833044,0.589333902952778,0.588715228604904,0.565378803119677,0.575292923034269,0.590292171109175,0.573996287023618,0.56373223281028,0.594802199651642,0.562614233681024,0.567975867693711,0.56784760594908,0.584788836874056,0.594484365657116,0.535985989422451,0.56872062468708,0.545621284944161,0.593588883784632,0.564198504814147
KEGG_MEDICUS_REFERENCE_BCR_BCAP_CD19_PI3K_SIGNALING_PATHWAY,0.555543875870412,0.585538690578041,0.582190219834511,0.559609556247376,0.58132837092147,0.557175437002333,0.569481891949687,0.539780400872233,0.603519673000286,0.561639434959594,0.574499627047121,0.552684376178228,0.523392190414605,0.57521297848238,0.599987081467152,0.515018630600436,0.586075789693899,0.559945907565713,0.57045235171076,0.574719169108448,0.568379572412071,0.605150373478329,0.506774054666836,0.563592040370818,0.548728439258548,0.50376722756313,0.552488616767673,0.522689415045108,0.610418506319191,0.597537822243458,0.555637414006176,0.559022866361514,0.587459495305123,0.569761664943671,0.569421859487836,0.54194842330377
KEGG_MEDICUS_REFERENCE_BCR_PLCG_CALCINEURIN_SIGNALING_PATHWAY,0.515127133378996,0.556131573267005,0.540185420835027,0.515770221879172,0.52304481132651,0.520521892087302,0.534831870132397,0.5037192268373,0.577287633231378,0.524395237171235,0.562124773024563,0.52147365202216,0.509685473917292,0.567760985971884,0.572103820787955,0.479513088905247,0.574538277186417,0.545989758869296,0.533978282061918,0.535501422772634,0.551125098816866,0.56595354534821,0.481493538356986,0.542155012625514,0.529869230079777,0.441371437515962,0.528245275727074,0.520749449808219,0.575753059125787,0.548523607954153,0.509319950579677,0.531681854942584,0.560868369249738,0.553366333638998,0.515404029123296,0.533529335535447
KEGG_MEDICUS_REFERENCE_BCR_PLCG_ITPR_SIGNALING_PATHWAY,0.474389118506901,0.582130942675217,0.453557031770945,0.397255116417919,0.448799892515715,0.484081389833365,0.456042224418821,0.383196407674452,0.533527380343094,0.445016600010207,0.496295915318779,0.462979948384428,0.456843851559376,0.542226477590706,0.539653565058301,0.352898667980757,0.539887234503402,0.506428313233409,0.461548711949017,0.487228018768029,0.481336615760199,0.547656538693404,0.360387737789592,0.49198590122029,0.471855667969237,0.253710580091856,0.456061780177998,0.470213518689632,0.617344494026702,0.517141105248636,0.387518640275107,0.459500527976221,0.540824988773863,0.502135186577324,0.467860715304053,0.495075898550947
KEGG_MEDICUS_REFERENCE_BETA_OXIDATION,0.643588817749054,0.62777011069178,0.627547575978275,0.646312535738962,0.61451017717161,0.60522358604437,0.695116140841202,0.654379378130315,0.647017428635061,0.611815887950132,0.630059216906544,0.634567524950075,0.637258703755349,0.640936940677623,0.641547036993171,0.645396564206261,0.630651419982073,0.624523929187185,0.633125977725467,0.689789737229973,0.614106144613121,0.646381571340416,0.633813063755571,0.636687039556206,0.668553145792109,0.608244765641416,0.636733967221172,0.647722373822356,0.623003082821338,0.636074922311937,0.619951399407248,0.654988445898258,0.652638914435337,0.687691044388472,0.645378048387702,0.645407390720991
KEGG_MEDICUS_REFERENCE_BETA_OXIDATION_ACYL_COA_SYNTHESIS,0.512831722081839,0.539194375798034,0.444334819552007,0.454065067727431,0.47696608192173,0.517392983095806,0.419330657507902,0.44786461095342,0.515052795722655,0.454687983000228,0.485263228869815,0.490238728935678,0.451503285144047,0.524304068736269,0.48031041164822,0.428194832977461,0.531570158219565,0.512468723363381,0.479630611867003,0.519662136137002,0.4929784098091,0.493505552559007,0.458932800311745,0.534435980547908,0.505844260646383,0.467971430481619,0.491428279861477,0.495080665919491,0.503090150610338,0.475291647428072,0.514043492106984,0.477522277197445,0.526665619475027,0.526126214166554,0.480349702305048,0.539794007141275
KEGG_MEDICUS_REFERENCE_BETA_OXIDATION_PEROXISOME_VLCFA,0.644449194274473,0.633032717575704,0.655390732354617,0.654789422336864,0.614656111699576,0.660602511395096,0.661420502413863,0.643629025883951,0.61783081849161,0.604640319942387,0.616794478519286,0.654476062686521,0.652889391043347,0.648340926806928,0.631232417083699,0.591971956487662,0.629217651157277,0.627927807393427,0.631368479643664,0.660356531365776,0.591802859808763,0.636808643991686,0.608560498404893,0.621545638962148,0.653808281577597,0.562167508084304,0.626719407440928,0.646270634979564,0.617558075549994,0.59589366774248,0.616882805112044,0.6495346241019,0.650063190071133,0.667198207222836,0.636886091537431,0.655986666830487
KEGG_MEDICUS_REFERENCE_BILE_ACID_BIOSYNTHESIS,0.348233839765181,0.375132297256583,0.338882149344043,0.360811621731141,0.305890199571051,0.341704229069866,0.379637713377604,0.398974995992417,0.357722009207352,0.335647106797373,0.320437028913744,0.370483847660026,0.355800099399986,0.413664635437203,0.334179395527416,0.310849876733116,0.391997648739797,0.35856917816971,0.331759778025866,0.386824088110997,0.297503796068483,0.351067035161728,0.338184992882107,0.329420327462164,0.380343907333167,0.259806003482181,0.324571380117359,0.36215238434154,0.37910040889654,0.322717079879785,0.276317446689679,0.325424069047887,0.377627515296993,0.371962316667379,0.372035674884924,0.379396154901277
KEGG_MEDICUS_REFERENCE_BLOCKING_UBIQUITINATION_OF_H2AK119_BY_CK2,0.605495623497554,0.6009360615569,0.613821856249467,0.61282883240484,0.60882710982181,0.606549067813584,0.606536407322789,0.600274359698017,0.595708701421044,0.602794438857068,0.583355164288135,0.601156893247607,0.604327850860417,0.569865484830367,0.599844011104942,0.610264355767664,0.58842978688651,0.591183274573467,0.585164095313994,0.602739005119575,0.61003989740201,0.591795866481813,0.591245149521349,0.606405883176512,0.585186570017923,0.599279771439617,0.580747636071617,0.596869149820568,0.549273191764881,0.590672429106806,0.577036614881655,0.59241588191381,0.580947106291738,0.59668715583349,0.575045106208885,0.592148625212031
KEGG_MEDICUS_REFERENCE_BLOOD_GROUP_H_O_ANTIGEN_TYPE_1_BIOSYNTHESIS,0.334688346287101,0.298204199563129,0.235018613495836,0.273674213937156,0.299004684059793,0.314436168155816,0.29005152379163,0.320131168687479,0.287600638853222,0.324142626716661,0.273741813296176,0.267392112703793,0.338321971935237,0.285763393168096,0.309326766561716,0.337250965141471,0.284080380841842,0.294324040636303,0.265527451054775,0.256650754716978,0.33852727181406,0.333385388063572,0.265634623979318,0.311605800499351,0.309402467708713,0.280026570791427,0.288846730507311,0.320577375205873,0.209540122736719,0.368276600103746,0.33415848230983,0.369403879734911,0.272766214959087,0.334999983368149,0.31843929042361,0.336275978814733
KEGG_MEDICUS_REFERENCE_BLOOD_GROUP_H_O_ANTIGEN_TYPE_2_BIOSYNTHESIS,0.43099417621732,0.477275839011244,0.393378105818233,0.409806496242712,0.475046649882598,0.473528469036795,0.316312045821968,0.441631909384392,0.454920209080404,0.468348961897805,0.460332548723598,0.432621797460268,0.435640815644153,0.491305032951756,0.481398614636884,0.463623937293365,0.476271962462748,0.469927237469034,0.453082080670241,0.400721039757882,0.494072875826445,0.486668132248234,0.433171198388216,0.446208531347047,0.46595182988942,0.360745760834743,0.434765764491808,0.434926284630358,0.474979770795489,0.526099408676829,0.447591879062166,0.454389841793869,0.452869872476223,0.470816361956062,0.443512425480064,0.461986384315367
KEGG_MEDICUS_REFERENCE_BMP15_SIGNALING_PATHWAY,0.504416873050842,0.478659157791421,0.47686808399528,0.480340554431437,0.48090162795327,0.527723343784964,0.510157072710767,0.506796138901298,0.457071984199373,0.489827378816354,0.480008713949261,0.468082795958013,0.462925381310751,0.45334822471836,0.497145158039809,0.499166916115963,0.496230149243627,0.452268004318257,0.469887400002783,0.466831935236044,0.45191287821847,0.497366967321393,0.447081038566507,0.50921284656381,0.47570587065191,0.484588017935685,0.534655963865191,0.470480964719812,0.412897332864805,0.47484478395459,0.491610321532556,0.499968449706576,0.497517839144731,0.539093627757699,0.463981965988027,0.53241408169572
KEGG_MEDICUS_REFERENCE_BMP9_10_SIGNALING_PATHWAY,0.429660577896667,0.40242243179794,0.440198521519625,0.406966300180192,0.456153372544265,0.462442338246168,0.404806347461948,0.422490701205918,0.396526163589151,0.426763766881566,0.402896264659777,0.396647626567608,0.402683658151888,0.402378397532713,0.44357875199685,0.439628018027238,0.430054318082854,0.388864824882102,0.387594030441922,0.409707792841989,0.415557751703503,0.425014410270125,0.389434375133324,0.439352363112245,0.407096334412912,0.448119156644043,0.435275982917242,0.405720498253028,0.384376301923788,0.425259842445467,0.458476055436479,0.427705998945309,0.429712809255962,0.45233046888954,0.41022987764336,0.445636514458246
KEGG_MEDICUS_REFERENCE_BMP_HAMP_SIGNALING_PATHWAY,0.54786242659103,0.556265384317269,0.563959345491811,0.52129004254408,0.551493853192146,0.56570577829891,0.492132054539596,0.522596906280095,0.53961027823379,0.524055832663841,0.537863117420585,0.500426920283389,0.521269135699372,0.522229079071766,0.556909617762739,0.494004009923617,0.567448446816138,0.53600662614745,0.498822635091904,0.511137652882887,0.536588314298641,0.542854975509955,0.489113319074529,0.54359268228737,0.524422170144167,0.471753914516477,0.563101055419308,0.515841247985727,0.543276980376289,0.538892557299526,0.523526656307639,0.543033808839516,0.536699698880384,0.5580160601912,0.507524734509123,0.556682322157241
KEGG_MEDICUS_REFERENCE_BMP_HAMP_SIGNALING_PATHWAY_AUXILIARY_FACTOR,0.497066794379132,0.49300972969231,0.474987845241857,0.420441708368265,0.499525710171764,0.497003745660403,0.398563421974488,0.475214138647869,0.483711795944034,0.502688912439854,0.448478230504174,0.447060525519575,0.43801838589052,0.451098550730149,0.478921107318368,0.45317602001544,0.520396266793682,0.463049544864103,0.440915056999765,0.423372762847943,0.484002304872582,0.470579145637666,0.48999851831537,0.48980754428748,0.434955350322693,0.544333426714731,0.471849763840098,0.443661338578641,0.479813907094031,0.524146554943631,0.506863220229678,0.486774217710753,0.441583618868857,0.467589687119282,0.47375653909487,0.486138475692388
KEGG_MEDICUS_REFERENCE_BMP_SIGNALING_PATHWAY,0.42183287833319,0.419877540211615,0.438156480419919,0.387139910525191,0.421408942959104,0.484446873449468,0.360758413285172,0.413605841862406,0.391708550239342,0.479371380395205,0.448071916085226,0.36627417544462,0.477299991005492,0.440757666530483,0.449482300307768,0.41979513443134,0.457692558245691,0.393894523025626,0.381335499765085,0.393413138084897,0.453128283012413,0.446031418191875,0.416286456516179,0.431777448858906,0.419699695907772,0.425593564885373,0.439257262835505,0.416069023699157,0.412333213080707,0.472274998780564,0.441296226074,0.454223641061,0.412153977047499,0.457201033737318,0.444957307897896,0.492934623182492
KEGG_MEDICUS_REFERENCE_BMP_SIGNALING_PATHWAY_BMP_ANTAGONIST,0.28317039646577,0.283073486472842,0.347590176162902,0.289845476959873,0.310436078496844,0.327686052231389,0.252561169818384,0.31778611348017,0.307030631016715,0.384897640437381,0.36047210390064,0.243725784370979,0.377210924571764,0.379935730623701,0.337354922336535,0.306889555726423,0.336773517767361,0.293492519842674,0.269059866242008,0.280755328871178,0.34672994280215,0.347728646169608,0.318534977811781,0.293450612880952,0.338378114457429,0.311995983427893,0.341559419706072,0.346734769425005,0.314771305586013,0.365788625815026,0.307108353568644,0.347476449722961,0.25207055615992,0.333777899166329,0.368044906394356,0.365358279513174
KEGG_MEDICUS_REFERENCE_BRANCHING_MICROTUBULE_NUCLEATION,0.525657321070307,0.518492952480893,0.529510949841196,0.529124439510707,0.547254554018431,0.518336241294768,0.527742521392376,0.520196317672948,0.515223822492176,0.541924724573504,0.536399054809065,0.531347261650287,0.521838022819075,0.503367520711971,0.526953692295765,0.543125544468294,0.501048793602664,0.515965093874406,0.522408642867463,0.523795103669653,0.524880200407996,0.539018782546271,0.528874925759774,0.516067776644179,0.517511823095566,0.550932381687858,0.513218497325465,0.504751269418837,0.50977516598314,0.531613811648621,0.559056553247929,0.514221450261918,0.513179165382897,0.50658841669818,0.531487832794654,0.512861302783439
KEGG_MEDICUS_REFERENCE_BREAK_INDUCED_REPLICATION,0.635691239296363,0.545369770981567,0.573664244144261,0.610147755545133,0.643226747023877,0.559136032512989,0.551431522576568,0.592184841391751,0.538165280050871,0.680914275553935,0.597670490465976,0.665148844939165,0.563303945070011,0.503612424586497,0.582986236305235,0.650422017828005,0.572464877450268,0.599713666254361,0.622992638047195,0.557051525333543,0.669091441592129,0.632845841074992,0.650495126666015,0.571171505912503,0.552183583415312,0.720587360846724,0.608096283987696,0.541012145491516,0.644770778797865,0.654789586514404,0.658401015830062,0.612491368318387,0.560640196347618,0.558906604507258,0.640526051339308,0.57953092619248
KEGG_MEDICUS_REFERENCE_C9ORF72_MEDIATED_AUTOPHAGY_INITIATION,0.603733218686453,0.582208985228006,0.568594547419796,0.565448544724604,0.584160743142591,0.59765931209589,0.583694966815041,0.574375387539339,0.598836887491719,0.59199320570318,0.571241149041919,0.585609030531751,0.570650261803268,0.555434165867728,0.560194648594509,0.607504344696363,0.574230329544301,0.574541461396632,0.549281236772595,0.573325659045319,0.614163410013604,0.57444348964757,0.567711326120072,0.566196531481172,0.568892939051852,0.626004345402293,0.574238403184594,0.559417995679904,0.586976693798227,0.63084107446344,0.618843510242449,0.610907185708673,0.597638612305133,0.601513558507644,0.59377169520037,0.596079890990246
KEGG_MEDICUS_REFERENCE_CA2_CAM_CAMK_SIGNALING_PATHWAY,0.513689849679441,0.487812836642077,0.509415053102848,0.510848083679491,0.512522517559295,0.48250613539948,0.568196150706837,0.512723692565292,0.459017011782497,0.494567767543009,0.518778710908886,0.470434018503022,0.543411564967197,0.503149411342619,0.516075773554229,0.460955017670623,0.533827467270067,0.521433773797976,0.511893500961927,0.597563017066359,0.470707840856436,0.490919675524056,0.472726505805173,0.551352959877744,0.540610386265217,0.467859720750065,0.497546780556124,0.525598276068921,0.507298306112059,0.495287583974689,0.51407587679969,0.503522818365276,0.524323678492927,0.550996776489372,0.525634431626886,0.522254381294649
KEGG_MEDICUS_REFERENCE_CA2_CAM_CN_SIGNALING_PATHWAY,0.529485361035495,0.540811418699155,0.567515155671298,0.545868541710974,0.561506186294402,0.541381672885838,0.557015311808647,0.551382561758913,0.566184255842226,0.553162727839913,0.580179047369547,0.527106867658533,0.532256458350207,0.564221226740687,0.565734302581505,0.5464310204409,0.575630327344781,0.557664416602392,0.538439188291691,0.541650653315914,0.579179159734742,0.550250433833684,0.545668739297789,0.553381096836028,0.543237868696939,0.53358731995252,0.565538565235604,0.529941520825947,0.554738579534077,0.552020130136732,0.562377404799948,0.566130013740051,0.562199924958805,0.552982481141587,0.524265359004898,0.545843313856663
KEGG_MEDICUS_REFERENCE_CA2_CAM_VGCC_RYR_SIGNALING_PATHWAY,0.468227784756772,0.471845715909745,0.453475222661635,0.47279279934578,0.481984111125017,0.442420513094643,0.480896844464937,0.462331672695706,0.452520158143696,0.47108958959416,0.444436178941943,0.408910725048424,0.446885689191124,0.443808756759297,0.448313273588159,0.529139968658447,0.450079324197515,0.453704631667817,0.493214210077164,0.532497862488107,0.443263172262212,0.467700256531059,0.46836844432981,0.487747466933989,0.478789058213163,0.476211975024661,0.468601698877631,0.557797408038945,0.441126071881696,0.446861419836904,0.490565766167833,0.485729844289089,0.506062877110673,0.486135967482084,0.475053847113535,0.479690608726994
KEGG_MEDICUS_REFERENCE_CA2_ENTRY_LIGAND_GATED_CA2_CHANNEL,0.289176284179727,0.259826711791217,0.266940023200297,0.281718082503697,0.306059029074482,0.249147676468452,0.207009604043403,0.349063545033108,0.268140579698549,0.314514361798275,0.271486706034149,0.168267925021457,0.240770185536466,0.309484818455528,0.240919960805759,0.330570668892534,0.25864841028394,0.300546137578342,0.310948851007553,0.390197917611001,0.216627512078223,0.26892008625028,0.256568666564777,0.285471965530524,0.306976549412558,0.300350437513716,0.200475381375909,0.298813830602753,0.237396457373874,0.148988239253259,0.337268369151891,0.296752262128796,0.26784501253618,0.285453785305547,0.306713205670185,0.297262949984605
KEGG_MEDICUS_REFERENCE_CA2_ENTRY_STORE_OPERATED_CA2_CHANNEL,0.578807788060273,0.596629175471203,0.577475894348423,0.540724947487023,0.551649752465443,0.609684368814694,0.513528495070775,0.548696151442613,0.5962027399158,0.568501832895673,0.588958239909149,0.564797838157277,0.58713346387251,0.632080279941049,0.587453114614483,0.530432435449432,0.594818632147475,0.585953727747223,0.569547941392184,0.548575009693286,0.591689380753184,0.599343944460967,0.565488130645199,0.584211219977356,0.586394345495649,0.505595671575358,0.564753476928803,0.567208050908971,0.628355413820386,0.534195232192858,0.509630958602461,0.569028242867287,0.581053906688623,0.558332221372765,0.550388906840827,0.55312557064989
KEGG_MEDICUS_REFERENCE_CA2_ENTRY_VOLTAGE_GATED_CA2_CHANNEL,0.424901313632823,0.381656044923117,0.403923606585411,0.379154721349077,0.353099635521947,0.367812955916689,0.374106012817437,0.426037436352264,0.278104604847138,0.413490469564972,0.384849820426,0.249425655259557,0.327168805109024,0.290495416280415,0.404331969730164,0.448249370205739,0.373147271978528,0.39026984101323,0.423768863769397,0.430355184836874,0.383064697266099,0.383279245572285,0.389858029388835,0.42434814891998,0.411046657819499,0.462107347700414,0.373191605943898,0.47044481034404,0.194765448766693,0.36904915924205,0.456414178463613,0.387988999521192,0.402854861387897,0.385233172348356,0.418238581105969,0.423619610311481
KEGG_MEDICUS_REFERENCE_CA2_PLCD_ITPR_SIGNALING_PATHWAY,0.550364713646371,0.586023380905295,0.492225258541996,0.481323406009136,0.527207755472136,0.579535252056775,0.534726621240452,0.509767730403803,0.529529456182624,0.509603188199076,0.548476217300362,0.497371066192775,0.564544534192018,0.568593299022985,0.527132324132027,0.517532052501057,0.551014861909617,0.556440267304115,0.505717300795189,0.541220188278477,0.528413154272087,0.533745929262319,0.525733918827314,0.532048709116811,0.543540756669793,0.445958897274794,0.55628006525341,0.539084968034775,0.608001280866942,0.525241228649625,0.469654562815052,0.542562332988132,0.561531503928677,0.524025638191851,0.507446198576993,0.539356764022868
KEGG_MEDICUS_REFERENCE_CA2_PYK2_RAS_ERK_SIGNALING_PATHWAY,0.663010547290601,0.66717411278296,0.659216234406264,0.651336909619801,0.668233391803427,0.658949606811987,0.666251310680688,0.652510990099071,0.64677236725272,0.667646897451812,0.659790442705138,0.648893513434294,0.64675248117614,0.646680919582868,0.662107950784713,0.649311819230667,0.660609587195869,0.638779735174838,0.639229802739807,0.642304792134484,0.669209056488045,0.665556812439461,0.662568136276048,0.660446280354571,0.64628824357896,0.637628612434572,0.653555571274727,0.639614511547779,0.641852078640705,0.668700574862969,0.662902936136444,0.64584562117645,0.661308899367598,0.65130949583467,0.643955769895346,0.662523064546575
KEGG_MEDICUS_REFERENCE_CARDIAC_TYPE_VGCC_RYR_SIGNALING,0.437706779115643,0.400971542003413,0.425816772186842,0.398322233015424,0.334871476039952,0.395870638359116,0.445283936596612,0.443458781916821,0.319958812633,0.399130634672629,0.41555268579141,0.267697595352298,0.345673113292636,0.331408553483191,0.431662299497001,0.431079111290966,0.404079835135625,0.390209385541165,0.432849120616158,0.429933290595974,0.393646054031132,0.393971167068598,0.410418052682738,0.448195415733796,0.438784455766364,0.420751017499315,0.374420339213334,0.474106566859148,0.17921981617699,0.354420259928307,0.405055593275136,0.409508939188078,0.415173227831565,0.415622504877481,0.412350430458332,0.437484109995559
KEGG_MEDICUS_REFERENCE_CASR_PTH_SIGNALING_PATHWAY,0.400981257008673,0.4133035604913,0.402956395532987,0.371963583934185,0.399613710298434,0.374436913523012,0.411757680222337,0.38321717019757,0.408308297204879,0.383577440149614,0.4008522377743,0.375906341452823,0.389322405616465,0.381388736376678,0.387040121628145,0.345864141793867,0.390472876900051,0.395516572576244,0.380875808943329,0.433854228726718,0.423457003072684,0.385347169921545,0.366617809803749,0.392812686527331,0.406365591982448,0.369293291879453,0.368815068456105,0.40454267706776,0.319696683307597,0.382443501940038,0.374079954180236,0.364129163698397,0.374269785978226,0.401193704982726,0.332376469411004,0.36092055082617
KEGG_MEDICUS_REFERENCE_CCR2_GNB_G_PI3K_NFKB_SIGNALING_PATHWAY,0.535604475287099,0.518521609352602,0.514224481955585,0.526789396425038,0.54976409078836,0.536820260713155,0.53520300743411,0.526467360603281,0.481296349933969,0.533802923572856,0.548147317550739,0.536820236195327,0.551522907908393,0.488233005920511,0.532124010422994,0.500927395424843,0.520619534829109,0.536115674358838,0.522128941218798,0.53517281620715,0.521917104386876,0.539499816341247,0.529378828606142,0.542184084456131,0.521367272931837,0.514998338810076,0.512993339820831,0.521014537867836,0.55588998387339,0.545440676452022,0.520930066088206,0.52075880375524,0.53913210291095,0.524988868597727,0.510133686980699,0.517015440622583
KEGG_MEDICUS_REFERENCE_CCR5_GNB_G_PLCB_G_PKC_SIGNALING_PATHWAY,0.517838922174034,0.493615483836859,0.492560319229206,0.507394593766425,0.534323494088863,0.51275059915111,0.512570951968733,0.504417263186929,0.444708911116659,0.535609198507653,0.536469959978625,0.519832221898022,0.518124151148189,0.469703584908884,0.523444864545363,0.474612635005957,0.498759861166645,0.516676157442299,0.498625320710519,0.522677357022433,0.503277660654921,0.525012356878287,0.521088502657643,0.534938493368114,0.504914976562089,0.461723111171652,0.464122368315473,0.506837611008885,0.505556178706971,0.519369156624344,0.484937987216157,0.487479706584132,0.5036270107683,0.499623825907639,0.472889234058006,0.473472798657009
KEGG_MEDICUS_REFERENCE_CCR_CXCR_GNB_G_PI3K_RAC_SIGNALING_PATHWAY,0.446275312220556,0.45192483781334,0.428913927825145,0.445846254157355,0.466458259705042,0.458856841617016,0.429347883229383,0.421194004780771,0.458967616568701,0.435613401313243,0.475616428359603,0.473374769340235,0.484881437436815,0.416018933080395,0.469867438741313,0.396465758313318,0.442792106975927,0.461441506645191,0.445541672619718,0.454907794804597,0.432193108499802,0.493141528851151,0.437506652492572,0.468079351983441,0.46569186711897,0.382624440209332,0.41992543840004,0.4758920553205,0.490703897888841,0.471659502107978,0.412141112227932,0.450928605207629,0.486723606382475,0.453246084915021,0.428309540164912,0.424537914017473
KEGG_MEDICUS_REFERENCE_CD40_NFKB_SIGNALING_PATHWAY,0.424166552171538,0.548722487821581,0.540998048392008,0.495620776423428,0.490568921287836,0.501161702199622,0.435901484955457,0.500100818749012,0.50862179316467,0.445251031158438,0.529993820840315,0.47627362152365,0.488581940850666,0.533624563293289,0.547000560628615,0.443703611427669,0.505868471888714,0.540713168776003,0.527710929780094,0.522143696694764,0.498256671582611,0.510109415341481,0.448529979745805,0.478151680729592,0.490992393357664,0.404228174975884,0.518503151820008,0.458425609090028,0.596704604541789,0.475449347504055,0.403172528290902,0.444544328607656,0.523553338997173,0.489290065396532,0.425069398568409,0.43048525045103
KEGG_MEDICUS_REFERENCE_CD80_CD86_CD28_PI3K_SIGNALING_PATHWAY,0.497280024117839,0.540590940437934,0.521118089838612,0.477273832713794,0.499618191250023,0.502027201337452,0.516699964828722,0.500686027900811,0.539309310808756,0.495162757525583,0.529321628117017,0.487123422868885,0.493226693963559,0.510223708470255,0.523662697158645,0.444546686801157,0.550012003191905,0.501368710429047,0.481557087120279,0.508493205561458,0.511273704851061,0.541224403976391,0.453236671529584,0.510945250084424,0.50663050046085,0.46703318539251,0.486674049672663,0.483190746099217,0.562033657573611,0.527505200659187,0.533374626675935,0.493378483293342,0.517822822027869,0.511097625522965,0.470144483880156,0.529965256639242
KEGG_MEDICUS_REFERENCE_CD80_CD86_CTLA4_PP2A_SIGNALING_PATHWAY,0.56633455909087,0.571000139261867,0.580566888154758,0.596161488625438,0.548299896057161,0.556578467940573,0.601369046266698,0.566318927115304,0.572401994327951,0.558182605963998,0.568693790200189,0.54696598144603,0.559906540361881,0.583569210933713,0.576885341759407,0.559991654565047,0.577069523506242,0.547174514875829,0.566101594992322,0.579140168696071,0.559047849411266,0.576206216016971,0.534837034693502,0.57404827670857,0.593025574647287,0.536554846129707,0.539179270274986,0.581026156039145,0.560981008236117,0.570607001908537,0.567961738249284,0.565515833237294,0.577084709084995,0.583574375683877,0.582166678781019,0.585253737488567
KEGG_MEDICUS_REFERENCE_CDC25_CELL_CYCLE_G2_M,0.4705775401801,0.400553132032405,0.506280124984842,0.495219972105131,0.48588351411377,0.440380948876896,0.40605397323117,0.446657040813733,0.407245133215732,0.544189650212371,0.450273320205822,0.509602425772676,0.42419972963146,0.360445223111273,0.474446868361333,0.494374243144816,0.437907608547329,0.461665630689497,0.482795299582731,0.392630845806112,0.537604952088606,0.5326504965423,0.515894629612979,0.455193002289275,0.402188575135095,0.585680140691742,0.433124743165156,0.396325037495672,0.484858039009986,0.521134695756333,0.564740386484955,0.465008493024529,0.39998607028545,0.436257464950889,0.478713365667404,0.453970942864394
KEGG_MEDICUS_REFERENCE_CENPE_INTERACTION_WITH_NDC80_COMPLEX,0.544776649763161,0.449608691443454,0.586769462695977,0.575108391481302,0.577286467618706,0.500692272637007,0.442539634008202,0.503528838449368,0.476277242545694,0.636431456914748,0.509516905651223,0.611023706676022,0.499735813648368,0.365610015730207,0.545910942841073,0.59663123889738,0.473836551377391,0.519141320175853,0.567997214869434,0.428687955483874,0.618340268328342,0.623989366872131,0.60549020744066,0.510792760164475,0.43711907474684,0.676481991417436,0.475311711835027,0.456901745459854,0.518590121480076,0.558238862349797,0.657363098105587,0.50181714963189,0.439132865763136,0.478269555525088,0.545047050874758,0.496157043794743
KEGG_MEDICUS_REFERENCE_CGAS_STING_SIGNALING_PATHWAY,-0.217095094369032,-0.169363902335127,-0.110158911430458,-0.14564109402011,-0.200673215726759,-0.18241600573863,-0.158857479584646,-0.198461966965804,-0.152721271093168,-0.171345793078258,-0.217089487729511,-0.171119231474892,-0.135586025251745,-0.181782370091233,-0.123603012170345,-0.171076326180798,-0.126477158957183,-0.204919360416048,-0.119171613916365,-0.173752836823726,-0.0700137014772442,-0.156085113005762,-0.116228688389945,-0.162355145280455,-0.197146039163851,-0.183366220892738,-0.168051230972703,-0.160736909979049,-0.196734497986483,-0.205926070550577,-0.198577722985496,-0.218011465168423,-0.173533144032267,-0.194828249069042,-0.17176323604989,-0.173485194286892
KEGG_MEDICUS_REFERENCE_CHOLESTEROL_BIOSYNTHESIS,0.614521840423246,0.616780393909815,0.550583204483895,0.60205403540194,0.59068279792875,0.605924903656506,0.563540188887115,0.589644730384137,0.553286320214481,0.604982863435286,0.584840395994286,0.5778361177364,0.556196211320448,0.637681497110058,0.595885798690102,0.574003949016449,0.578783678686705,0.643304763214212,0.605207102869273,0.552094182544769,0.618689365220872,0.622540290352788,0.623564786499727,0.587000601389814,0.641939187092958,0.60516602013976,0.634329262591737,0.606129932622971,0.5837906700047,0.612468702273367,0.651730539402684,0.637697624102846,0.615505952340149,0.629578966007004,0.6545957303949,0.639543732185846
KEGG_MEDICUS_REFERENCE_CHONDROITIN_SULFATE_BIOSYNTHESIS,0.614114917295289,0.652447279372016,0.601056928483774,0.521621395161784,0.618148354206802,0.608338649242112,0.487310626389933,0.587260459351071,0.60808926305662,0.620244039590022,0.62776931426076,0.565894710703341,0.586282688565281,0.615966503956427,0.609514761348645,0.558874056435189,0.632537709212871,0.643342768485285,0.580890935194017,0.541888227532697,0.627987648317795,0.593407819490541,0.591868813060946,0.611802610860661,0.58052800397717,0.52536119199842,0.645222231041099,0.56942748907372,0.657676318307465,0.65201423328701,0.600847142585895,0.589638554020751,0.633233051598227,0.570656180720624,0.575800741084897,0.620522599199273
KEGG_MEDICUS_REFERENCE_CHRNA7_E2F_SIGNALING_PATHWAY,0.558822144001597,0.534536003242287,0.545277123899796,0.556595179009785,0.576494729096896,0.512772468990576,0.556063285279069,0.536104043368073,0.503907059077888,0.580144116143754,0.557386457651045,0.565376000798747,0.51940318362548,0.531982854823366,0.550145089741131,0.553089285394543,0.542078518624412,0.540059402411079,0.568813774050387,0.52839665705602,0.572092494452238,0.569593877935229,0.560126362379015,0.524675065481174,0.584581895607982,0.605611272806188,0.562303129141185,0.529442966633246,0.564373175931636,0.599043609218506,0.639322968879701,0.57875820858052,0.556916100624303,0.577721249819461,0.598232153966768,0.566010509564643
KEGG_MEDICUS_REFERENCE_CITRATE_CYCLE_FIRST_CARBON_OXIDATION,0.690884764931883,0.674338922424985,0.681741091365389,0.672355726103035,0.693487681183983,0.690819302806331,0.698254149045917,0.684533145864692,0.663729905247209,0.67717964499716,0.678530849054088,0.678124243035906,0.676808720415972,0.685391165090931,0.6763247952939,0.682212694583596,0.678564874021824,0.67597149703515,0.662192925167576,0.693922702272433,0.689950920131269,0.691614433724788,0.677311283380518,0.674699539755347,0.687342049016892,0.675726726600886,0.683094728348194,0.668625948094424,0.687686863758374,0.712863504636324,0.703722498694063,0.680613445638464,0.687824552160567,0.686548854613285,0.691426678544925,0.688796767158636
KEGG_MEDICUS_REFERENCE_CITRATE_CYCLE_SECOND_CARBON_OXIDATION_2,0.684339270201012,0.695604713572875,0.700043956545787,0.688209873096454,0.681649525565782,0.699166974768977,0.71748835904735,0.695942187508836,0.68325376310032,0.676176581594699,0.694199193257006,0.68204578379208,0.684805901683762,0.699451439807704,0.694761113244806,0.685919942099874,0.700111830307418,0.684714023052611,0.653801847253555,0.715246597113176,0.679214161157565,0.682289528859529,0.667586434286932,0.687811387085889,0.695071420443196,0.66332526745703,0.673221837799501,0.687496799481473,0.686730922346653,0.700471989245576,0.692685472147353,0.695018256441047,0.708703710481263,0.707265898432874,0.699879180183809,0.705926826477912
KEGG_MEDICUS_REFERENCE_CLASSICAL_PATHWAY_OF_COMPLEMENT_CASCADE_C4_C2_TO_C3_CONVERTASE_FORMATION,0.606157394970786,0.703514717190176,0.60939622243509,0.508792128286724,0.540079515232007,0.635795448652172,0.570968111757833,0.69260783650474,0.689149814944081,0.668144141170967,0.621679420606754,0.612923313532157,0.666685956326621,0.708585319665783,0.663980610751501,0.505686278158955,0.693142768058614,0.667010914651117,0.637619079643695,0.578895307437701,0.590061069835926,0.661908126438349,0.601489420203653,0.675030883973522,0.645248489825957,0.441353302324054,0.643732445890916,0.629785606843554,0.668804735991797,0.592354075518261,0.520432458894067,0.530830090718016,0.664902461852507,0.643312010176176,0.518777895065557,0.618905284699799
KEGG_MEDICUS_REFERENCE_COHESIN_ACETYLATION,0.49581417247569,0.417814899852923,0.510114538068502,0.49085425194113,0.489613520112489,0.453203778504001,0.464444603629611,0.422686072894905,0.416220563542802,0.534283701428458,0.463460701797013,0.515975284573197,0.462936189525709,0.37303979153858,0.494575943015981,0.498415903403421,0.460338779909636,0.444976104028114,0.477560178798882,0.417597442395718,0.564047979532655,0.518392821470259,0.504546505116524,0.465758532781184,0.41434459366803,0.558698369925204,0.451428407275089,0.449008903627054,0.390814724991085,0.513199038540058,0.560608869388039,0.442766308796949,0.399653562152523,0.449214690188163,0.480209272411242,0.455106563922042
KEGG_MEDICUS_REFERENCE_COHESIN_DISSOCIATION_IN_ANAPHASE,0.609886496058568,0.579359329519083,0.606235033324302,0.622069223528787,0.61803609139508,0.605981181643186,0.578867793329614,0.60881357496351,0.575860740338252,0.635519468992047,0.606766468189226,0.637989182433603,0.611228573382315,0.560332171398389,0.607753192018811,0.63315369978786,0.589367678427636,0.608795452416296,0.622894708640385,0.577512469889108,0.631882684143794,0.622024656873962,0.630368939206881,0.596533925064694,0.574775707544678,0.650416924098633,0.599460989650986,0.593992598495286,0.613764602952515,0.6050115037655,0.646538665739019,0.607404976205903,0.589401564363007,0.598091087624541,0.612864858579309,0.607687181769371
KEGG_MEDICUS_REFERENCE_COHESIN_DISSOCIATION_IN_PROPHASE,0.636260798759609,0.593019213381897,0.64466077377956,0.650851123736601,0.64389364870093,0.597753303702123,0.603354056756071,0.607958378901262,0.569252680437941,0.638360110377363,0.600754605013557,0.652147517337752,0.60144732318199,0.544397708035426,0.633549536894006,0.626739610682258,0.597257041141998,0.608941359848404,0.63132098693932,0.578728866488986,0.652752242061759,0.658068111331551,0.63678671392679,0.620467889406407,0.596508102119733,0.650486591992881,0.604030810350991,0.599446649370836,0.596730747178391,0.632007804908108,0.647345883288989,0.623730312907974,0.589578206684077,0.616876912047838,0.633096529139846,0.621990232667281
KEGG_MEDICUS_REFERENCE_COHESIN_LOADING,0.613765003337025,0.577514471680669,0.582847338700426,0.610078588331125,0.637131794389958,0.58377728102027,0.613316288387088,0.594208843782083,0.555361759374112,0.617856540819524,0.569649232055792,0.60997146868873,0.561501132869105,0.560980983117064,0.576415348033157,0.614241153317286,0.589930398461289,0.567928382491515,0.591324620544711,0.553853721230246,0.657449799181744,0.584164095688563,0.595104297019324,0.589870596998986,0.560469541312815,0.636620994943438,0.609266535179222,0.589627883614641,0.500796477205928,0.613666177358049,0.623106329397427,0.561008788138285,0.569439354166222,0.589523365653292,0.58374073321113,0.589241604597001
KEGG_MEDICUS_REFERENCE_COMMON_PATHWAY_OF_COMPLEMENT_CASCADE_MAC_FORMATION,0.138574305559933,0.178849145310282,0.148909630750305,0.19502222173655,0.149213655774803,0.165447509980307,0.202175316824233,0.209245936398703,0.268036215209325,0.158941887388099,0.155271530592368,0.133395761210748,0.198992152485241,0.282480246650699,0.202982760606173,0.102002980070814,0.0997983593469687,0.153962172404342,0.0816597093921934,0.184592237094409,0.108921756312264,0.136404310526854,0.0901608328842455,0.177298363360129,0.190454253804788,0.106466455550527,0.147843838382766,0.202384611199864,0.170947709533919,0.0648268027746697,0.0941986210043633,0.085882433987122,0.180230262130949,0.160274336319992,0.0995338283403856,0.176811224308777
KEGG_MEDICUS_REFERENCE_CONDENSIN_LOADING,0.600676542058511,0.547820429756986,0.59702509608888,0.614374310117488,0.614817105168953,0.553584303598017,0.556180458369646,0.565885396755605,0.536331021807177,0.635922411465462,0.559428008156292,0.616239337938757,0.553447525925295,0.505801982500971,0.590454714997392,0.599356584215885,0.566421767259731,0.566825689407604,0.589570497538342,0.535361994266114,0.635860468287571,0.622623065306644,0.612191528225193,0.585823729896032,0.548792143818238,0.658169410859709,0.580812106099268,0.55535089879905,0.577293756555232,0.61061936531356,0.653420228083505,0.592082705003837,0.558599802716405,0.578334406547307,0.59827481214201,0.595716080934441
KEGG_MEDICUS_REFERENCE_COPII_VESICLE_FORMATION,0.612923895182511,0.645162639103421,0.601243378190107,0.58043270124192,0.624226760321189,0.63625376775745,0.585761723459107,0.604025089135744,0.601283350929568,0.620221220775407,0.601259867707889,0.59246739136712,0.60414686018473,0.605655796662439,0.621514723836736,0.584378562441196,0.626332857142226,0.607058103621036,0.583327554273388,0.597005109003294,0.6121381941792,0.605516076699694,0.571483356970248,0.614731143568979,0.596400246056292,0.578111508000557,0.604417884502331,0.582434176680973,0.630754830228191,0.620496901101266,0.618003103353166,0.594125854627695,0.632090920739634,0.609911855643789,0.600590767213559,0.632789412400537
KEGG_MEDICUS_REFERENCE_COPI_VESICLE_FORMATION,0.643341167559178,0.666238010583439,0.658464582814298,0.629636343143011,0.662529732219476,0.665544853352324,0.587104823561005,0.648224581881689,0.658398883869857,0.661597621792084,0.660676526844945,0.645722010845206,0.656852860345315,0.676485388132581,0.660702026026905,0.640617659725976,0.674961707766832,0.655235602609192,0.637203371008487,0.617882066563341,0.664071109209437,0.672323208180133,0.634963775913891,0.654732695720321,0.652396779943848,0.631339294705631,0.637304271320322,0.609385561074133,0.683110335373168,0.671104677619904,0.646887832582568,0.64992592692434,0.659146785249288,0.665119393084106,0.652883830005127,0.662069430259681
KEGG_MEDICUS_REFERENCE_CORE_NER_REACTION,0.521400018257101,0.502996471621952,0.520913892295934,0.51702831048392,0.546826954505767,0.514337433149834,0.516680764951618,0.523023283959936,0.495962756946023,0.543085295941744,0.513226781260024,0.54899534325298,0.511556384294557,0.504359986964975,0.523192738204112,0.525868638981747,0.515388375623466,0.527705578821464,0.504316445863128,0.510944636184356,0.535338425085283,0.525998338992246,0.531513017441736,0.512836400059316,0.508154986624449,0.563549722693278,0.518164179248373,0.497925738203601,0.53195312191058,0.540923051413585,0.528034727470946,0.517563977121586,0.508255508922942,0.517975205391277,0.523365708280496,0.508024917187232
KEGG_MEDICUS_REFERENCE_CREATINE_PATHWAY,0.405601766257847,0.440986736350539,0.518941102925679,0.455694975916375,0.386602525757099,0.470802911189105,0.413872791410948,0.466365519464436,0.444349673174488,0.510964357048154,0.477814528064552,0.456541480109265,0.508803231527231,0.452069072343273,0.491632214809739,0.466432608989364,0.478322635272382,0.444501028371433,0.478713672094015,0.555449615606097,0.45964804586544,0.485812415827971,0.517588726604813,0.489793712463418,0.479092874748695,0.504274728889402,0.449639265587658,0.511097603262518,0.290749416368742,0.305394579739428,0.49858727882371,0.386131563444303,0.445591687706618,0.457383022148409,0.512496982593762,0.489985383392793
KEGG_MEDICUS_REFERENCE_CRHR_PKA_ACTH_SIGNALING_PATHWAY,0.497131797959404,0.470288537036361,0.440024212614923,0.437821726103698,0.474082145289002,0.442700083894617,0.425011968287593,0.450581364986561,0.402486913726413,0.451915718247167,0.431815365510636,0.439483089071723,0.440434083738673,0.456432782370007,0.454029423355237,0.465489919973344,0.477525139576171,0.483060439155974,0.444844039169948,0.437011585591516,0.464546709152071,0.493597990158066,0.449341778814451,0.505611563505712,0.453821851896898,0.439479001749997,0.473306756469122,0.466742226641678,0.414797918991706,0.474848976273088,0.465207831977586,0.465540488845397,0.460100501324472,0.446990016153126,0.475512773650432,0.472073359636217
KEGG_MEDICUS_REFERENCE_CROSSTALK_BETWEEN_EXTRINSIC_AND_INTRINSIC_APOPTOTIC_PATHWAYS,0.504664321282822,0.568125515374705,0.550317428235979,0.508760916306516,0.539048714336658,0.53438981287998,0.48439403788517,0.506649920329514,0.56673818041674,0.503415880535004,0.545330064631632,0.509091586568686,0.524674912627606,0.530110271930979,0.567271018106331,0.471798769953766,0.56190983641806,0.544364102317178,0.522123213379542,0.527626828275639,0.50807409370437,0.525492505815716,0.481569369586958,0.519512619779636,0.510720494927583,0.453960810292021,0.511163721746822,0.510888209922218,0.615822925397159,0.531349741809965,0.494885896957735,0.484686679177217,0.530435704976187,0.545195340305483,0.498228587593895,0.537586828405617
KEGG_MEDICUS_REFERENCE_CX3CR1_GNAI_AC_PKA_SIGNALING_PATHWAY,0.57883045715686,0.548952776090273,0.537098015450096,0.522369411201553,0.553013672090941,0.540055892156257,0.50895820186,0.559548239831444,0.503409753573977,0.526008053217042,0.530868569520773,0.521425171142799,0.53597518202966,0.555634579424632,0.547283082788845,0.49031856584933,0.513957137828568,0.548365884166226,0.562816246676926,0.529532516788191,0.535997392920919,0.56585997312998,0.543151119038361,0.570287579034654,0.574192336772429,0.500721813501118,0.562132454127654,0.557805584852619,0.535279318984139,0.543738319391402,0.537239252253735,0.592136343579978,0.580610761073704,0.57458894263424,0.5692651953278,0.570732907239845
KEGG_MEDICUS_REFERENCE_CXCL12_CXCR4_PKC_ERK_SIGNALING_PATHAWAY,0.610285397269015,0.613083214287892,0.604650837377587,0.591680367568867,0.615279395851719,0.595814068392049,0.603045475507659,0.611118716280507,0.586521473595786,0.605937303723916,0.617771028333778,0.582813991488939,0.565806854092108,0.627177001347942,0.615851933314299,0.58936885962019,0.615634065378315,0.608596655024499,0.588956067062582,0.61119095344453,0.624152781955743,0.618514331467645,0.605705137552909,0.619902188246918,0.60722256393507,0.55148458707866,0.590439459867021,0.610505295530042,0.59281254465469,0.605795363495672,0.586294471693186,0.601983113281249,0.604588298602371,0.605263678224292,0.566939332697763,0.590695285989163
KEGG_MEDICUS_REFERENCE_CXCR4_GNA12_13_RHO_SIGNALING_PATHWAY,0.640896275559394,0.657254370977992,0.626222688719903,0.647904640057871,0.644306210812743,0.651870349451211,0.633297963373543,0.640060074305995,0.683339710028647,0.632415662244065,0.647455169858735,0.619761428445208,0.635672212753107,0.642680426225676,0.658137392527333,0.655434295020285,0.654608002752392,0.634756928049896,0.633766038353967,0.64544967428465,0.63448765910116,0.650859041133014,0.630412317676519,0.65740199888431,0.630078706799505,0.612043604472263,0.644335155962137,0.6367338829224,0.636608424827302,0.653441354828513,0.623844722613808,0.633143388785424,0.643828559882617,0.636450049085732,0.582270616657758,0.636904068919201
KEGG_MEDICUS_REFERENCE_CXCR4_GNAI_PI3K_BAD_SIGNALING_PATHWAY,0.621356928839041,0.623036999039421,0.626827358943678,0.616683130124976,0.614089677919591,0.626112688492084,0.615844866787055,0.618915627480725,0.629929221382035,0.58921730706913,0.631782330327514,0.596878715628969,0.619390516729269,0.625445200872211,0.625907848355926,0.598747665363912,0.644661215120576,0.619555702091945,0.60647194177984,0.614089996363467,0.624882094592815,0.637907095088481,0.606948473788062,0.622003245089912,0.619021743607886,0.590565082424955,0.624664211508077,0.615654318226369,0.645449085180584,0.627825104364536,0.635033223015741,0.638727872371432,0.624966146675127,0.629523363038818,0.593543652183781,0.629136125849308
KEGG_MEDICUS_REFERENCE_CXCR4_GNAQ_PLCB_G_CALCINEURIN_SIGNALING_PATHWAY,0.554275054643379,0.573554053840871,0.571286054370395,0.549338006452889,0.568552602381149,0.547567689999843,0.556799992079135,0.559495298845708,0.594315328625524,0.551027654027137,0.593101404159356,0.547144685217481,0.552307608283507,0.581191921306303,0.577386006922253,0.545017186688292,0.58875751510996,0.572595421837356,0.559084225170665,0.570739193614397,0.583491845693632,0.571373496217692,0.552519834820669,0.572498748703715,0.558743210425149,0.529769290991602,0.56941767724214,0.5535551853349,0.568347865850192,0.563340620952118,0.557614513784968,0.56869351414376,0.571596029840925,0.567801812532247,0.520485595290041,0.549996818176318
KEGG_MEDICUS_REFERENCE_CXCR4_GNB_G_PLCB_PKC_SIGNALING_PATHWAY,0.550910592056009,0.524855924029362,0.527694111528966,0.548412667997823,0.56581773195523,0.544505612893001,0.543647393912604,0.544883000273736,0.481300407060419,0.560512921751787,0.565658316156039,0.54641322026756,0.549005415789185,0.502842039331425,0.544630227074332,0.522761297354231,0.529055984290181,0.544749603966781,0.53298292150252,0.548743813932861,0.535924975443805,0.549664369099671,0.565087065503093,0.563169062000857,0.537000784185243,0.515449438932838,0.512843012481639,0.540178886172216,0.530209678753416,0.550066310666432,0.520240589374736,0.540137760911504,0.539292085319428,0.534161821910946,0.51222534681174,0.512347322160885
KEGG_MEDICUS_REFERENCE_CXCR4_GNB_G_RAC_SIGNALING_PATHWAY,0.561979304315382,0.539148103729135,0.53553878955596,0.564396504774319,0.571711814896514,0.563316947866619,0.550599911800572,0.553248724916798,0.517664094641117,0.576026041283471,0.587945181671412,0.577489446255476,0.592959355575271,0.511165969163136,0.566313221561307,0.52935375501785,0.543622072999612,0.56834441088897,0.567028213821461,0.558996969122289,0.546609883057287,0.578254696215937,0.572306004660439,0.577960801801917,0.544692012966771,0.534129082964954,0.533854155955725,0.554240950218749,0.565643036647107,0.577944450060971,0.548483589438032,0.544421354209299,0.562002021796721,0.544411701897061,0.535869848884033,0.537605504780764
KEGG_MEDICUS_REFERENCE_CXCR_GNB_G_ERK_SIGNALING_PATHWAY,0.564530025504393,0.53270233505809,0.534605947598514,0.563354069358142,0.578777022424092,0.565711416021255,0.556718426238749,0.549486156360329,0.498081112353373,0.576111188107915,0.574990505191166,0.581526679003601,0.583248198272767,0.498290301822451,0.558134110791838,0.526040258689891,0.535597165958129,0.557088136738441,0.548682745502591,0.554824372266498,0.546396909384189,0.570885969053307,0.567386033007663,0.572016978218337,0.541567309814214,0.537201672733111,0.527810077170549,0.553567609401193,0.54687781833394,0.575600907716746,0.557392895887955,0.55408957070832,0.561845099831001,0.555291714021846,0.549524812293593,0.538493452366537
KEGG_MEDICUS_REFERENCE_CXCR_GNB_G_PI3K_AKT_SIGNALING_PATHWAY,0.515708885580081,0.487200870849248,0.483944358617461,0.507256742382757,0.541415593298173,0.507844093937158,0.503108000126837,0.490518491307432,0.453350275656413,0.518607962995216,0.52386007022157,0.532804880778489,0.533341650459298,0.451994298075043,0.512429342009806,0.466011644402646,0.490113678873534,0.510397829878524,0.493062478304482,0.509108107837368,0.488736803814385,0.524466975364417,0.496186514524532,0.522297594781545,0.48431518985469,0.473352298386072,0.475122019803562,0.501646014594166,0.524017229379501,0.529367177686988,0.495113104189248,0.505843017796587,0.526277069600063,0.500534316809334,0.504985497674072,0.479160458070184
KEGG_MEDICUS_REFERENCE_CYTOKINE_JAK_STAT_SIGNALING_PATHWAY,0.31356312317435,0.428100252524493,0.377798848820163,0.315686831329513,0.365315658911759,0.394765778359827,0.303318021302337,0.341870356666135,0.411752974093999,0.363406849960148,0.389010085870247,0.347050065026527,0.356929864899069,0.379913914000797,0.413435492097914,0.306218964798394,0.413480388934514,0.370985391751061,0.347683756033931,0.352970015468894,0.370498777887896,0.371482402453148,0.288349068037718,0.359935607953948,0.328973203076329,0.268000884986184,0.347457373189843,0.35703959743206,0.444795293121996,0.381282777514926,0.324911194663561,0.293898470049514,0.371276726817102,0.345525973515,0.298247076953233,0.341629795162729
KEGG_MEDICUS_REFERENCE_DEPHOSPHORYLATION_OF_KINETOCHORE,0.549539492740717,0.446817070906061,0.603062060939549,0.603680584436408,0.578152041331443,0.507243381097994,0.450117914932895,0.508375643022285,0.48815902905356,0.647487550973765,0.512931488554524,0.606791044766182,0.507892443223117,0.312982061904808,0.552600973739247,0.599592435537824,0.484715730614841,0.521284609903194,0.563652110219822,0.439589748899406,0.626814959020761,0.621761483540629,0.587215899827462,0.514599013812756,0.450465040379449,0.654429355170443,0.475923884570142,0.483502646616146,0.517137417230549,0.564508819423237,0.642885738036969,0.516264460828421,0.446387457400448,0.500968117199826,0.542338349720952,0.505657318314322
KEGG_MEDICUS_REFERENCE_DERMATAN_SULFATE_DEGRADATION,0.33325389740245,0.344082662286509,0.349191092118073,0.330580833547157,0.376411585066059,0.352295736430683,0.297766578585473,0.34399937346144,0.346974466054434,0.340082972410112,0.330329930786016,0.345153352149473,0.342951478608874,0.372543258605294,0.324701593876855,0.357592278197949,0.356946548852312,0.343656541886301,0.336861732135052,0.335885550519944,0.350272763530986,0.323236184225619,0.389264945145575,0.338121549052508,0.372454599786582,0.364840225262601,0.330709946691154,0.341141101736487,0.368674493755141,0.354574744514924,0.33491345291534,0.311315858146977,0.332762785450344,0.299002117650171,0.356579156519772,0.293625836040333
KEGG_MEDICUS_REFERENCE_DEUBIQUITINATION_OF_H2AK119,0.597225083422681,0.577871577569969,0.554534621736557,0.572153173086459,0.59188669510615,0.57912270927498,0.557379562123929,0.592409380799514,0.562975324287326,0.60119575779758,0.581326922543772,0.569724487266775,0.569348098078157,0.551980133576404,0.562219463728579,0.624591229226114,0.563963868576824,0.57474057483015,0.576352127011819,0.560616684773591,0.596619069897026,0.56828615793286,0.580916927674161,0.582267726284803,0.56239832156444,0.61773564936633,0.59931044476299,0.574747226369806,0.572943632124228,0.593065815105015,0.615969436548009,0.613991320154227,0.583826726159227,0.56567160785587,0.588478363740341,0.581497358358505
KEGG_MEDICUS_REFERENCE_DISASSEMBLY_OF_MCC,0.587031110318168,0.551827015832187,0.579324118543876,0.586320844262884,0.593536341907184,0.569951934885632,0.547750482480299,0.577311393225952,0.540259526126414,0.62261437284401,0.584265208680295,0.614387034084286,0.576031583869003,0.519415081052509,0.57735140777607,0.603787399910665,0.555810693482945,0.575749081177438,0.584291993017103,0.532605471976833,0.616310745894341,0.604312607936389,0.610920327701741,0.559623173897654,0.543103607036212,0.641908210284517,0.580001023223903,0.54438745871442,0.592966188730511,0.60263822811064,0.643331678335802,0.581277878570512,0.553284171980132,0.569157831655037,0.607102516618421,0.58089782184508
KEGG_MEDICUS_REFERENCE_DNA_DEGRADATION_BY_EXTRACELLULAR_ENDOLYSOSOMAL_DNASE,0.406543185534305,0.420741881845697,0.42539170643754,0.378978880012617,0.379916853489071,0.398325172061587,0.373119646650746,0.405138579780571,0.413520904320892,0.373075848808291,0.420753505169287,0.467878332985015,0.429664031659622,0.48610230606713,0.423674999731697,0.352831171225199,0.437878291649639,0.448913215436202,0.453408299033212,0.442683823940533,0.389504656411124,0.397700545470243,0.407086080731147,0.393007683609992,0.425087454370315,0.400182536184754,0.404353538215843,0.429255889164821,0.468608028753941,0.380045296297766,0.334047961408665,0.421499724978353,0.407517706941802,0.430043261962453,0.413517891171565,0.387977375529776
KEGG_MEDICUS_REFERENCE_DNA_END_RESECTION_AND_RPA_LOADING,0.498630104396964,0.498834662304567,0.491153075326001,0.509751718038389,0.532103103525949,0.49367905915187,0.509915272318224,0.482521100952759,0.482154624950265,0.528191772016104,0.495250951929085,0.527815982638561,0.484919992231267,0.465526458704867,0.512466115744149,0.483514489890396,0.495063748234831,0.508735066836185,0.481564440178068,0.497690608298287,0.533784236499956,0.500127573291098,0.517768227357215,0.503644774138229,0.467402865836709,0.53556689448192,0.478336253358468,0.468840348889109,0.477971141072574,0.516863930939303,0.535916323691147,0.470662543263939,0.464746509458602,0.501615671428054,0.479026089356014,0.497972867859454
KEGG_MEDICUS_REFERENCE_DNA_REPLICATION_LICENSING,0.527019249568508,0.446752351021373,0.495489158951437,0.539705911487028,0.55239751496781,0.478723908642826,0.435576258543105,0.498750776955399,0.445365728365946,0.600604808664395,0.493962387782903,0.559922157412867,0.469865436241744,0.400316988279588,0.508980505880286,0.566421591247015,0.488579138612989,0.497292972446274,0.532264819897357,0.442828921258734,0.598475145559793,0.560326861855632,0.551688868729251,0.493352239617406,0.436538865406388,0.639845226823042,0.488980413586667,0.448516303465212,0.514083853377863,0.565052793452044,0.589402893257622,0.509846324215696,0.450812911421359,0.457530166429857,0.528312397144525,0.503023090292458
KEGG_MEDICUS_REFERENCE_DNA_REPLICATION_TERMINATION,0.584757787376409,0.520261763193001,0.562957449741159,0.589591890022824,0.60187366090061,0.528431628751151,0.53953194600986,0.566376565884512,0.515107324841492,0.626970968699772,0.561756027815746,0.616541654876911,0.549470527594949,0.481906167557508,0.55765951979804,0.59696903798195,0.542905210239371,0.569159589129632,0.592896108069949,0.542411947976188,0.628744714746238,0.60374728186209,0.614346155338329,0.540544039112232,0.532303641979326,0.659035092929138,0.55264911526819,0.523574672763966,0.594389372063666,0.614536054642682,0.608240938196748,0.581299493519785,0.536135673959732,0.551205092564341,0.597595290625041,0.552857839531236
KEGG_MEDICUS_REFERENCE_DOUBLE_HOLLIDAY_JUNCTION_RESOLUTION,0.278173363191828,0.329711808939522,0.155767404029082,0.210455767012594,0.310494257177177,0.252695979803368,0.240878378739284,0.176266949002022,0.27271798181089,0.222911491797431,0.321839804189739,0.317438248607234,0.258235897911155,0.200905681504283,0.168618465383588,0.220195101195384,0.146446754487988,0.267821594415677,0.213945606283788,0.242482867691249,0.327262682889818,0.203688942886637,0.318983168073666,0.17768252552146,0.248410038580529,0.361944219575965,0.282006740990527,0.271247997879248,0.260361161507117,0.290883035198816,0.231421326345383,0.238482266584794,0.215315043851881,0.151010110460599,0.205609805808123,0.18341316209302
KEGG_MEDICUS_REFERENCE_DOUBLE_STRAND_BREAK_SIGNALING,0.561609349762366,0.554362806789797,0.537504018126879,0.533395808135176,0.571128861688496,0.560755729523206,0.553180397094729,0.539602683190181,0.548516070241638,0.580108331593663,0.537851236744569,0.559069610771823,0.556000396006942,0.542778849640224,0.548259800612375,0.551568850639527,0.551959663974604,0.541333120063922,0.521635316132574,0.540169187951585,0.565450011270301,0.552616518692475,0.54554971695217,0.552116987382588,0.539297948335181,0.587329492158366,0.545476110726095,0.530046870870635,0.525578914943246,0.544366473535397,0.569911756846287,0.540127459467416,0.545111729350134,0.550898960530235,0.534538921424084,0.552141347008606
KEGG_MEDICUS_REFERENCE_DRD1_GNAS_AC_PKA_SIGNALING_PATHWAY,0.546758423293869,0.523305035395107,0.510376165434858,0.504057270531636,0.526583891352761,0.504925639271827,0.488747302511007,0.47495862292531,0.493440357777581,0.499629885956987,0.481650429137391,0.480172666913978,0.477963278595442,0.493543413099132,0.492868198060722,0.539085982464612,0.525408192591983,0.520713699770059,0.493499568496072,0.463089752567158,0.54461019332534,0.538280047050067,0.50513634483182,0.547217417752791,0.464753985056726,0.472710137653053,0.522567190192522,0.501843940955501,0.463363880415093,0.541555405812598,0.514767311522117,0.482512934073443,0.474273483392051,0.473849145064906,0.506418026961711,0.493813343992382
KEGG_MEDICUS_REFERENCE_DYNEIN_RECRUITMENT_TO_THE_KINETOCHORE,0.617715040838149,0.607777404812448,0.615414620865732,0.634227623866785,0.616208335671518,0.606939588379153,0.614667260636651,0.616526411569522,0.601910703357546,0.634217120222688,0.600868679207649,0.631967160770514,0.600177572185981,0.591426211280541,0.613128549453163,0.613073643302333,0.616534613821383,0.600093426971792,0.609364354147977,0.598104466391564,0.626310015232306,0.633860594350795,0.608302133279232,0.61410572865134,0.608646925196576,0.622667353679795,0.595011259164938,0.596299453617959,0.592792237993389,0.610272803350705,0.635435985282066,0.614847892745388,0.603797630915397,0.626426815435425,0.611608540848871,0.618229556695229
KEGG_MEDICUS_REFERENCE_E2_ER_RAS_ERK_SIGNALING_PATHWAY,0.587532829813488,0.586478626517086,0.559728152282832,0.56128042660195,0.593683087208687,0.560925366311972,0.569629493563406,0.550077483228837,0.543635003635636,0.56337824889875,0.55767673962698,0.561185021696722,0.550067016611738,0.555095773302233,0.56048522525629,0.577563282746022,0.600516743767869,0.577190007068736,0.533984494654022,0.53324283525871,0.593851928495788,0.580217814943674,0.555714581875308,0.587081323056773,0.531874922587972,0.538813368497925,0.572561723357901,0.569469508263532,0.546684355083218,0.583600116011408,0.568186561193239,0.537604311659155,0.554516124806766,0.538770165017724,0.562765937049206,0.565434516967968
KEGG_MEDICUS_REFERENCE_EARLY_ENDOSOMAL_FUSION,0.597724510480462,0.594821825987562,0.575211311257183,0.596725418470357,0.5711106506452,0.591110262444168,0.617422637351753,0.578280536418884,0.571325406033477,0.59565382860998,0.569983597418888,0.585502447593747,0.586962521546046,0.577469396319794,0.580505360472844,0.530413358573656,0.589869490850445,0.585936577303979,0.562533651578502,0.59260232692928,0.612556765567092,0.573938764601525,0.538436839096796,0.576139024523953,0.610835674190974,0.55816099744055,0.560695123220314,0.576117473053908,0.556624718577505,0.58339248374206,0.577178228289028,0.582240300628474,0.586826070016736,0.622801404780281,0.57360444293105,0.597467824728185
KEGG_MEDICUS_REFERENCE_EGF_EGFR_ACTIN_SIGNALING_PATHWAY,0.653723045189064,0.678807424460405,0.666657843932731,0.657004427181109,0.654396100476245,0.680790431799294,0.668242167972231,0.649095147058156,0.677718610189496,0.647701526296551,0.661527346398311,0.672223836234146,0.64523831163841,0.663924241030596,0.680237511484069,0.628554932890177,0.676094653930525,0.667736352636077,0.660501977286781,0.662361771621816,0.657433231197902,0.686694593222447,0.651341231225814,0.672245496888081,0.656390716317685,0.608703673549068,0.656131452420694,0.654548878213217,0.674129846333145,0.661249852588883,0.646195110271593,0.645317594922143,0.678068971680252,0.669813805859958,0.645773162145406,0.657406108714842
KEGG_MEDICUS_REFERENCE_EGF_EGFR_PI3K_NFKB_SIGNALING_PATHWAY,0.56529286317905,0.576744495088522,0.542531616569026,0.527461003322535,0.537430023427786,0.5574057130552,0.551665997070848,0.542232062210099,0.551253684449467,0.528832427545603,0.543040456410265,0.550441444126589,0.537029215213362,0.562779705303669,0.555284398612192,0.518214040645002,0.566632876817437,0.554667083793963,0.547258051002811,0.546922187445587,0.54714188991487,0.574734898908404,0.543255470409854,0.561285056240822,0.552849925846775,0.525884140808691,0.565420768155112,0.541784187295075,0.597102923520899,0.547586986567401,0.541006644887541,0.561107251052498,0.591887626395219,0.568610853399197,0.546158996689554,0.560467698670405
KEGG_MEDICUS_REFERENCE_EGF_EGFR_PI3K_SIGNALING_PATHWAY,0.578138813684681,0.573923408616965,0.556778079601169,0.552863403139371,0.533308430751141,0.571718902097079,0.5641604857227,0.555222193085812,0.558702820452657,0.521823881125711,0.547175065029002,0.572512499507761,0.551798756386587,0.570107926322338,0.552112375095068,0.508090995796757,0.570302392631012,0.562740306330181,0.556826631735975,0.559163475472956,0.541313991119084,0.596504890258292,0.563497194138555,0.574161840216724,0.57232467030766,0.515387659597683,0.562879155108314,0.564020612777357,0.597567474079589,0.537052895666352,0.563571273548999,0.584774607770191,0.606484374696735,0.590095292149121,0.549520020800149,0.570140097330189
KEGG_MEDICUS_REFERENCE_EGF_EGFR_PLCG_CALCINEURIN_SIGNALING_PATHWAY,0.529777995522257,0.546711956629278,0.544232056731515,0.528351007878542,0.532075320597042,0.535550999478969,0.533672186078421,0.535205156860226,0.565556971879555,0.529553226137906,0.554221126395584,0.53790865544366,0.522996275441938,0.565023550641008,0.553803013977361,0.517965569868541,0.560691382351372,0.548201976427889,0.542086443675327,0.532752489785373,0.548560859229443,0.559425861933243,0.545159993166524,0.557481942619539,0.537120146923847,0.491283739655646,0.551297774533651,0.529833438930432,0.563239161885836,0.523780978546903,0.530135817452277,0.556941375410592,0.574779538379492,0.552400025871902,0.515991708796998,0.539330478548254
KEGG_MEDICUS_REFERENCE_EGF_EGFR_PLCG_CAMK_SIGNALING_PATHWAY,0.587383921491309,0.562174429165315,0.572483875135071,0.551916493368857,0.530471161666766,0.57090014398882,0.589144542231363,0.546807229725978,0.537087430881613,0.532426387213243,0.560683536985364,0.543945443268096,0.58983557540498,0.542572232877075,0.564153134664474,0.4928088234846,0.60780377359939,0.571825118577544,0.573670137496732,0.619556642862672,0.51610452054241,0.546759398528708,0.524683072234908,0.61773870636735,0.59679533967623,0.463428848456224,0.527018183886017,0.590263438406804,0.560233631065593,0.560890040686318,0.555405979592696,0.540582953253911,0.615654272630941,0.593511391005103,0.56033200093513,0.561739574289866
KEGG_MEDICUS_REFERENCE_EGF_EGFR_PLCG_ERK_SIGNALING_PATHWAY,0.614355993585991,0.607149579930132,0.597015945524331,0.595637106634681,0.60213210381157,0.60668906956023,0.605337962211654,0.612408873243836,0.561844356168052,0.613132967286913,0.594154842127811,0.589487486116458,0.552787452654491,0.632492683652969,0.613732637742398,0.588486465378358,0.600973282939388,0.603751836152419,0.591762243205595,0.594879299725777,0.610962743803484,0.630510092509637,0.626174400996141,0.629185445253103,0.607887295475895,0.534287884938403,0.590311396218039,0.6143884349938,0.604697204823286,0.589707237132939,0.579922347173727,0.610945475314591,0.628674963872925,0.61060623608927,0.590362927302328,0.605154170157372
KEGG_MEDICUS_REFERENCE_EGF_EGFR_RAS_ERK_SIGNALING_PATHWAY,0.656664003997037,0.653256687122685,0.627597259198242,0.635872984930927,0.638112642563717,0.649478657989818,0.647603898619007,0.635598182355762,0.640177800135282,0.645102402224094,0.631735017716145,0.634046999296391,0.632405490542623,0.638342199702449,0.647955124358424,0.625637110714499,0.63775889629603,0.632233125425355,0.635128261169849,0.627148668975344,0.643657181968267,0.666547057931545,0.65446410369676,0.660383184336648,0.635439065776417,0.606687352316115,0.636988272623973,0.632989576472333,0.632356708945112,0.636850842948693,0.63413596324505,0.638442811152819,0.661134394900533,0.650728237295627,0.627041267124988,0.653192554472375
KEGG_MEDICUS_REFERENCE_EGF_EGFR_RAS_JNK_SIGNALING_PATHWAY,0.608655695507601,0.591839582422302,0.574443103400815,0.579450302106007,0.566459342816838,0.591963649282659,0.594378089167864,0.574703276411528,0.59041186004801,0.576115958478315,0.558445423965072,0.586918879338306,0.574410834043687,0.563371969875678,0.593769329248679,0.560516955074115,0.577831319491233,0.554521667395275,0.562982250093906,0.568852097967742,0.576427011056678,0.612665077800009,0.5858046761217,0.607951508128412,0.574259328017669,0.559453390305103,0.568851121210835,0.576482065697382,0.562870574463652,0.570544515989236,0.609085387368905,0.588522456833519,0.595060957653704,0.613980251231592,0.569535293639467,0.605067195010808
KEGG_MEDICUS_REFERENCE_EGF_EGFR_RAS_PI3K_SIGNALING_PATHWAY,0.614980049758217,0.611134364044675,0.596819860402357,0.59285955243655,0.582637242425809,0.60592640760633,0.609012129280872,0.593626067161307,0.597975402219831,0.582827920326415,0.585173647195013,0.593675126896519,0.586406948663609,0.594812733652651,0.602558316133402,0.570452787314268,0.607883765070717,0.58875800645009,0.582216246254688,0.594287180983194,0.586184051688025,0.629625133040302,0.605163612112636,0.611895834940103,0.599498622611489,0.564066239789605,0.589880562657107,0.591021867395725,0.603013744885052,0.590766039886469,0.602422867221158,0.604666356166278,0.620529741935175,0.62084469497297,0.58163384257342,0.608990746164004
KEGG_MEDICUS_REFERENCE_EGF_EGFR_RAS_RALGDS_SIGNALING_PATHWAY,0.647532141222796,0.650313079968583,0.624192503927968,0.632652361454544,0.613723580859077,0.649848933025149,0.637441352328875,0.623098715946727,0.647230627763806,0.62900491782109,0.61239154708438,0.627414877652498,0.618446274553673,0.626963837317107,0.648632669171157,0.611554506755018,0.636854583414684,0.619439527120755,0.62215966231215,0.618920869603134,0.610859443205301,0.665392640795608,0.650485832192916,0.661941776738388,0.625990772322222,0.575009951360816,0.617325808122823,0.626175710151898,0.622446329317292,0.608627753303098,0.615113320268559,0.630240346945572,0.653690189458368,0.653904293959536,0.607282735412762,0.64333403902842
KEGG_MEDICUS_REFERENCE_EGF_EGFR_RAS_RASSF1_SIGNALING_PATHWAY,0.582562871078552,0.61268155066413,0.566540299829019,0.558938654071119,0.550788764401841,0.591420495846738,0.577056778321713,0.563043255591336,0.595608225533783,0.571831403026613,0.560206219242553,0.565370207359849,0.552783756637976,0.578265740987659,0.593008057197233,0.533584042776184,0.583671614998761,0.567987781079729,0.579304595111056,0.55697821990896,0.553052069372684,0.612865844927372,0.588267175908702,0.598732349820798,0.572196997678595,0.512556300632259,0.555638522254168,0.559049691380391,0.587967176422725,0.565329130703125,0.568300390358594,0.568826111771151,0.600075453630197,0.587677312681102,0.548402409231524,0.596497323242613
KEGG_MEDICUS_REFERENCE_EGF_ERBB2_RAS_ERK_SIGNALING_PATHWAY,0.6380760323375,0.628563935819975,0.60385587692222,0.618688050715625,0.616931144279422,0.631226424483011,0.624487589942875,0.626687125581428,0.623044359008653,0.628109069127406,0.612352328900099,0.616317323650419,0.616761038289859,0.6252611919886,0.6270897846,0.610493606734073,0.618158764094643,0.60793198214581,0.622123101012111,0.605903329161373,0.627256345521579,0.655240048375843,0.642695803178971,0.643748163582064,0.621202530619963,0.590483558697287,0.622343063264358,0.616885287386673,0.61634077822483,0.617345364531267,0.61240878020272,0.623519706118902,0.643686771107204,0.631159960483623,0.617873223835184,0.631429862533545
KEGG_MEDICUS_REFERENCE_EGF_JAK_STAT_SIGNALING_PATHWAY,0.628015856303818,0.645272702112409,0.591628620451164,0.587851219060385,0.582720654862507,0.657292024190809,0.604336932665302,0.600547217400696,0.638010816661839,0.594140259057345,0.597741126753195,0.617115555903492,0.617273033678626,0.63611034612039,0.623502207790355,0.575982329226969,0.614803070854143,0.611136749389233,0.642000161306768,0.610110082822027,0.589567816825616,0.650356784703847,0.629486885470926,0.645466388525899,0.619865939568663,0.506369010368444,0.62903035130868,0.606845939859877,0.669571957405571,0.58013885581507,0.587753811907655,0.622197355564487,0.670044456160949,0.639484280505559,0.596604425442056,0.637115804311434
KEGG_MEDICUS_REFERENCE_ELECTRON_TRANSFER_IN_COMPLEX_I,0.478054950817154,0.496510858834721,0.52404217756769,0.51028034327934,0.48404291934158,0.505992457734838,0.510027975937442,0.50743033848833,0.503080312976745,0.478314436747395,0.521068089118559,0.521926177015901,0.520803208395242,0.515706356109176,0.487221008229699,0.4774842841054,0.505841622557294,0.521360442401537,0.506477344583834,0.518212637322882,0.486503086508025,0.493559845582929,0.510105113658021,0.499315084098265,0.515461681231208,0.506708224137014,0.484796275848382,0.520577361930921,0.5075270928758,0.488565529938935,0.510077859282298,0.50088251272324,0.516190351424016,0.515441519854825,0.517016503636432,0.501321758419943
KEGG_MEDICUS_REFERENCE_ELECTRON_TRANSFER_IN_COMPLEX_III,0.621885754398831,0.618520445409064,0.63174612430233,0.628487139661279,0.623498122954918,0.627148096996044,0.637226685636761,0.628765056144159,0.620066769810528,0.623666571017205,0.633491548453812,0.632719417448468,0.630665209058127,0.632469601362155,0.627398463295144,0.625353604002794,0.629023012075533,0.630720069868443,0.631090761706346,0.640256158259654,0.620538987712268,0.623959883986482,0.623833437788776,0.630022337643747,0.630975816723811,0.617167047163815,0.624492756095246,0.634626211866498,0.622702192157445,0.608256884639676,0.634952908180591,0.627329273905888,0.636361097665344,0.631709041690817,0.637953831370332,0.629640352763386
KEGG_MEDICUS_REFERENCE_ELECTRON_TRANSFER_IN_COMPLEX_IV,0.349519218988716,0.327758700465778,0.371804185827852,0.44137299422206,0.424978858566465,0.399208898941251,0.373988930491128,0.399476856467491,0.329422057117482,0.37129910142111,0.39617240923532,0.417226025615167,0.385602857871935,0.403119551311563,0.444677367621995,0.388244623994372,0.372623952037516,0.4345992007486,0.422823561194137,0.383737223897915,0.382217392162411,0.406442545741492,0.410197502354432,0.395283765022305,0.435253118123744,0.411729685641133,0.421841338797246,0.333118214614659,0.375615963205444,0.378248174504789,0.418512199265863,0.398781297746538,0.412527111253089,0.401322963053993,0.425023268645932,0.356028881413229
KEGG_MEDICUS_REFERENCE_EP_NE_ADRB_CAMP_SIGNALING_PATHWAY,0.504636915214027,0.490037880134622,0.481355738869165,0.449885193076799,0.49151906214903,0.466301646281668,0.440305985524782,0.497800539546527,0.464239855346351,0.471185053379378,0.466244261012714,0.471721885102072,0.482487750315434,0.512423764015917,0.485638876691943,0.437373368938021,0.44303165995995,0.48887222607105,0.497615381619488,0.463792782354168,0.474893108563214,0.510569461479479,0.480359047036378,0.506926298013952,0.507347501647566,0.451426790363999,0.491582491054245,0.482258798913393,0.476493048061478,0.473368730774474,0.472569939945555,0.512731354815683,0.522815442563491,0.502785546614451,0.497883714591016,0.489938427278367
KEGG_MEDICUS_REFERENCE_EREG_EGFR_PI3K_SIGNALING_PATHWAY,0.556196353920114,0.550424432684571,0.5441006598847,0.528271064413893,0.546159788649705,0.562402722048381,0.526902953587789,0.528716893588955,0.519318309769326,0.520928536727548,0.538178742510782,0.546532741684671,0.518375659043192,0.519916844022717,0.531728748657572,0.521340015372223,0.559456596755495,0.524584856709556,0.519477038101428,0.525498363072935,0.541788923310348,0.551205236532348,0.53268023730972,0.549114629682095,0.525992792804226,0.530549707090312,0.551479796648485,0.530524324220737,0.568143367450155,0.552346347575365,0.546577433391451,0.552763034071366,0.562611860228649,0.542426972823568,0.537927225456974,0.54180330608278
KEGG_MEDICUS_REFERENCE_EREG_EGFR_RAS_ERK_SIGNALING_PATHWAY,0.635253326356859,0.635512494375186,0.622146385824609,0.618957324957514,0.630210810347026,0.64323624093963,0.623667304284577,0.619886526089139,0.615947642424715,0.628638527826967,0.62077856313237,0.617549412664033,0.605434490156785,0.61051484919863,0.631976958994031,0.616655845985018,0.634925759864548,0.607479092154266,0.608498765414902,0.60634711106548,0.627423695253309,0.642232691518083,0.628825411800205,0.643412550064079,0.612425518975529,0.595484252308098,0.620213187482196,0.610729666787489,0.617772550784401,0.637513421658531,0.616652697947382,0.619407702216772,0.634431495304311,0.628080081707425,0.61517095445944,0.629533891406436
KEGG_MEDICUS_REFERENCE_ERK_RSK_SIGNALING,0.606916652335978,0.616792872868287,0.590111251540725,0.59097583005124,0.5772381913408,0.611555900532107,0.60455740585779,0.568370983026179,0.597891118931325,0.57053090429048,0.610003308082045,0.568350211751098,0.57300473086104,0.6032270738355,0.607073191480355,0.550578053346397,0.613848332577848,0.593941866066295,0.563193841085049,0.60253179450605,0.622148979007805,0.622522781155363,0.531073763164596,0.586469185554132,0.594999585892158,0.489178650367183,0.565926949490829,0.571532863305708,0.58122865522743,0.631084115396951,0.588189426270005,0.582961526914275,0.609479548204768,0.609378523589872,0.581096972440683,0.598698250561009
KEGG_MEDICUS_REFERENCE_ESTABLISHMENT_OF_COHESION,0.598880244381213,0.554836716305638,0.578131193239147,0.60123261274876,0.610938853594846,0.57141711864186,0.591053535531863,0.557342328064165,0.535421382288546,0.611300461768862,0.54416796684742,0.582313862517443,0.543404606822602,0.51318097547261,0.590525612365766,0.60096606557287,0.5743696646055,0.556975271713599,0.555475306467873,0.539686289098762,0.620381163467809,0.606633663710922,0.581287485297711,0.590499012430079,0.546005330009843,0.634842645420745,0.579216431401206,0.552687913231919,0.523795871071988,0.616994556644604,0.638723047269582,0.566583354402398,0.548871886888321,0.597745666433108,0.579872069638732,0.580610709265499
KEGG_MEDICUS_REFERENCE_EXTRINSIC_APOPTOTIC_PATHWAY,0.510940225136363,0.540908556338134,0.519199429229599,0.496989350621802,0.51431885944851,0.531058718671482,0.457305246947886,0.513532712927457,0.556674151845177,0.505231438151205,0.567122581656586,0.509124778160029,0.529867449044502,0.540813473036462,0.540520054235274,0.487466994362388,0.534223657648662,0.554815458618983,0.516062290508835,0.498447887317163,0.532858887248263,0.539966431702955,0.508634908867279,0.507937906241597,0.525069711300334,0.451148762374599,0.529031253339783,0.496248191271918,0.606905096212999,0.52803171813235,0.476024679867923,0.513259389829974,0.534285560097792,0.522591549493712,0.490213946061203,0.484858400474177
KEGG_MEDICUS_REFERENCE_FANCONI_ANEMIA_PATHWAY,0.490010718308287,0.430657811437735,0.461201658413131,0.48474743466739,0.535043952669401,0.449932497675181,0.414594641726227,0.463161291665048,0.418993018449013,0.543376591800624,0.463779787937158,0.51058982564792,0.456504855159461,0.404674321296728,0.444637683156609,0.523933519082924,0.446475388765726,0.465212944256292,0.467942732104458,0.416810337126023,0.538425795227083,0.499428354328865,0.517693212392925,0.456142342204391,0.419797041316655,0.59262303956486,0.453818853586039,0.421455974327681,0.473287284398431,0.555068093409287,0.563603588409147,0.484580894411126,0.417219138740463,0.455132816662763,0.514388144644626,0.4795197621032
KEGG_MEDICUS_REFERENCE_FASLG_RIPK1_3_SIGNALING_PATHWAY,0.389734421613056,0.503827145925855,0.442551400250857,0.385080033936433,0.423538352678285,0.41826708558118,0.362650770871636,0.433320314994215,0.500699723337849,0.42071199151637,0.430618719732147,0.381356083057503,0.392129060766225,0.452013007447973,0.470073469755768,0.34287898376295,0.478441595596765,0.467426618576702,0.412037937533677,0.421572631372699,0.391322970262413,0.445010124378968,0.364690436694569,0.423172986424723,0.410345397230994,0.332824698327181,0.385366773538524,0.403102913709729,0.585315753198157,0.4132933418767,0.317264315006592,0.338260679179168,0.420123875817332,0.430415106991153,0.353458231951678,0.427397878173836
KEGG_MEDICUS_REFERENCE_FAS_JNK_SIGNALING_PATHWAY,0.500167463307108,0.55319145030507,0.528691484780636,0.50813770047161,0.486030117325747,0.48656087862978,0.532629559649444,0.529695605848823,0.565829666494744,0.473937571545169,0.497490883915468,0.468537811163278,0.517062002519027,0.523113363136342,0.551417023731888,0.456673308748618,0.553582667311074,0.532132175256364,0.498887981793201,0.538796061315531,0.480866562742816,0.515440497218848,0.437204575729006,0.531183966428695,0.515308616268953,0.435350492438301,0.488401762210975,0.526107020255797,0.55100028389405,0.458428817160566,0.489689701788563,0.472626705328238,0.511557565583557,0.542907885934326,0.478998576690005,0.538754822214307
KEGG_MEDICUS_REFERENCE_FE3_FERRITIN_TRANSPORT,0.649127881559536,0.67167897024002,0.666549796423238,0.670518537272693,0.664459294414986,0.654651925241148,0.672626554249639,0.659694136109635,0.669342137005337,0.650568926346051,0.658778908534151,0.655922055155976,0.656771335611061,0.677896820410432,0.665350761295047,0.628701583183694,0.67210227653286,0.662793338644977,0.653069200210571,0.660354459964161,0.664103193035661,0.66916436215345,0.632878795804968,0.663921500219796,0.664641261871012,0.615161763512649,0.656950702477128,0.654832043706947,0.68288062643101,0.672995869587399,0.661167095277864,0.655141517400538,0.668620059077748,0.678089143129392,0.662991930391544,0.682705504200621
KEGG_MEDICUS_REFERENCE_FE_TF_TRANSPORT,0.570271680059073,0.681048328215364,0.556362589321091,0.46215250991629,0.551794132151731,0.578871205413316,0.445242022801092,0.63418844770978,0.645204248607288,0.579505537955025,0.617202844072075,0.529433142059362,0.514914351434274,0.653672554838291,0.638021723194207,0.500488608862191,0.618418905782768,0.585387128611171,0.542623535687563,0.483726128966873,0.561634293591216,0.653694855092053,0.595884817792564,0.606998485583505,0.566972956523252,0.540300448731465,0.60306627244937,0.51112507894753,0.592173108569974,0.563767949087091,0.577320007601794,0.530103226386253,0.621014967552369,0.624745900338832,0.514619119192397,0.645127045445552
KEGG_MEDICUS_REFERENCE_FGF_FGFR_PI3K_SIGNALING_PATHWAY,0.270560950523994,0.264790920938991,0.238207854153246,0.261384814101223,0.265145023835786,0.254131691222255,0.250667452493069,0.299833389279627,0.238014602099639,0.278191059403159,0.294837251446913,0.297944092686881,0.246383196592001,0.294680944645371,0.27888789692189,0.287755821859785,0.260829890446064,0.264782742838074,0.267111031545302,0.30702890696978,0.254912330765489,0.254450099576373,0.284470770253132,0.269207250287368,0.297849321232825,0.272131174753212,0.357668146043444,0.298629955536589,0.247989320674153,0.26167996541837,0.297548847929862,0.253931413484807,0.28636289552579,0.281781982515726,0.271445031661334,0.261218593958475
KEGG_MEDICUS_REFERENCE_FGF_FGFR_RAS_ERK_SIGNALING_PATHWAY,0.344662113596793,0.341517633759029,0.314143065299889,0.338107335914887,0.340693322742441,0.331940259797937,0.331554997176498,0.371269891726142,0.320189084283074,0.35940006438158,0.364027540602594,0.362138049392099,0.322001522697856,0.365099325763956,0.357826954513661,0.361674254582521,0.334426714752404,0.336915085385562,0.34087656539193,0.371522919901469,0.332071682803739,0.33525200255178,0.361178425240286,0.349976151300801,0.367038166825416,0.334842416704057,0.413039357753822,0.365150745037246,0.312127495540827,0.339087957747486,0.361624832544813,0.323571822420468,0.3553120540375,0.355176110189644,0.341515957388421,0.338675216481942
KEGG_MEDICUS_REFERENCE_FLCN_MTORC1_SIGNALING_PATHWAY,0.644887928975926,0.648246251534617,0.637731609568153,0.643199861839948,0.653702422920175,0.63850559991033,0.630111277350668,0.655040575643135,0.631384267296401,0.635121052481207,0.636263457951826,0.656269531792453,0.652247719895584,0.657825817080547,0.629509150343376,0.634271221808472,0.63151909714141,0.636550340387819,0.643596757568068,0.650745057866323,0.648288156235569,0.647092197241353,0.657460452283954,0.625378574245781,0.658277700038589,0.632713464563746,0.656487289384982,0.639834074660501,0.653750319247375,0.644099958828779,0.639262737832533,0.667284495698088,0.656557115750741,0.648871730687279,0.653709668660678,0.6488725514234
KEGG_MEDICUS_REFERENCE_FLT3LG_FLT3_RAS_ERK_SIGNALING_PATHWAY,0.603829070146762,0.598356905475044,0.604244432742518,0.59964848662148,0.590755517348731,0.604704782819023,0.574606076609689,0.601650837226347,0.601732367963472,0.602685349440283,0.5985317533879,0.588699013930813,0.595029982881822,0.600658149862743,0.608592888250127,0.600726056092218,0.573163991672627,0.590825838100357,0.58130064624571,0.568833135645773,0.613920269412533,0.61325192147298,0.601716074438984,0.605713803145071,0.594952470211909,0.58012297174888,0.5919592210938,0.591392458687424,0.593529923643416,0.617770800452496,0.597475053287779,0.58796202918975,0.592784583826631,0.604616534629029,0.596883771712142,0.621052793795746
KEGG_MEDICUS_REFERENCE_FLT3LG_FLT3_RAS_PI3K_SIGNALING_PATHWAY,0.567263953395201,0.556548721509778,0.567794470076558,0.553932823709355,0.544666449411919,0.558664321742756,0.531574098215328,0.558492137167853,0.555924819623881,0.555816583246388,0.548988223423168,0.542124424552133,0.546838917989311,0.553781449929421,0.564738425952607,0.553297120790176,0.539346211693645,0.542361917206973,0.524670131002385,0.533428887793399,0.563269543217314,0.573352085787497,0.550566544763394,0.55882689500768,0.553459936064304,0.544659747294535,0.548097576064681,0.545990026378214,0.563523421584322,0.578163723956893,0.572236759000875,0.558424628599337,0.553072017409222,0.571791270050749,0.556343328540468,0.581546320366734
KEGG_MEDICUS_REFERENCE_FSHR_GNAS_PKA_SIGNALING_PATHWAY,0.426656142832657,0.393534662816884,0.40174316496776,0.376343096536292,0.403761441555063,0.387416386500342,0.364296180300607,0.413702677994173,0.358311951972785,0.372395854715197,0.384459575087253,0.383639022672366,0.412425838333003,0.424321715171149,0.385269676902786,0.352368652262247,0.355928738571551,0.400988812110513,0.408346172333026,0.405755648721719,0.380760183957051,0.432292025965158,0.399192536286705,0.417542763183193,0.446920074745994,0.393091633786357,0.424580706590568,0.403850358894154,0.376892152064515,0.393060471716009,0.397452037462564,0.439238799654088,0.426171949085949,0.442387173300367,0.416796202803328,0.406974339175201
KEGG_MEDICUS_REFERENCE_GATOR1_MTORC1_SIGNALING_PATHWAY,0.634225391854602,0.624274189968079,0.618387201477125,0.635203130405628,0.635412053780029,0.61457896987196,0.627485491447312,0.635335136390591,0.608924429318588,0.619030827649269,0.618299562929695,0.643531013877983,0.63602767883087,0.643777263128136,0.60800440835318,0.627466222006819,0.618114658125629,0.619882655826849,0.635388891894539,0.632978624411444,0.630700747119733,0.627707016495921,0.639264258138612,0.607769107336245,0.644023150436065,0.633274408483489,0.64578318768884,0.623448634492033,0.631184013496112,0.623703992772519,0.606823791836975,0.648869824097332,0.629359402715514,0.616377643480686,0.646162134826997,0.625996857368254
KEGG_MEDICUS_REFERENCE_GENE_SILENCING_BY_METHYLATION_OF_H3K27_AND_UBIQUITINATION_OF_H2AK119,0.594640609063012,0.573637985825636,0.578389184403354,0.580943083477813,0.591418504513606,0.580326590899682,0.572543418571236,0.591839375310693,0.566271043705186,0.603145272980286,0.589110834291589,0.57492154086956,0.576615722700573,0.552160208676024,0.577587949808454,0.612442640250274,0.573506034945974,0.576685570979596,0.582476704477292,0.568676043017274,0.605272082645651,0.569879176932706,0.595192388833117,0.591597455382837,0.563099165595939,0.620482794529186,0.593716331968178,0.583020405402904,0.557553959800311,0.593236837758286,0.617644763820276,0.597906198915547,0.575209413091048,0.579127411969285,0.582852960815014,0.588007873274125
KEGG_MEDICUS_REFERENCE_GF_RTK_PI3K_SIGNALING_PATHWAY,0.364237911788934,0.382013607128588,0.368269840324168,0.324713008659959,0.373206579216798,0.404155047628117,0.303104926696515,0.380276378051078,0.350398845307499,0.359443954084699,0.382427642527499,0.334914419779394,0.352162993362567,0.397486149910166,0.393429006182554,0.381401295266748,0.384629882140101,0.375266548826711,0.344247516802434,0.354574581011915,0.360067035766727,0.364056896421903,0.372017633351177,0.389202206820607,0.369191665191798,0.319876816673283,0.409326673964746,0.365310328598661,0.37394331624959,0.367965678282889,0.35374013427584,0.329893737631865,0.38688196604772,0.368872304676482,0.355563631962899,0.361196020580065
KEGG_MEDICUS_REFERENCE_GF_RTK_RAS_ERK_SIGNALING_PATHWAY,0.378546452515373,0.395321899951283,0.379431394295736,0.348209163410938,0.394241541400697,0.412971226292248,0.324775904030796,0.396036447670986,0.359047191692155,0.382249248090132,0.402996385772579,0.348558103779394,0.366933675595411,0.414407232796154,0.404814221547362,0.400810406745397,0.394748356407789,0.390422103542788,0.367815388048735,0.373066116526495,0.380589376482463,0.383677235595085,0.395880365763929,0.403209950795935,0.38941767956239,0.338235445503267,0.415238408382569,0.383041464196068,0.384833015703997,0.391056344107739,0.369975292479536,0.351059213668129,0.39177231492022,0.38350291367484,0.370968159727071,0.373305541014751
KEGG_MEDICUS_REFERENCE_GF_RTK_RAS_PI3K_SIGNALING_PATHWAY,0.386741229290347,0.402776555662993,0.389348782270344,0.348833204290139,0.393901607528776,0.422504740308438,0.330852940247482,0.399982633240856,0.372868975763257,0.382367036726546,0.401274308643297,0.356258325527779,0.373057596754801,0.414423150679026,0.41412794275186,0.40180527418349,0.404978848237818,0.393634101277767,0.364422958706254,0.375942541074614,0.381495605845658,0.387239906000738,0.393595933266687,0.409596049561083,0.388953274429021,0.343061689424462,0.425238607086876,0.384694013855977,0.39116491377858,0.390069407462887,0.376228817259048,0.35232799405808,0.405454820966528,0.390693964552711,0.375564859501512,0.38366035203096
KEGG_MEDICUS_REFERENCE_GHRHR_PKA_GH_SIGNALING_PATHWAY,0.447090357308996,0.404325465419502,0.366872994674261,0.408958683114042,0.42666915337049,0.404291551358415,0.372103506421023,0.373102646931969,0.351356273836738,0.367936002487752,0.36750488919209,0.405513653791425,0.397183802452467,0.385508444883698,0.391621898486911,0.409845018808107,0.416277249219416,0.407773470746791,0.39471469356825,0.364035726668161,0.398802155836138,0.410287126099857,0.423443458499133,0.424980801866536,0.379656638552244,0.384565968644003,0.427400588948206,0.397963919848896,0.368523898052167,0.394385207191194,0.435184948744717,0.396841887715997,0.415836800508372,0.380508901932235,0.447396293538038,0.392353166171113
KEGG_MEDICUS_REFERENCE_GH_JAK_STAT_SIGNALING_PATHWAY,0.207305732662532,0.255372205557533,0.220702199074508,0.168829204886225,0.26985309603134,0.235307095808489,0.222294934821205,0.227616009254617,0.298141696845865,0.216066472311333,0.210795429786368,0.217352768697063,0.3281657506312,0.243334073567086,0.331649421429839,0.17849160390203,0.362591483160389,0.225674222906474,0.201414515041506,0.245875217829879,0.206766597254331,0.236711316663446,0.247104812596916,0.223293370910145,0.236383036247337,0.21514255699473,0.200887626436789,0.21604596852372,0.240828622835876,0.243616322504491,0.282029307867082,0.183331083612739,0.223053551609387,0.268080284797065,0.274310394424213,0.232007759429675
KEGG_MEDICUS_REFERENCE_GLOBAL_GENOME_NER,0.561675759404577,0.560384921413781,0.576790226527756,0.544284346033803,0.556548586567982,0.568979335313781,0.570420577139546,0.557892855334994,0.556582435860254,0.562679528353398,0.560352067733418,0.571259006837477,0.563900291114402,0.557715203970154,0.565438728821605,0.55647818411211,0.569557078158787,0.562157656340886,0.544350880982611,0.574068887175679,0.56616931819111,0.552022186957121,0.545960555067155,0.563800580091831,0.561924347084047,0.556253956536814,0.551336860254597,0.565588812902317,0.564128331563446,0.574361512557069,0.548764282367045,0.55209885616615,0.555607961340005,0.57873253432183,0.554058096697055,0.562664879957574
KEGG_MEDICUS_REFERENCE_GLUCONEOGENESIS,0.524970902964921,0.545889123368268,0.560745803261675,0.432516694423464,0.508026467140431,0.425019044812974,0.58798953482427,0.555219581435687,0.546938478150614,0.5400983679415,0.573456649215093,0.547945804467489,0.559541249294975,0.585133890912102,0.535593866567903,0.51272710783222,0.574589318034651,0.552134779259199,0.553269963688245,0.459331311397183,0.524211394667784,0.451345591581855,0.549941209812088,0.425327761382534,0.595307668058564,0.548617748271469,0.552768470099529,0.439704770779691,0.466934280994726,0.540402782120906,0.546551725832258,0.577699066749062,0.474894121083799,0.464185308742465,0.451644652484728,0.445208146378124
KEGG_MEDICUS_REFERENCE_GLUTATHIONE_BIOSYNTHESIS,0.448848679951677,0.486188574936471,0.502098491088033,0.403407845575841,0.502089398095926,0.487665497568287,0.412402839192542,0.459737523786113,0.503594515577807,0.474986632802009,0.46371275771603,0.470082790782964,0.470965352819493,0.494160002572138,0.491232878275634,0.458028450758556,0.504893382979331,0.473808900235958,0.445987767550854,0.39140951206883,0.47433958910713,0.4408484622948,0.437584019414769,0.433221263974371,0.453466409384976,0.456512783742041,0.45406009033171,0.439219447987732,0.470947350447547,0.422568170280019,0.450704849458569,0.43792936285442,0.463432918173415,0.474605000604516,0.430028021032549,0.447246915353866
KEGG_MEDICUS_REFERENCE_GLYCOGEN_BIOSYNTHESIS,0.550850558818962,0.589316718619267,0.6275901252091,0.577851426663024,0.560516473357097,0.591407531777205,0.624027713613538,0.526192519016436,0.574499792159945,0.55985527206396,0.570845350569263,0.558978127155654,0.570242754381779,0.600657143486401,0.606880779784598,0.509380351414958,0.582496629029509,0.53116116728644,0.552951532746072,0.596470694289522,0.570545056614061,0.527867404281179,0.5475938624238,0.601400502118369,0.596408546432024,0.439394277336707,0.521935188141624,0.584052911576998,0.544822130286098,0.526260435523513,0.560586084686956,0.543412066108184,0.604588803714243,0.621005838964863,0.55875614910413,0.59525244664353
KEGG_MEDICUS_REFERENCE_GLYCOGEN_DEGRADATION,0.592185358015957,0.576674684034322,0.589651738635574,0.56831999112538,0.554267061563378,0.599896940993028,0.593237030010868,0.58176500708772,0.564427757817478,0.545157561498376,0.550275706169878,0.537690049965226,0.570916510456724,0.578609727609476,0.581128924924262,0.558290967033163,0.571444593782528,0.565780899010065,0.563616730191928,0.614127276244834,0.531463532968466,0.57066201005218,0.549180562532708,0.593743979268221,0.579872441406241,0.509525587739173,0.567732913158507,0.589724556746182,0.523623653021913,0.541115809524822,0.512373127199816,0.516305202207303,0.587433346044518,0.587389759253176,0.564458149647419,0.586542142366428
KEGG_MEDICUS_REFERENCE_GLYCOGEN_DEGRADATION_AMYLASE_,0.261438709754102,0.25047909864403,0.332227517129883,0.29824235286697,0.249748453569018,0.282946136290114,0.246999192659342,0.254913139324235,0.295958664698325,0.250176821682837,0.271477620529953,0.277532568819086,0.316066885996422,0.277306015002277,0.249700954095659,0.25109069359033,0.266736319596523,0.258225066791987,0.257320790573449,0.253851915431423,0.283712153334768,0.249338479621677,0.276236054624174,0.254701383279491,0.241623109688313,0.258538318122545,0.257112320269242,0.302648714189362,0.234047992605033,0.207578186362816,0.225313907611111,0.211388049480997,0.246498713101514,0.231706475201943,0.22463608187363,0.236962076595751
KEGG_MEDICUS_REFERENCE_GLYCOLYSIS,0.476207810131037,0.503904887172939,0.489017766947985,0.492155317640952,0.471748590439279,0.475666752756875,0.514866925668175,0.503548502962823,0.473662999972879,0.503072940508778,0.521504601346709,0.526957371280324,0.503097849252401,0.463958861169096,0.495141128959407,0.481037474063763,0.500407768731246,0.468317358641307,0.478067579778913,0.525441973869192,0.49786373538459,0.508678593791865,0.475929141272999,0.506116098389585,0.475391290707832,0.498133065585279,0.493933662872617,0.5008820071316,0.472205635766553,0.509195097796498,0.492188046364522,0.507414715255615,0.504083849340051,0.499203853766441,0.49565661877303,0.497978503936574
KEGG_MEDICUS_REFERENCE_GLYCOSAMINOGLYCAN_BIOSYNTHESIS_LINKAGE_TETRASACCHARIDE,0.682332592204254,0.612551142090653,0.61096741289864,0.571643526856776,0.62850459220174,0.665029349945348,0.533604571686344,0.625033572244716,0.585631705903591,0.623213187596936,0.634579986241116,0.668247908628682,0.643365121448693,0.663888972009847,0.613518064854852,0.640977671828538,0.63322107582728,0.626114177861717,0.641129789879881,0.594243991808608,0.638800420743613,0.628404685555271,0.643921143039276,0.639555928037909,0.622318353800011,0.62638649117093,0.662631914423171,0.620884399586921,0.642462923284579,0.605308828445367,0.625095247331965,0.624419733449763,0.642658527459912,0.576814906581524,0.655745248210946,0.61201308473534
KEGG_MEDICUS_REFERENCE_GNRH_GNRHR_PLCB_PKC_SIGNALING_PATHWAY,0.453413373038982,0.449692916845985,0.428113382042103,0.450777163268851,0.495917900613377,0.43499509595708,0.433184306467837,0.489405266794472,0.436282846787414,0.498406910177732,0.501346007118853,0.467568399194958,0.460048961819341,0.463950366300551,0.44617374712585,0.456446255087116,0.422070453493623,0.493127949516919,0.469697521648102,0.512375148398262,0.472838062108245,0.494077091627279,0.48234552585768,0.450083587382648,0.507293799211744,0.464661836761184,0.478657351213528,0.41426993566908,0.441156407664033,0.480394096165622,0.447831414093509,0.477746574828739,0.439104437863414,0.429983613857184,0.459368744775237,0.408102726986505
KEGG_MEDICUS_REFERENCE_GPCR_PI3K_SIGNALING_PATHWAY,0.507916100618673,0.487816237875212,0.478298872957379,0.495824008134742,0.533600259638488,0.496938083737775,0.481961546700302,0.48490128628425,0.453802833013549,0.524390244195644,0.515339291868066,0.502848981831284,0.519720517175945,0.443892951967759,0.514489180798668,0.454896118148002,0.48403157030782,0.508750787281722,0.488605916629254,0.498201767822674,0.492843354007802,0.522950131090069,0.483608052850552,0.507511008916046,0.489652659115462,0.443477345701773,0.465139420884537,0.498212144634628,0.484578214751451,0.515892421464177,0.495830881874982,0.479578703893842,0.49726873670958,0.495310252853421,0.492129298265502,0.477230609475978
KEGG_MEDICUS_REFERENCE_GPCR_PLCB_ITPR_SIGNALING_PATHWAY,0.325205292304643,0.350646582216163,0.327901122508529,0.242699735371638,0.325800611090893,0.330183181417909,0.273359654209531,0.321979986663901,0.294350691103783,0.339273877171099,0.326680998221338,0.229613776338323,0.308916460219802,0.340521028745427,0.356481366073582,0.267218754931231,0.357641941609808,0.333066630883092,0.275264524777037,0.319823962336782,0.33359453639792,0.35827696737206,0.270834734095785,0.350897701506648,0.320816219454484,0.24317606790374,0.299951528933283,0.309395359564881,0.320796774158017,0.325316554934637,0.295702978288728,0.307568555472471,0.327671741971657,0.296790171025442,0.285147322448975,0.317063629176059
KEGG_MEDICUS_REFERENCE_GPI_ANCHOR_BIOSYNTHESIS,0.517931827964132,0.523501774249474,0.487465674688486,0.47255119508339,0.512238907595416,0.542700244780553,0.462996578236215,0.522603973952497,0.518229492037141,0.512119217859943,0.507322157685653,0.518966302633439,0.507968484866499,0.529675301456395,0.502663883307272,0.519674687872194,0.535920011085392,0.512784056304521,0.513588787551729,0.474629069873348,0.523181633289115,0.525386597343969,0.495489860369074,0.516912542931811,0.527825685664208,0.521284850399732,0.492969543467398,0.495959929635384,0.540724989607176,0.52602085110626,0.515971403323949,0.519781873740477,0.515766620243565,0.536158918660523,0.520125238121589,0.541013452188938
KEGG_MEDICUS_REFERENCE_HEDGEHOG_SIGNALING_PATHWAY,0.446382839558747,0.358447778420372,0.329556383040453,0.362663404041114,0.363888428116919,0.420147081514389,0.308110906697747,0.396278431208487,0.239687299419176,0.398698232322276,0.395177003377775,0.362259880353493,0.380560922507567,0.397169953980977,0.323207072801714,0.431502759035084,0.42360917594235,0.372527067113623,0.359513746643521,0.310951887605849,0.366870915528184,0.373444945741402,0.449364804814394,0.419206892403228,0.390393368275817,0.417009725903959,0.421065314748804,0.380235525400115,0.474305013702838,0.411570575019447,0.285378806239955,0.424836769869703,0.431760110972074,0.360900527515766,0.379603946113378,0.345063885667856
KEGG_MEDICUS_REFERENCE_HEDGEHOG_SIGNALING_PATHWAY_HH_LIGAND_SECRETION,0.364542181144318,0.374970533353783,0.272731148533911,0.306253780828117,0.180690872877885,0.410518027430457,0.230397178731375,0.349259626025378,0.306980340077159,0.410077947964258,0.366044273477637,0.310734044288018,0.381134193720458,0.381373993913766,0.274579274616696,0.358145804737415,0.393277274607641,0.312916642119541,0.199495204930292,0.247264414914926,0.284244789846244,0.343714246625327,0.346395743557965,0.383655618776379,0.366022158095989,0.233467465766186,0.272631212130574,0.34168042639842,0.418688388101367,0.402095579382829,0.238310004007268,0.28709044396911,0.377342075529022,0.307483173716188,0.323062270004822,0.326395376822755
KEGG_MEDICUS_REFERENCE_HEDGEHOG_SIGNALING_PATHWAY_PTCH_CORECEPTOR,0.384564990077811,0.344740950429524,0.208107455526949,0.296045484933646,0.237222847053216,0.407112490515651,0.250422353955996,0.36990133142266,0.253522095102609,0.373404070854657,0.401058431196414,0.277627614023759,0.379965341953553,0.390789675554613,0.279210501947072,0.402413461346187,0.41701981339586,0.336560399629153,0.297984569809983,0.240210973552511,0.321973948145738,0.307799309463737,0.388944843851819,0.376710841199295,0.339051270977761,0.417107087079468,0.333146079238439,0.347212509930894,0.421308429616397,0.362835103386357,0.313396450581908,0.395584599014416,0.385443236104154,0.309042830373206,0.349027652939545,0.33344496569047
KEGG_MEDICUS_REFERENCE_HEME_BIOSYNTHESIS,0.529814379015661,0.529854629484101,0.551010871699018,0.564742713415026,0.564733497396677,0.568038057880945,0.576697947345239,0.57210123246554,0.567362919324804,0.555743898034518,0.565044941582287,0.577118813200669,0.56584754844085,0.566178484060897,0.553866793315964,0.589155550557326,0.535428156457542,0.561345952383886,0.57184397964228,0.587792743360745,0.585056150758876,0.519006232174667,0.54899544587231,0.562201296604515,0.582246694242759,0.572225782601008,0.574977611365677,0.603422636255308,0.570564092108556,0.561832566904412,0.547150312555764,0.583011090825665,0.560680569063961,0.587780120721902,0.590139523514271,0.557560840845044
KEGG_MEDICUS_REFERENCE_HEPARAN_SULFATE_BIOSYNTHESIS,0.517626317739127,0.489998411267179,0.404701658853622,0.429293604458558,0.456371446992142,0.487666579796578,0.42101478088365,0.499809203795735,0.42204764289643,0.452996371323455,0.467253590977489,0.453200479576082,0.489180600417793,0.467929138845758,0.456241432202453,0.520426945173803,0.489284050902719,0.475186602105845,0.476660198912445,0.415171726759924,0.479868505929133,0.478451331986935,0.484018416898733,0.486144778222137,0.492656033292254,0.468568046852512,0.494155295074989,0.463246279091031,0.480786858346488,0.488127220451233,0.48443365918815,0.505679901082939,0.515096982345045,0.488768456846457,0.515598521430849,0.519939944701315
KEGG_MEDICUS_REFERENCE_HEPARAN_SULFATE_DEGRADATION,0.670656477889077,0.682632547135869,0.626641443672934,0.589768530643026,0.643832266750158,0.677853660391088,0.514364534807141,0.657396014643682,0.679151574476577,0.643627905235412,0.679240422892561,0.657647726095388,0.666646446996904,0.665754405117161,0.634689034466552,0.647021005006815,0.679864989904054,0.685496415588378,0.669346727550087,0.625646017133426,0.652495853554827,0.644378311205252,0.67330990298958,0.659187170827307,0.654512044089509,0.614875746967791,0.667039167876328,0.640804165190483,0.689725562414657,0.605523617078006,0.638462406031006,0.621262851331475,0.657265267970912,0.607009561352436,0.607668721626402,0.615237235158505
KEGG_MEDICUS_REFERENCE_HGF_MET_PI3K_SIGNALING_PATHWAY,0.571405432438487,0.585151694545249,0.568598417576603,0.51794517170896,0.532670922829354,0.574096249435222,0.542428286577185,0.560203153471502,0.540530501261616,0.521936058689515,0.571738080400712,0.512848995455099,0.53652346486623,0.570487281547171,0.563208530728723,0.472554611921079,0.597248337437279,0.566824759175009,0.516265419410766,0.542812910458224,0.580330907258743,0.562174692332148,0.537520289856661,0.552633710062725,0.531726950869402,0.499504430173247,0.57385224444845,0.53066444231216,0.591643049706571,0.571351455246172,0.612248283882427,0.52238888210112,0.58519195688447,0.552826458625216,0.511677489086257,0.55810264678515
KEGG_MEDICUS_REFERENCE_HGF_MET_RAS_ERK_SIGNALING_PATHWAY,0.640020403958464,0.656362821435107,0.624448896510817,0.599518201418854,0.624466252482401,0.641625071178735,0.623073365595085,0.629511271250236,0.620932841217704,0.630307303803403,0.636470056094473,0.592838664814835,0.61288967236548,0.633267862180765,0.642216821860346,0.592379085599852,0.649087462935319,0.629593913038605,0.60163336808018,0.608284652319303,0.653334219058751,0.636595981327297,0.627399008471853,0.63763533723445,0.606167987331461,0.581738159592771,0.628899026084214,0.602023680327815,0.63090044194571,0.649234796099948,0.651026146560431,0.589846812683211,0.641184124651154,0.619330431537964,0.59022161704908,0.633303283909444
KEGG_MEDICUS_REFERENCE_HIF_1_SIGNALING_PATHWAY,0.63764541568793,0.692493905706771,0.687514909983053,0.553457291915099,0.705769193679314,0.652709594695374,0.578565910294751,0.65001133177546,0.629437305051904,0.619726793561557,0.65423943747025,0.631509621911392,0.623221880181063,0.649950471332731,0.702914557891779,0.611816448373463,0.68715588590375,0.667674464769161,0.609727615687504,0.624196838534316,0.671717009224292,0.660934319207986,0.6225806873673,0.678517035994248,0.620014589394796,0.528402631885178,0.6417243362105,0.64174154112873,0.694416842861704,0.66229794721718,0.57887747867693,0.596587484350273,0.686919155054674,0.628821335472858,0.607653255317947,0.666229718105004
KEGG_MEDICUS_REFERENCE_HOMOLOGOUS_RECOMBINATION,0.503180193059027,0.474522893345289,0.480437065183872,0.499944626381062,0.530582374703587,0.474623858826798,0.473740931272472,0.482280346509944,0.464422571803391,0.543223176618519,0.480328138372632,0.53656893954886,0.470811706628211,0.444725543799006,0.496364754436552,0.503354269787849,0.480878557708206,0.502081788384138,0.491420220276605,0.466142678065332,0.53872919489658,0.518420269514037,0.524505398949258,0.479895372757787,0.458580290565164,0.572701468104161,0.480906434320908,0.449858501628093,0.508098778648808,0.528691265486541,0.537676794350129,0.47927172400806,0.469471683733593,0.483442892348172,0.494689861240331,0.483905251781087
KEGG_MEDICUS_REFERENCE_HOMOLOGOUS_RECOMBINATION_IN_ICLR,0.450736580178498,0.41133281124494,0.427450152844206,0.432992484301996,0.495808070156342,0.426126675876329,0.401993849056989,0.413709722362206,0.400440850069085,0.498884333032393,0.426751861041633,0.495999981828445,0.40087181129576,0.384506864052027,0.44999852541967,0.456355173273867,0.418454894271467,0.432101370818409,0.420152285300305,0.393799158806953,0.517420864275244,0.470482926814202,0.464980871417849,0.424528886665133,0.374580422595036,0.52858725251544,0.425076589821784,0.383296572724365,0.442622201605618,0.491105626961348,0.487447268921689,0.428401414397812,0.399911174540715,0.42120753545536,0.43048252546875,0.428887334403344
KEGG_MEDICUS_REFERENCE_HORMONE_LIKE_CYTOKINE_TO_JAK_STAT_SIGNALING_PATHWAY,0.223200483628817,0.253270258194923,0.213795201403159,0.165697347139237,0.234672790044643,0.217564643129058,0.169938155803011,0.19146151770582,0.234403899788552,0.195266454769781,0.229195277997359,0.211151360074546,0.241791416237797,0.278578014288059,0.278916063624171,0.150439915639708,0.318914605534122,0.256136192031871,0.193203466122744,0.258531007534839,0.188149272152033,0.234779540427208,0.201339345445526,0.261440810733731,0.20562548262398,0.180093822725178,0.249806557516065,0.204815786815038,0.214856350993459,0.172048932136475,0.191608596868735,0.169024071413316,0.2481929699423,0.243163149585409,0.229728595382669,0.184211487354487
KEGG_MEDICUS_REFERENCE_HYDROLYSIS_OF_SPHINGOMYELIN,0.397818041025369,0.379726191635774,0.283861086301469,0.421332330603937,0.452386429805877,0.45461907300504,0.272183988953831,0.452785684419356,0.429540425761402,0.395656648630102,0.441877836363901,0.437137863634488,0.454900632167654,0.364356571900913,0.371468772583419,0.418131512569752,0.457421612766886,0.383320205155484,0.39383185052184,0.253982051253702,0.479810522766722,0.387271343664964,0.407450758172249,0.374122041759143,0.364359613128262,0.488891047692887,0.386955655443035,0.450985581969973,0.466736251903967,0.351337345223173,0.409360474354965,0.398204066775027,0.437062964861419,0.357721449069525,0.400599253009997,0.453518940309072
KEGG_MEDICUS_REFERENCE_ICOSLG_ICOS_PI3K_SIGNALING_PATHWAY,0.554832965460481,0.574159877533593,0.561126887832732,0.541473438527863,0.567961802766386,0.567854032490819,0.554585805873222,0.555216592091183,0.561368444784887,0.557123100013893,0.55848404351596,0.52223370314971,0.546883460362549,0.558784998659575,0.566054536803961,0.553531690696244,0.571164984854699,0.546546196957826,0.565685993938769,0.562603201924075,0.561494209506279,0.572442932576818,0.514139990488888,0.551432150374217,0.54124158571598,0.566359809260448,0.550662295685672,0.540825785427571,0.610483653219441,0.589964138453354,0.560541629422053,0.552894358157077,0.578869720470409,0.532260259227798,0.570236943039896,0.571299006665804
KEGG_MEDICUS_REFERENCE_IFN_RIPK1_3_SIGNALING_PATHWAY,0.208644500721325,0.279632823115403,0.240393254168644,0.208686523028946,0.228167312644074,0.251103475113758,0.205027760980377,0.199457902806222,0.265625059787563,0.252533055180007,0.24118517754688,0.219693792354848,0.235947086269235,0.253913139698015,0.27992993359077,0.211619022058461,0.280250791186135,0.235112823927617,0.257326533099605,0.217611604634256,0.274116335357146,0.251464697552285,0.204950209244105,0.239421260844369,0.209664197937362,0.18276355161643,0.226440569983015,0.228098148292622,0.292158374171813,0.263658423603328,0.204035194331305,0.196644507099747,0.238281564713187,0.215686910266602,0.210087561738614,0.234373479214284
KEGG_MEDICUS_REFERENCE_IGF2_IGF1R_PI3K_SIGNALING_PATHWAY,0.580313911030064,0.565689902966777,0.57651462680624,0.543553340792218,0.602471510792059,0.595347160716562,0.557939511792505,0.580859636166297,0.57010847167218,0.58459034057389,0.599387052414624,0.550689867159322,0.586165324648422,0.575399829207942,0.58209056768746,0.595093592943307,0.587745023912609,0.562713692745203,0.535438292265504,0.573529507153773,0.58899879940148,0.572194950462945,0.581498113330678,0.559906244486214,0.555432244808382,0.580765310959569,0.596225339710291,0.554082945974201,0.595288718951778,0.606722294583077,0.571462356972465,0.575595985406152,0.570728043797771,0.558044247774052,0.546684594930557,0.552681502059086
KEGG_MEDICUS_REFERENCE_IGF_IGF1R_PI3K_SIGNALING_PATHWAY,0.607294354520235,0.601093464661325,0.581518470829234,0.579073980713514,0.610923911634801,0.585924473512785,0.57540377930765,0.593721131001501,0.595443222650937,0.605503279632099,0.598412956392543,0.59807282134113,0.587234511274689,0.588846141845673,0.596071920461279,0.582703494916776,0.611910862910223,0.590211254905108,0.571590005690751,0.590011523305214,0.615016373215516,0.602860769877414,0.575969119175689,0.594547921410526,0.585701708661146,0.590899447666695,0.604903546798964,0.591294603408863,0.595250646227069,0.61090852615599,0.605527312334846,0.602936350047078,0.600648431512362,0.585120469714986,0.591078835477121,0.590279141212729
KEGG_MEDICUS_REFERENCE_IGF_IGF1R_RAS_ERK_SIGNALING_PATHWAY,0.626434601858527,0.628631388523628,0.624597527724032,0.607406827503969,0.642185630271425,0.640094366825375,0.622203094553512,0.631906338850642,0.650479634885807,0.652220418628999,0.641653213288055,0.600852910898116,0.633562454112989,0.629624876262209,0.651296319778853,0.635981466911621,0.640985809620765,0.613893439801961,0.599097470781653,0.619208480943815,0.63836970242077,0.641525174313707,0.632633432109894,0.62939513050849,0.61427044969276,0.599060881502054,0.625572127650423,0.608796607268821,0.613026007928837,0.650984965722252,0.607693638895777,0.603890029999796,0.613814723112975,0.6204016940234,0.599615122860098,0.611544911027893
KEGG_MEDICUS_REFERENCE_IGF_IGFR_PI3K_NFKB_SIGNALING_PATHWAY,0.556098373248961,0.570066766511857,0.545783177402596,0.517962405575869,0.55182605874117,0.544724539534914,0.543853415729585,0.545034201168573,0.56133229443269,0.542201907204437,0.555405690435957,0.539644237220791,0.540403468297232,0.55579003255307,0.560088926066422,0.530468135530578,0.582213338349678,0.551787761390871,0.530343050148795,0.546366380399216,0.565822616873434,0.562652473993149,0.519169419314441,0.546457712398771,0.54435191350838,0.543584366944806,0.567561717004312,0.538482089046276,0.579127877626427,0.576158164038995,0.544523586684638,0.549665088048971,0.564181566867152,0.556523569034194,0.544597015167639,0.550494257992746
KEGG_MEDICUS_REFERENCE_IGG_FCGR_RAC_SIGNALING_PATHWAY,0.584564709093612,0.664566147600063,0.667332627812608,0.572700053754997,0.578621268147777,0.596864425381836,0.564792837708963,0.612954840041153,0.707226907378697,0.598293727015841,0.639093356814128,0.615180541425086,0.608868075025094,0.649843404649088,0.665087765568809,0.532161905424653,0.646931292423534,0.623395732832533,0.625569654731907,0.613659536203907,0.610380190740567,0.655857806073787,0.549230096246197,0.613201877415965,0.607970558887566,0.459330124709091,0.586467306779375,0.608459978521279,0.659979142935586,0.648727007576893,0.566292957550024,0.633043604391176,0.636421421589056,0.625779041417064,0.582026532314224,0.588514904176183
KEGG_MEDICUS_REFERENCE_II_BLOOD_GROUP_ANTIGEN_BIOSYNTHESIS,0.308356108257066,0.339729787479327,0.307200429681824,0.264199975960875,0.347396597300382,0.458899345445269,0.163446454988728,0.330779659215479,0.329693440904147,0.320183994655994,0.399629453854135,0.330881903866179,0.410656917781511,0.343885907914313,0.34165938688425,0.362456824951755,0.362460833338874,0.329421569201141,0.327809185292592,0.263715760172409,0.336911844323249,0.279593888506621,0.373973072986074,0.330691575006995,0.319220011703192,0.320368609818952,0.29933832958064,0.311033253258111,0.389602295947184,0.361590105377035,0.308368663631719,0.312364701885938,0.397664807525174,0.338221102499703,0.327601998751591,0.294378080490208
KEGG_MEDICUS_REFERENCE_IL10_FAMILY_TO_JAK_STAT_SIGNALING_PATHWAY,0.272886854054038,0.308091845268342,0.325610190807174,0.340303860675695,0.269109858317517,0.323407081192027,0.294119757183258,0.335997773057402,0.398619743807198,0.273045803973387,0.314083986045807,0.289425317237714,0.271113160967379,0.311191445542819,0.344469270030229,0.251641919296016,0.402768261227186,0.273397100766789,0.31048716824747,0.354422950257881,0.286483908694219,0.33191646695418,0.249828652343518,0.354773789612634,0.306358512711636,0.203011635511645,0.306637299707195,0.295925794749886,0.343411709274549,0.294467641652961,0.27469499737167,0.27804806922205,0.356345884892115,0.300966892855986,0.260180744244262,0.3290540620441
KEGG_MEDICUS_REFERENCE_IL12_23_TO_JAK_STAT_SIGNALING_PATHWAY,0.290819993629561,0.346003184267124,0.335420135999786,0.313220646573432,0.335105103390336,0.348976826646193,0.316622457385221,0.302918269826271,0.38190874495274,0.33742452103619,0.336515003362779,0.335130995758029,0.351425441654854,0.352040346483109,0.3385464530929,0.310637397561857,0.347911451913794,0.320749235008526,0.340862025822073,0.345273432535922,0.34926508052626,0.336713087852317,0.312138343582373,0.321686212375707,0.314492879141267,0.259726235048174,0.291593465108546,0.319569740000826,0.398345871618365,0.331136662568607,0.314196515414437,0.271008220205654,0.309695284897241,0.326923509154269,0.307739737629572,0.296974934087736
KEGG_MEDICUS_REFERENCE_IL1_IL1R_JNK_SIGNALING_PATHWAY,0.589832917233631,0.619509842988317,0.606126169140644,0.562222203952748,0.583534892655918,0.59538737299464,0.582179404770108,0.575311593651096,0.600375465331646,0.569105340824538,0.597215188672095,0.544301915868499,0.580988625862063,0.590294800553508,0.610391265749852,0.53814554465441,0.585472429664552,0.580719935217723,0.559745361889937,0.569947352917791,0.602059224373098,0.598525460179088,0.5394731455066,0.588539314958675,0.585137337357885,0.517831420470412,0.572469265277716,0.582273228260439,0.597555811140731,0.597875237990088,0.585921520141421,0.574440434770049,0.600796098740417,0.597425985630252,0.55759568058702,0.615364679691143
KEGG_MEDICUS_REFERENCE_IL1_IL1R_P38_SIGNALING_PATHWAY,0.563561058660323,0.615633253295576,0.598340051075239,0.528416625859042,0.570595057180558,0.596144587743528,0.563886075350752,0.555196545031352,0.582310557687794,0.551379960320189,0.586686313288472,0.520363459695777,0.568077358273961,0.58766847537693,0.594711282340909,0.520643635094812,0.565699302777152,0.568487693372104,0.556795512519965,0.543854123173141,0.57865804088024,0.586838384674301,0.529216670178681,0.568942973680911,0.569832151383256,0.487895608490614,0.55361592118411,0.555831541754508,0.607522977568999,0.601656289031334,0.549748059027658,0.544485728063814,0.593967346273972,0.572749447198444,0.538854057207827,0.602649823789212
KEGG_MEDICUS_REFERENCE_IL2_FAMILY_TO_JAK_STAT_SIGNALING_PATHWAY,0.260636839966839,0.381025049181136,0.330492890733067,0.264946748472761,0.297717969755288,0.34005298759385,0.28007199991628,0.295789266658318,0.427183181904033,0.28974480162986,0.33671669416653,0.305380922052845,0.303837183976268,0.329398292718808,0.37546699354499,0.25818130982028,0.376220600959973,0.302115910486999,0.282593006582895,0.296493020620017,0.319653916515604,0.36040909764168,0.215586239453551,0.301500244634956,0.287648754393938,0.169791491601697,0.275976343160458,0.303673812303412,0.456125291196548,0.317423428984978,0.247167331837919,0.214022157437255,0.32683046982674,0.308888464074928,0.213474529945315,0.292700219698789
KEGG_MEDICUS_REFERENCE_IL6_FAMILY_TO_JAK_STAT_SIGNALING_PATHWAY,0.433939420189815,0.514291212390259,0.48954826037441,0.407848651219554,0.447024237539578,0.503428446458554,0.348914024900508,0.466917326674445,0.496210516750598,0.428144373853442,0.523696843203922,0.425138920576544,0.42426306150131,0.507902530156298,0.47166442461886,0.421663548311628,0.480992289825703,0.493542882514932,0.476544415516744,0.415028496713902,0.505532313845334,0.479152213123981,0.448741088443369,0.436482525462181,0.441033090404354,0.353405816740438,0.505601477506803,0.461848753321796,0.495030327559166,0.535186422417985,0.394751457260069,0.410704734055005,0.508188461029504,0.440452096476367,0.383698680809458,0.45370542963222
KEGG_MEDICUS_REFERENCE_INACTIVATION_OF_CONDENSIN_I,0.580987187192985,0.532962378862355,0.586522283516849,0.603083221541172,0.605876201140545,0.526039951255527,0.50335746353262,0.541625066088404,0.499908807052228,0.670073936167098,0.535168046352565,0.612594956349233,0.521746078343965,0.453669887552784,0.571361496621042,0.611769001377195,0.549307862654652,0.535335281740439,0.577823683848817,0.491245943296751,0.656441640757107,0.627935579594122,0.614456699798158,0.564409763893595,0.502453768304322,0.684030568714594,0.560681541968004,0.499382354508099,0.546276810425359,0.604711940154222,0.668428027993331,0.555338616345725,0.521577696919188,0.543423310596205,0.569791648502851,0.549395323397126
KEGG_MEDICUS_REFERENCE_INTRINSIC_APOPTOTIC_PATHWAY,0.564744136687349,0.591971011568905,0.590104638599299,0.576255559514147,0.579914665915854,0.588442986359624,0.578597737979519,0.560622682744965,0.575706183663229,0.539165556640389,0.608089777893859,0.592595306773639,0.583965320132846,0.559546410343895,0.586230866614225,0.556894603452257,0.58606364516933,0.587665299054717,0.591377253972858,0.599541870353871,0.569816383679107,0.559929419456133,0.546424374290897,0.573210659425345,0.581403226294064,0.54852734322466,0.548304196823093,0.576876540003101,0.616858241981347,0.595871597887255,0.59016450165636,0.593672482622544,0.599327891858965,0.594257935600322,0.572919572215923,0.593143163319316
KEGG_MEDICUS_REFERENCE_IRE1A_JNK_SIGNALING_PATHWAY,0.56001809636394,0.549344800370491,0.550045270550175,0.572038400759267,0.526384038891571,0.516322579163019,0.572219558212321,0.553597232333206,0.555677049470668,0.51325714059767,0.550563237701947,0.541085293774728,0.563945889517293,0.55725424733583,0.556808929199684,0.531248148614818,0.555156674846451,0.561776362296832,0.553240160628884,0.569636024540497,0.549888529578817,0.545726725053644,0.511581849322513,0.550252332376056,0.563868903264545,0.522566904188091,0.563491785932952,0.575584514694729,0.547747767710853,0.514065386219514,0.589102413934416,0.571131986752981,0.576645835581619,0.575072130169858,0.545719536039568,0.574063081200393
KEGG_MEDICUS_REFERENCE_ISOLEUCINE_DEGRADATION,0.658978713653701,0.647408465060069,0.660184372064586,0.671143665296846,0.630206996477386,0.632594749267847,0.7125398966482,0.679078339948738,0.669798519499386,0.62803834701393,0.657974883516067,0.663097780672174,0.662460348731844,0.672526859265008,0.655587181354364,0.657423682482613,0.654481851901771,0.65032196915146,0.664738656266148,0.707080258152538,0.640066282807944,0.659239060752491,0.645991826890066,0.655634715169101,0.70004455182516,0.625139864346093,0.660089746320993,0.67911790988493,0.655314732330102,0.654575270917766,0.642586286055583,0.677501826123239,0.685205956842626,0.712143679585233,0.67329968015529,0.669093663710776
KEGG_MEDICUS_REFERENCE_ITGA_B_FAK_CDC42_SIGNALING_PATHWAY,0.509456592661117,0.545544499614471,0.527203583211363,0.449216163030752,0.566073774938139,0.558329160402536,0.440437102996499,0.516329038671367,0.504203204079979,0.527188666690217,0.524375469946708,0.474884147872056,0.485561981455849,0.517813474599869,0.543119753172787,0.539025465382037,0.555243089709575,0.537809707258997,0.4689357118732,0.464340195518182,0.550650429409181,0.522148345340599,0.499426347351912,0.536071601646257,0.484537372833447,0.465318065391879,0.518311918818205,0.48365212451537,0.575894744563326,0.550982536349807,0.5012377944268,0.486679649036076,0.548500947974307,0.501360748016712,0.464890143252031,0.506019594807543
KEGG_MEDICUS_REFERENCE_ITGA_B_FAK_RAC_SIGNALING_PATHWAY,0.537408780256347,0.568401031298195,0.560290846817953,0.486301698251468,0.581913801854396,0.573082291741155,0.482658446317416,0.546238424266195,0.533665262284721,0.552305180054927,0.554919352669141,0.505126591214895,0.523165687313228,0.545660817356053,0.570166004312958,0.550938724922719,0.571261313255501,0.562304863977058,0.50522067007381,0.499943630183484,0.574046336392398,0.552639925965758,0.529818681309474,0.559365362094108,0.521012608685245,0.482926095315793,0.547379482246163,0.517612725334603,0.588496437315317,0.566467272857993,0.513642645885566,0.520080659426272,0.568885013665254,0.527317017486597,0.496550452235463,0.531110092529809
KEGG_MEDICUS_REFERENCE_ITGA_B_RHOGAP_RHOA_SIGNALING_PATHWAY,0.501010259436042,0.53558053248786,0.52268797979069,0.435359498040176,0.55972281446149,0.556383568177881,0.430481418671782,0.51117953765976,0.496670770730526,0.519825111365976,0.519941971082852,0.461374632930265,0.477691430291269,0.518872142873786,0.537356975133162,0.529232670255429,0.551904881706148,0.535510849610776,0.45510292129127,0.457007953986766,0.540995142668273,0.515060003258531,0.494047000422115,0.528978710450024,0.479145854497962,0.448594807438868,0.51100830333086,0.478374694876459,0.574470186688099,0.541740919209689,0.491779980312786,0.470797287617616,0.542436359310675,0.494244163171666,0.452388101311454,0.498066651128863
KEGG_MEDICUS_REFERENCE_ITGA_B_RHOGEF_RHOA_SIGNALING_PATHWAY,0.488250775244217,0.523133032537521,0.507719957270948,0.419668832315009,0.546994411355231,0.543714828751526,0.410868786358189,0.493982149653588,0.486272002587471,0.501130163951489,0.503380641804158,0.433006691764959,0.46496001805327,0.501324407658274,0.524651702452433,0.516899333160658,0.539430472446671,0.520896905147005,0.437832841058474,0.441529611862681,0.528107965008349,0.498968946588322,0.477419681827932,0.517446396540037,0.459304957268165,0.434106432246612,0.494958723082473,0.462358552483167,0.555498627448489,0.534063695245865,0.470160079162134,0.452415373394978,0.530889246782077,0.476929431367909,0.433102406247701,0.481893866492166
KEGG_MEDICUS_REFERENCE_ITGA_B_RHOG_RAC_SIGNALING_PATHWAY,0.522093434379984,0.557312270341538,0.541168313270275,0.46579789364115,0.567422016821305,0.562320543674738,0.459192613714108,0.532224905542396,0.525310341806244,0.533594969645642,0.546601458345786,0.491716235317068,0.512028408961358,0.537418117728167,0.558479398788124,0.535937078131595,0.563814252613918,0.553061181963951,0.492199751674579,0.489930203260496,0.558275489534558,0.539515406405045,0.510275703284934,0.549793594372555,0.503869827392132,0.454203814354201,0.530573161552913,0.506392388016939,0.583448391738333,0.551040994012333,0.494473696243599,0.499909287264835,0.558446189475185,0.510236390790641,0.480354179408133,0.516590167620602
KEGG_MEDICUS_REFERENCE_ITGA_B_TALIN_VINCULIN_SIGNALING_PATHWAY,0.532145605106685,0.572370766041782,0.554228973025482,0.476536537546625,0.5869482831751,0.579112855909157,0.469030344528121,0.544415953354016,0.534223599011848,0.551464738447292,0.55150020943728,0.496383388647557,0.51159068367741,0.550890652612781,0.563897938400628,0.555718983308134,0.5778249111025,0.570568288563133,0.496377576943048,0.496007201619914,0.569650955473942,0.548078716715984,0.522898557235724,0.558888405592539,0.515903653724663,0.478598841059887,0.546875689065145,0.507755366082812,0.599697907399748,0.576806224476902,0.522599131344594,0.514082392008844,0.575064018280897,0.52702584724971,0.486177217388829,0.531323204346313
KEGG_MEDICUS_REFERENCE_KEAP1_NRF2_SIGNALING_PATHWAY,0.452712263780164,0.510260816079661,0.482330606754133,0.504641480307186,0.448230596989841,0.4946840359692,0.487470867366378,0.466799799905806,0.54560800819201,0.446513741097472,0.505685262468993,0.462403571399734,0.456942369599504,0.519422486479312,0.514532752255741,0.47206841501323,0.464119349385223,0.520498917937486,0.529277730347506,0.481014651116095,0.466225447231308,0.51951770512002,0.450601000566133,0.49608878976039,0.541296362596611,0.41384231217966,0.460100406045707,0.531882672472129,0.514805555958755,0.426463367298815,0.405469293872676,0.502713619212725,0.451480030915994,0.469509409366385,0.494939448228847,0.489147174351018
KEGG_MEDICUS_REFERENCE_KERATAN_SULFATE_DEGRADATION,0.580299237936444,0.631858616558262,0.548753916842184,0.450986212356478,0.568671754689188,0.620243405614568,0.47062980132481,0.588646044701822,0.615990921093827,0.579848169076858,0.602805964973071,0.580509247282816,0.576742243633861,0.614559548003229,0.581264368536193,0.568361409722008,0.636054650279518,0.576854279917358,0.575439621077136,0.518681413376599,0.592764691169,0.599281284063486,0.585994668604053,0.581178771159408,0.584514887897114,0.500081052148704,0.550901732978164,0.527757084391065,0.68425170380651,0.641719754880379,0.569045400118261,0.558928349501152,0.588349178488275,0.57523248057279,0.556459268451164,0.577004039651635
KEGG_MEDICUS_REFERENCE_KINETOCHORE_FIBER_ORGANIZATION,0.556050148154242,0.545822989841008,0.56246317256807,0.557047636454309,0.573405310298532,0.542474253731218,0.545816801880503,0.533636412894042,0.537497472551069,0.584109298043638,0.566608830495643,0.552407441762727,0.545497816100846,0.534037435810854,0.561018662987861,0.557549373287809,0.521570831534257,0.532624477926037,0.545549062110805,0.537394857191551,0.557066809484161,0.592320725552687,0.545577688831524,0.547897841445156,0.538921534876692,0.563260186817904,0.529479002996167,0.529208824055611,0.537928035941486,0.549791442432541,0.608001818699851,0.545669731088786,0.543591497787276,0.521539929685426,0.556098830739733,0.531779115817124
KEGG_MEDICUS_REFERENCE_KINETOCHORE_MICROTUBULE_ATTACHMENT,0.5094311050311,0.480546709088937,0.509679345362836,0.505111563605979,0.532962532852735,0.483952696183274,0.48846881436878,0.479448499790675,0.473873761318673,0.546445403107565,0.508058819188193,0.500593478620352,0.484485210686087,0.446773459203115,0.511833727380734,0.517151223345413,0.454848000508862,0.472281095791163,0.494432272263102,0.467172031748663,0.515463197108691,0.553802135252142,0.500750536708174,0.495539499436482,0.472774778861637,0.527461334119133,0.479291208147406,0.462898558137653,0.454686141014368,0.501823278096437,0.570816229486248,0.472891512193932,0.473562526938361,0.460855579065383,0.500545687759071,0.46325451521182
KEGG_MEDICUS_REFERENCE_KISS1_KISS1R_PLCB_PKC_SIGNALING_PATHWAY,0.45306126384914,0.489656382797044,0.526486768674639,0.446805502271197,0.502316626276407,0.426486016060518,0.465877428105384,0.506262307142709,0.367525738832237,0.512475864455289,0.506491930971718,0.406439634567191,0.393712625152139,0.460346833839552,0.501974277797945,0.466726688673438,0.459544473315307,0.440605041729653,0.455377821695114,0.492983554942711,0.514502412335602,0.445172969654166,0.503291044993875,0.503329788465429,0.52065065741997,0.447761709851716,0.411319682421381,0.462601389358626,0.426466274722867,0.426652318623722,0.427514471756662,0.436509518591823,0.462250208716807,0.449579097534288,0.443814338392343,0.419002350668598
KEGG_MEDICUS_REFERENCE_KITLG_KIT_PI3K_SIGNALING_PATHWAY,0.573957473117702,0.569313610008482,0.571655812772354,0.556005893640952,0.603985363504136,0.580276847831739,0.560871884306608,0.550646794594607,0.543359859420002,0.540383371558589,0.555110594442878,0.564935670117119,0.552834896062855,0.558468772283179,0.566845281700518,0.555717900631133,0.573791337555116,0.550650817379893,0.537784841546749,0.553337079558507,0.569514367348202,0.562509984157704,0.544873370166375,0.55715679418652,0.560426385979633,0.577689832644412,0.580865496983726,0.544537683425487,0.551304649365834,0.598520499912746,0.605601620852173,0.569561832309532,0.578299734224456,0.582100835077091,0.566098633341448,0.581515118388792
KEGG_MEDICUS_REFERENCE_KITLG_KIT_RAS_ERK_SIGNALING_PATHWAY,0.647784978249723,0.648906284764851,0.641779469822327,0.638544837451557,0.671292718166389,0.655966091843699,0.646858911115583,0.635313102380777,0.632831245067808,0.642236189628749,0.632781607973936,0.629934975711423,0.629832242835438,0.637787813055908,0.656742399851402,0.640047937651354,0.645141023022998,0.625902438771848,0.621346147510807,0.625421545027979,0.64701991648757,0.649337688924862,0.637283440229673,0.649038169994114,0.63681121087143,0.628611121395795,0.641164490119942,0.620615709776453,0.605657734408794,0.670384520417548,0.658810562961499,0.631263215822991,0.645581967307758,0.656181488045123,0.63510954136349,0.657662932479037
KEGG_MEDICUS_REFERENCE_LECTIN_PATHWAY_OF_COAGULATION_CASCADE_FIBRINOGEN_TO_FIBRIN,0.115670257073896,0.175800529384946,0.195515117899848,0.169068968012431,0.133977472062596,0.142820108594283,0.150767305823885,0.0674365693498181,0.141797388269846,0.124145382423232,0.0790191871503557,0.0761519749016474,0.0754486492810004,0.20050545998583,0.152433241885365,0.0753148159421734,0.177927234371157,0.0868878848175021,0.0628869498144573,-0.0175603172186539,0.126683301554934,0.18638716561862,0.0767802701804464,0.131210696502821,0.139205061543634,-0.0205316614378358,0.157113425227348,0.099424894662801,0.0973219707631455,0.0389127181614504,-0.0270339577393239,0.158340912954331,0.168199360263923,0.169286259507837,0.0444699836213759,-0.00468789848113212
KEGG_MEDICUS_REFERENCE_LECTIN_PATHWAY_OF_COAGULATION_CASCADE_PROTHROMBIN_TO_THROMBIN,0.00197272339971609,0.153322878331256,0.0809350025594984,0.128525142861904,0.114435811437589,0.0979181960045693,0.0775823069908315,0.0294309862051104,0.0965391291959974,0.0708452673785923,0.0395360783825684,0.0109498212824725,0.0248249073329832,0.183053933554769,0.0479106178642207,0.0510738165734737,0.126650270070599,0.0688926367415285,0.0648807369786496,-0.102746641923772,0.0857492090409432,0.117920235110135,0.12083098978842,0.0699087241890439,0.0553416244498693,0.0560798014110036,0.11412451297976,0.0682984558494242,0.0951868976247759,0.0206554989505842,0.0440926957787574,0.147647498178568,0.152295212309843,0.149124805853154,0.00395560011239625,-0.0283617507448549
KEGG_MEDICUS_REFERENCE_LECTIN_PATHWAY_OF_COMPLEMENT_CASCADE_C4_C2_TO_C3_CONVERTASE_FORMATION,0.225044907327486,0.306960870289613,0.240858446766371,0.199900589885603,0.226947068766198,0.233987406959739,0.19705468675753,0.235802525158924,0.272431567637907,0.266770469724392,0.189159391623951,0.181421489574436,0.258135823112574,0.376716722434586,0.265907113867683,0.172639578150766,0.302743065136245,0.239370806851127,0.249290355042111,0.116249507315065,0.213138358849249,0.292846549839078,0.252070331731995,0.259873774835907,0.287221258361179,0.111285148201701,0.294294095672022,0.274526221336554,0.27124344952041,0.196448314541575,0.125233320858789,0.287204382449271,0.338404958482534,0.340157368295129,0.179910597410842,0.195378251185864
KEGG_MEDICUS_REFERENCE_LESION_BYPASS_BY_TLS_AND_DSB_FORMATION,0.477403118472293,0.457827896499761,0.396480311167473,0.421956547697247,0.495948039440201,0.440179342072362,0.432929686217077,0.405898119663798,0.412685813384436,0.457183696674975,0.458987466836206,0.488285649575913,0.433608435297216,0.409532925024575,0.402932546311185,0.43875269938777,0.39348324324168,0.445544281455986,0.415224461762034,0.421969604563428,0.494557556966759,0.422465299085789,0.47224126727002,0.416125309376139,0.421395088181174,0.519894791945407,0.45542106894033,0.433585027685428,0.445877914601236,0.493774902732955,0.477811489356259,0.458542389290975,0.429698043361972,0.404520897083676,0.457295814812652,0.433950728369205
KEGG_MEDICUS_REFERENCE_LEUCINE_DEGRADATION,0.565104863770166,0.55130112334086,0.534082500274383,0.589547405592446,0.498771241094719,0.580130453891379,0.620701224850977,0.560948428946073,0.572959525178415,0.54501169700304,0.545102423323957,0.576784823920919,0.555121760414462,0.57139337293771,0.581464859531262,0.510078300146568,0.569226837757868,0.555282757864596,0.566101259939702,0.601856682370402,0.500580829605604,0.588044990047608,0.547281854666687,0.540916363769004,0.621323952459057,0.51218981046378,0.547519383439133,0.588953781783848,0.552449618763367,0.538830882535814,0.513834877787506,0.561388506416333,0.59755108171867,0.634071958009336,0.558726231490545,0.579574843956145
KEGG_MEDICUS_REFERENCE_LEWIS_X_ANTIGEN_BIOSYNTHESIS,-0.0195179650444643,-0.0488737241579011,-0.0643728730689376,-0.0420501336868402,0.00152128009433124,-0.0103087311057846,-0.0152422053488331,-0.172663263178764,-0.229293792214863,0.0638538787842833,-0.0565301461202737,-0.0446402361269903,-0.201410719366061,-0.0179741400634369,-0.0555455783709712,0.00522633523054484,0.0902256921777746,-0.0541172977692456,0.0955184801623132,-0.0670913989448745,0.120038705173445,-0.186569600747545,0.0895668830210183,-0.192311393931098,0.236042073481309,-0.0137703690188526,-0.0159264764583347,-0.0104864942484145,-0.111043164112301,0.0110645688375376,0.00563032764378708,-0.0430346918474775,-0.0250092632583714,-0.14402473372226,-0.160743164902846,-0.155935138266969
KEGG_MEDICUS_REFERENCE_LHCGR_GNAS_PKA_SIGNALING_PATHWAY,0.413878776705273,0.430106193925014,0.385224600498444,0.414210062266504,0.434135839149087,0.412713732207977,0.347684503019219,0.435784934912398,0.387892171798877,0.398920767463931,0.421526797908398,0.41722581195226,0.417210505076587,0.410940933962744,0.413072312139024,0.378973603606792,0.34158721059273,0.442054716765786,0.449611410892202,0.440832862335933,0.367226185879081,0.465722624040566,0.427192802277197,0.40369217263918,0.479876797012881,0.430997216637795,0.447088027371811,0.38954114941433,0.405348975157245,0.431531718991621,0.385560880792721,0.470463789630547,0.461007798369764,0.424140025247309,0.44981002092926,0.394094070165552
KEGG_MEDICUS_REFERENCE_LIGHT_HVEM_NFKB_SIGNALING_PATHWAY,0.492767948368429,0.583079821871051,0.521739663566921,0.485948094018078,0.504257921359578,0.496667873128394,0.486278168423346,0.506804359453015,0.552167778850753,0.483743923794145,0.541710773042519,0.511955736913167,0.516870914993674,0.564561277259103,0.551815268255258,0.487613951486014,0.538653971012356,0.52195769219351,0.506466025177252,0.532235277542088,0.507972638707663,0.507583852355063,0.515685321974874,0.530526992548483,0.489669334408209,0.515028730858207,0.541715493856752,0.499494928409975,0.58247957314864,0.510037741252117,0.487904190980185,0.482676358026185,0.54470064448957,0.490351379982836,0.433179125959478,0.491498447541814
KEGG_MEDICUS_REFERENCE_LOADING_OF_THE_SMC5_SMC6_COMPLEX,0.577411854678881,0.577246648986316,0.587838578992227,0.600565855948335,0.585699554493089,0.57864823429958,0.567268881039867,0.583640726709738,0.599798894068718,0.621474657619651,0.577349101686305,0.59344172092558,0.576922394421688,0.559706490436139,0.589675742778971,0.59028634265715,0.594847138371734,0.587699342958128,0.576870462133972,0.563429431908352,0.610244372196157,0.58994241654581,0.602596943816029,0.57789503363925,0.559294638065287,0.620481637100295,0.566665589305612,0.558944148075712,0.538016222437479,0.58352103426552,0.595102161155543,0.553429676877083,0.548998450241789,0.575210372044017,0.547826122882847,0.573809746680346
KEGG_MEDICUS_REFERENCE_LONG_PATCH_BER,0.578270531420132,0.548968569339906,0.561908257611435,0.596433823672819,0.610478855384805,0.539483902182669,0.545058334928264,0.582020467769145,0.546999949501864,0.622742274462767,0.569218301592495,0.620304196323132,0.558151087879141,0.543487377362093,0.570634444402908,0.601008514979802,0.560056386561208,0.587215369187143,0.582526352247703,0.551108263605374,0.61454909648154,0.604236228152166,0.616400641520339,0.552087102506818,0.558373745734883,0.651573311021013,0.568125669272781,0.539926454904122,0.602864488205599,0.601858860411454,0.612792025813898,0.574760571838907,0.544339470161405,0.563692758274336,0.592093542271554,0.551967835686381
KEGG_MEDICUS_REFERENCE_LPAR_GNB_G_RHO_SIGNALING_PATHWAY,0.522751281532057,0.487814012711991,0.478909181294055,0.526563095667979,0.548742776437697,0.519435536893848,0.511085786768213,0.507919973411307,0.457012315084004,0.546138884837761,0.536014260981153,0.540282833772111,0.558775339985234,0.451416780937543,0.522502541130024,0.480472531532887,0.487105013103328,0.524785793165813,0.519980631559648,0.512089634464699,0.506702768404287,0.534155183495159,0.525660083044214,0.520076551088519,0.507321444504534,0.468101772212957,0.48893505792403,0.515502295258969,0.499833148263677,0.52464358054976,0.512409160393355,0.493995276715384,0.506365096705117,0.50581939101074,0.504024286130922,0.494941317357637
KEGG_MEDICUS_REFERENCE_LPA_GNA12_13_RHOA_SIGNALING_PATHWAY,0.594581780054562,0.607115234559657,0.568232376573688,0.592653508416064,0.612587191090637,0.587552176845941,0.588553117058851,0.591706575961626,0.607057459485104,0.618097832866573,0.582986438250731,0.574152678794278,0.593704044132682,0.583243776404019,0.611375025509675,0.585081619910283,0.584359137406029,0.592967612356643,0.585347462283853,0.587796135706443,0.602120234446421,0.610980940461153,0.571069955413574,0.571537675688852,0.592236112189322,0.51632947918733,0.59730698517339,0.591297993400589,0.547015611900651,0.594173632785008,0.590750855283209,0.564730866305813,0.575846064027219,0.584783626028545,0.570694433563558,0.58560533692648
KEGG_MEDICUS_REFERENCE_LPA_GNAQ_11_RHOA_SIGNALING_PATHWAY,0.578891144541601,0.589628098846269,0.573376766106181,0.595053916934052,0.600611902107327,0.574665085414846,0.576309516620129,0.568003255465866,0.587915205495504,0.614144936544812,0.577969480602778,0.562344125051548,0.59782669850925,0.577038982251705,0.604079351069094,0.536017624380489,0.582166839807381,0.58556397989215,0.582078913881427,0.569999470539869,0.609728865260126,0.616485566870756,0.551701996978568,0.549613790665859,0.594581989091244,0.482927441831737,0.583753696694983,0.590857163294432,0.551849588202992,0.569557225056538,0.592214503662109,0.557697593239684,0.559415781477661,0.586969498674967,0.570802802235076,0.58128184493895
KEGG_MEDICUS_REFERENCE_LYSOSOMAL_CA2_RELEASE,0.589057887104067,0.605172601547024,0.604143879702274,0.584325497830768,0.58830945058899,0.600812990135915,0.594792256667498,0.608353091198646,0.600883847356257,0.583352014813293,0.63426955571223,0.589829947438282,0.605080974071063,0.608063710651425,0.60615733243739,0.600977176941237,0.630871178671529,0.600607296329172,0.591404974122693,0.594287293139015,0.622388393572637,0.597984549382448,0.61069929039436,0.604945240399887,0.60100595899623,0.598515020908167,0.600632379069968,0.588795772746826,0.591344112398043,0.596475714892047,0.61002209249178,0.594308405953924,0.589381051827221,0.593720133325324,0.5837878540183,0.604862359666066
KEGG_MEDICUS_REFERENCE_MACHR_CA2_APOPTOTIC_PATHWAY,0.553306152590728,0.576659415910643,0.548620756653628,0.518312372673288,0.551064914344929,0.550449581684041,0.544608563421723,0.519745009940356,0.522149569416242,0.549438504835036,0.550104245252212,0.516300523424679,0.523183327538255,0.539973186505469,0.551315352755568,0.507820046913215,0.537128502400105,0.547120178560611,0.500590574975326,0.562664828235764,0.5515007469433,0.543154439949323,0.529656481963781,0.54856228461447,0.535990348483438,0.505184526469077,0.519166631045028,0.54349120306506,0.507696381093905,0.555379952633443,0.555484818999768,0.524091803592515,0.553424486984934,0.546756347012197,0.534939529337244,0.544321777831773
KEGG_MEDICUS_REFERENCE_MAGI_PTEN_SIGNALING_PATHWAY,0.652053808588606,0.597301203965856,0.643864035598582,0.653216596880736,0.663507614431187,0.61612003789514,0.684869303553949,0.636260148741437,0.587420919625218,0.650061642984409,0.618983057782095,0.601962602569055,0.627491593831834,0.582568855888969,0.634444789058861,0.627343921659579,0.619945795480651,0.621815269177827,0.597900773845012,0.660891605688539,0.65176968416912,0.607163489540835,0.607849362467242,0.644657940074298,0.613557701174415,0.656133575246113,0.642746359102272,0.64329872895159,0.581274649213488,0.643874620360854,0.669007458132544,0.642152913706468,0.645589522184882,0.62997696205186,0.647830265416195,0.658033850131289
KEGG_MEDICUS_REFERENCE_MANNOSE_TYPE_O_GLYCAN_BIOSYNTHESIS_FKTN_TO_LARGE,0.554665666411237,0.513823288558901,0.452684451572945,0.512351475403432,0.555623654565279,0.561454393838375,0.497800320066998,0.522227557792927,0.457699000740405,0.563219601888473,0.490841248417525,0.514416613015721,0.510274312937301,0.495076160462595,0.513164508197278,0.523682202345116,0.513846291212694,0.52360870711574,0.492316841275237,0.488915477230779,0.53192732396547,0.535965141216797,0.524865867063836,0.518831402144807,0.54006662564026,0.519419002816477,0.563208498551381,0.49932194681115,0.518298742967756,0.593284028521916,0.541213300204517,0.54989446318663,0.536070618948796,0.538729067045715,0.550991658991689,0.554513111351752
KEGG_MEDICUS_REFERENCE_MANNOSE_TYPE_O_GLYCAN_BIOSYNTHESIS_POMT_TO_POMK,0.539085019699526,0.509364184297079,0.469315757029382,0.496105181894075,0.511667156603294,0.486593292580376,0.45550629213231,0.52327313060024,0.430087054130884,0.535343646889793,0.515908405684697,0.513287941489425,0.527994165583799,0.489637749539936,0.487507314388121,0.55398312678892,0.48824923596778,0.504790214878729,0.502794545829978,0.478250849901908,0.551576429000597,0.493522477088142,0.500912840525768,0.472845600613432,0.523217270505176,0.595072033947537,0.539525705858167,0.487328682749393,0.565862074353039,0.564503268348418,0.603825037115861,0.573500719548266,0.55331107738734,0.522882893209165,0.593771896524544,0.565647146252509
KEGG_MEDICUS_REFERENCE_MDA5_IRF7_3_SIGNALING_PATHWAY,0.0906682032675168,0.126698953428594,0.137580732041384,0.135170924401349,0.0922359383328237,0.112616898502951,0.131342526911721,0.0862452159955047,0.133618895527991,0.112747433036885,0.090361896896888,0.116867632537217,0.133790827614861,0.110101876262205,0.142564479839436,0.0926868435925481,0.134384354905406,0.102023936612162,0.146822115699345,0.117053665346255,0.170907715939632,0.117954503403714,0.134345438755177,0.108638848467328,0.0954552299928867,0.0823165164058512,0.113569145562008,0.111897753349496,0.111902607916707,0.104895644208913,0.0831587110714367,0.0702198974342958,0.115557638909781,0.096353448347802,0.0883368902625309,0.109095848748971
KEGG_MEDICUS_REFERENCE_MDM2_P21_CELL_CYCLE_G1_S_N00066,0.627838348899804,0.604989794207491,0.660267187445279,0.615117940094971,0.643501657653496,0.62665138122383,0.617911993268336,0.584935945213347,0.623481195996351,0.675829644609202,0.641261865928684,0.657392305093195,0.654806611304731,0.591544708135343,0.629416609466953,0.588616818193963,0.63973286758681,0.631315175195538,0.620196585516782,0.601689219359466,0.682160871982682,0.643950501916883,0.625705003702844,0.612975577915461,0.586858068396139,0.667132483241305,0.627820763712283,0.590055476397871,0.639365145585281,0.658323436646728,0.63747655766776,0.601618970820675,0.612819444132861,0.591096334255518,0.61786951543753,0.621954161229045
KEGG_MEDICUS_REFERENCE_MDM2_P21_CELL_CYCLE_G1_S_N00536,0.570053351081189,0.517083420270565,0.587978820127485,0.530223910835539,0.571272686673953,0.549766474965343,0.515755798576033,0.519446686073417,0.553238645254979,0.620328613152728,0.54630219127959,0.591258522832627,0.564147838976026,0.50766576107366,0.56726689636398,0.55246301090268,0.563124857505672,0.547919853333887,0.547301170344413,0.538358571642343,0.61950369307612,0.579503770084632,0.577803039740499,0.542117473460327,0.500299281536846,0.60334543619798,0.526056862190345,0.507620535892455,0.561768698976353,0.587830196847258,0.564406306868786,0.511433236522362,0.532762268699635,0.515026063369758,0.531139064655544,0.557761322184217
KEGG_MEDICUS_REFERENCE_MEMBRANE_INITIATED_PROGESTERONE_SIGNALING_PATHWAY,0.561903713553011,0.536775278748622,0.551648531804661,0.529563107220653,0.54849619055449,0.545746974872797,0.56519782522564,0.534508277061772,0.540916326655877,0.546061226227397,0.541854481248132,0.547336846043243,0.540498837279864,0.559870155516747,0.551877452586793,0.524091011057731,0.565224477192512,0.540142485909342,0.521318330247389,0.564268980053541,0.537140076807904,0.571600130109241,0.508681335241197,0.551418748895734,0.57142219680713,0.532174160253179,0.546702750712705,0.561955272996669,0.55230742134467,0.573950225235706,0.565713683415019,0.563652708313137,0.571514713791781,0.585001088836513,0.564610237115046,0.563015864608305
KEGG_MEDICUS_REFERENCE_METHIONINE_DEGRADATION,0.569627055046085,0.5362049844162,0.558162437793705,0.551115256143533,0.549514392226814,0.545169371607896,0.554069885445891,0.557600391781066,0.572231293084554,0.564094840034743,0.552968692428371,0.574683174367872,0.582780435083327,0.543175875476564,0.547259202428064,0.596396811169972,0.534451435868497,0.544263809287838,0.555421301883744,0.525202832496617,0.528356094464976,0.551771472208045,0.560256663482178,0.558807458346692,0.546465987478081,0.604676669408653,0.586109963284337,0.533699695061876,0.551214774731184,0.559335814231936,0.541707443832846,0.583945791009935,0.553867442121774,0.557970292408503,0.560037128922947,0.538788949201932
KEGG_MEDICUS_REFERENCE_MEVALONATE_PATHWAY,0.543892237285775,0.518632662949961,0.503057239439596,0.544753278408167,0.548099007211371,0.511346672204327,0.591184791321424,0.516979918223489,0.468752771396235,0.53965294923583,0.49838655122757,0.508561133651339,0.517553817233159,0.524955732132236,0.523321599128884,0.506912642331427,0.483038517828709,0.555414361223939,0.517578417301966,0.540858506925992,0.525572364698878,0.577383945002463,0.541110045397818,0.534881721968986,0.573374639015028,0.509211372446979,0.537061231739215,0.544368279882062,0.498378050379375,0.568010479056872,0.593052931433513,0.577518565405132,0.520714746344866,0.56176214814973,0.599611601619697,0.577008351688008
KEGG_MEDICUS_REFERENCE_MGLUR1_TRPC3_SIGNALING_PATHWAY,0.50279938732472,0.503555823820171,0.488529951653248,0.448808733259215,0.489469372117638,0.482462409057473,0.478770261963478,0.477739012044313,0.41375351946568,0.508230693518003,0.482890768401954,0.441735705354926,0.4321265718452,0.506496888348701,0.496242975979874,0.455901144021061,0.490412054003916,0.488757094411434,0.434882032672142,0.499736993925148,0.51340137474165,0.492568945419944,0.473326558028649,0.493083991088859,0.485595432116378,0.400531096683205,0.456897279462691,0.490524181946731,0.449231079029857,0.481674037508117,0.473577785664836,0.497630423888868,0.479487033456183,0.482866822343336,0.443849205339117,0.468547779652272
KEGG_MEDICUS_REFERENCE_MGLUR5_CA2_APOPTOTIC_PATHWAY,0.575471661768087,0.596103155294929,0.572370696926304,0.546982611229942,0.573677694758232,0.571137434438323,0.576812854468284,0.543825413254067,0.557476610679278,0.555466215696479,0.570487573454877,0.548414379002195,0.56947227064836,0.541071147084642,0.571088733789031,0.532415949382149,0.572386103526074,0.573073076815579,0.535980808111992,0.579147004693846,0.573597549197722,0.558616928285987,0.538232436200885,0.571611394746036,0.558683382116487,0.53540416857104,0.556223005681098,0.559114878039407,0.546156232107702,0.550560710758288,0.574818053228124,0.558250599148518,0.578235687972598,0.574929077670472,0.546150112376896,0.575581102143604
KEGG_MEDICUS_REFERENCE_MICROTUBULE_DEPOLYMERIZATION,0.541971458151088,0.511560253860442,0.547539062888413,0.54347078234658,0.562804956877725,0.516983389893113,0.511649813066791,0.515910117052361,0.504583597942762,0.581691933618684,0.549235334095684,0.545922954496324,0.522160886075039,0.481030043904732,0.537648038812778,0.55704626911436,0.487795174814837,0.507205467666339,0.539181474747085,0.497709808784522,0.553107930371065,0.582024972431382,0.540805343591184,0.517480728447455,0.50717819028372,0.56554876045535,0.519427455916555,0.500379197051289,0.519624431508852,0.539549734128243,0.598086213495907,0.535396444843948,0.516719599675161,0.48977877853733,0.542812339692869,0.50971210552587
KEGG_MEDICUS_REFERENCE_MICROTUBULE_DEPOLYMERIZATION_AT_THE_MINUS_ENDS,0.532347524331131,0.514965503679487,0.530813422991828,0.527892379587128,0.557908323541437,0.520446011739698,0.522338534230819,0.505930078950726,0.508873093384119,0.561230539049631,0.546872774903922,0.524064626895589,0.518786864748797,0.502308478198381,0.53577895849724,0.53499682812893,0.488205258910867,0.49984229068801,0.523174813377678,0.51236699189148,0.534279266364676,0.569184973796545,0.521044640925734,0.523509497795873,0.512771945500224,0.534954126623519,0.515106371825159,0.508177807056034,0.496705827931224,0.536492823382369,0.582556790846893,0.523141336726951,0.519492062141844,0.49748008783679,0.529562869880343,0.504489530061788
KEGG_MEDICUS_REFERENCE_MICROTUBULE_NUCLEATION,0.553332613509903,0.545439453728225,0.552089803393265,0.553589767117389,0.565866303196689,0.543060314127456,0.551407518847028,0.543759242527901,0.535687472911314,0.570506542132261,0.564309488350457,0.556803845928602,0.544675566881173,0.533154373917542,0.550694828908989,0.56337623172022,0.521545427825747,0.532627711407418,0.547122416677498,0.546107079404615,0.550334892561986,0.573227752640874,0.546922320710785,0.541017819441458,0.542061157619503,0.565361513384149,0.539292743616958,0.534751628289534,0.533608332050149,0.551479600901022,0.588859207514319,0.545711559564203,0.541394237308092,0.53333326262239,0.558820753241954,0.535979865454105
KEGG_MEDICUS_REFERENCE_MICROTUBULE_RHOA_SIGNALING_PATHWAY,0.536556735812207,0.538336228220998,0.535249790274448,0.536931834829346,0.564493093743107,0.529611336070409,0.542543183891974,0.521320119626884,0.530533985978346,0.5621819403355,0.553302117934811,0.522336923012906,0.529692586247193,0.521107302098279,0.542922216882239,0.543447007748387,0.504051439278427,0.508037180727996,0.519531179636508,0.524214520633021,0.535100136032962,0.564765146426014,0.518841366429121,0.53035247503463,0.524966995433501,0.532361510646019,0.519516292300779,0.511311180350911,0.506831962131709,0.542870726222213,0.579889764418749,0.526159347713879,0.527849902601226,0.508116000344738,0.530383398736155,0.51160325331624
KEGG_MEDICUS_REFERENCE_MISMATCH_REPAIR,0.569314464528021,0.543004921830488,0.550749427618132,0.579920535679792,0.594445244981494,0.537735673881805,0.542816473295144,0.571585270834122,0.5423303796188,0.606734663460448,0.548996797250094,0.604548605253848,0.541634186194893,0.525683909593575,0.558782152036222,0.595226296905182,0.550033463508597,0.565549816508878,0.559755657602071,0.538696256594666,0.597607828644509,0.589364825558341,0.586352937223625,0.546824400612225,0.542588273775226,0.64634356240313,0.558932753120249,0.529127848058978,0.579906529620193,0.610370528049111,0.605610295254898,0.570632709250102,0.529906295597733,0.559457041502676,0.57752141118957,0.553051353417868
KEGG_MEDICUS_REFERENCE_MITOCHONDRIAL_COMPLEX_UCP1_IN_THERMOGENESIS,0.600654198508231,0.604067086470703,0.626421568406483,0.623251447093,0.608368153161442,0.62464281139182,0.633843036303029,0.623687239819148,0.608314827679013,0.606720206058481,0.627082712303171,0.63057946675374,0.63446751810084,0.632719602877675,0.607169443544626,0.591055088837207,0.617350919345283,0.62551569668851,0.617240860188411,0.63380421392181,0.595271596561707,0.610955997194051,0.621968195398571,0.613047007824203,0.628828976344175,0.621837603458671,0.603793816470547,0.61589156141657,0.618786249745218,0.612595036596777,0.629191624198485,0.613414617629465,0.627872994531049,0.628203506837,0.628878092747407,0.615044979953034
KEGG_MEDICUS_REFERENCE_MLK_JNK_SIGNALING_PATHWAY,0.55566742784473,0.549694648448985,0.562615914348239,0.573526483684462,0.544032310180604,0.546095452788927,0.57249704121211,0.559857199097512,0.568146734107173,0.536066132633236,0.555165129574555,0.535844467821717,0.567266398212081,0.540964464455273,0.543424229265843,0.538930184225133,0.546084495392964,0.542965338833147,0.54052595395244,0.575695920497933,0.56788559772026,0.538481494389887,0.531423665525981,0.555969978034018,0.562544992972362,0.581396873281984,0.551342848623487,0.569691066591813,0.537997570049988,0.520438741973844,0.601575901721097,0.561300661886552,0.559042487549428,0.55928494554551,0.554783431291273,0.549197956480853
KEGG_MEDICUS_REFERENCE_MODIFYING_OF_CONDENSIN_II_SUBUNITS,0.573784881308479,0.482650441776684,0.590588396028324,0.584598236811892,0.598990413318569,0.502606089396334,0.472279598106457,0.526703531326444,0.446474897446134,0.653937040622645,0.523446064456375,0.643717252367775,0.508070769487817,0.386366240970262,0.543439073045051,0.589611811493473,0.485749913106667,0.546596641876922,0.576792011370883,0.452644202054521,0.656745152628621,0.628038253058451,0.615285916081283,0.523259438076474,0.495045728226521,0.700908441657409,0.532750327725755,0.492074380840598,0.577347220764753,0.589715692269987,0.65032257789908,0.57748302804663,0.501821406554803,0.501871530044573,0.576372216901053,0.531320202997292
KEGG_MEDICUS_REFERENCE_MODIFYING_OF_CONDENSIN_I_SUBUNITS,0.540044195500679,0.42993587161313,0.57668849482302,0.593147734647328,0.562318784069575,0.469631184156401,0.373789500633332,0.491748943973953,0.420817303119625,0.664619239211258,0.473630178190638,0.626987531432353,0.476274744778146,0.264088914233522,0.526929773743712,0.600379370048461,0.456385337422829,0.49799707852081,0.559733652774706,0.367213391614656,0.657244396635602,0.632908469065597,0.610331416521006,0.486340171342632,0.406722197624322,0.703334591940941,0.493915668260588,0.419477315496225,0.543761791082327,0.564233621979123,0.66514065692203,0.545871900045102,0.431252168155034,0.461341044919612,0.556055543859745,0.498587332217382
KEGG_MEDICUS_REFERENCE_MYOSTATIN_SIGNALING_PATHWAY,0.566367766032629,0.512722947063254,0.52997036822542,0.568726199167252,0.558478705614327,0.572441683539677,0.525467000974641,0.585275111657837,0.522432221181829,0.558789723569618,0.518578412560941,0.537784207657657,0.535671689796068,0.464047059027596,0.552086151266407,0.572201259534134,0.541888798695489,0.494246663115764,0.568149385875847,0.532598860873741,0.552757544405559,0.569155602878776,0.545788778642576,0.561317900096101,0.525447604484912,0.598079935320259,0.555633352499907,0.529635665564671,0.471416552642074,0.5388603942893,0.55581820604447,0.606202807091135,0.548785082584857,0.593282958910355,0.559695039066464,0.571919670757426
KEGG_MEDICUS_REFERENCE_NAD_BIOSYNTHESIS,0.31677385668529,0.383042254216275,0.35873183308722,0.356166960977656,0.320104992363738,0.331958863231561,0.337358714891627,0.335349692860469,0.402334462629448,0.350772447341123,0.361418088929318,0.321349988882022,0.381882953732335,0.37126377683758,0.403794996106589,0.269755685287069,0.370160611097692,0.344713889888703,0.338496631204036,0.387058063496457,0.352580776867293,0.403987456321063,0.352373989850556,0.318097388606273,0.343207593089746,0.274091560661461,0.32390950296109,0.331799230060998,0.430921064143783,0.302160017210051,0.3239802136459,0.281941246302577,0.341639598025263,0.330743486059923,0.31851940206803,0.326743797408188
KEGG_MEDICUS_REFERENCE_NALP12_INFLAMMASOME_SIGNALING_PATHWAY,0.358241326723276,0.580725327167272,0.555240500911419,0.332177416565054,0.389553114695226,0.52702001913374,0.321715940858179,0.422824284445797,0.532152312202004,0.402320584302634,0.527486628766358,0.452780121701214,0.513865209027617,0.572938942601783,0.569699176874135,0.181451052696917,0.531075888761804,0.479634819538835,0.491719154216538,0.511954966219393,0.428812217322112,0.57426392775929,0.377396704060854,0.53231011713672,0.5011896371381,0.0806400223310206,0.440256024099904,0.515822215571853,0.595618154601973,0.487320631466772,0.318116508998332,0.418679242892807,0.51607545460262,0.529409240747048,0.382351559291931,0.446725680331796
KEGG_MEDICUS_REFERENCE_NLRC4_INFLAMMASOME_SIGNALING_PATHWAY,0.498724810593063,0.612185424535689,0.589390916396155,0.477120581984173,0.41108042561241,0.568131513836157,0.470033596948094,0.445147205306721,0.583083689053867,0.449871261988238,0.566334092531327,0.507030938590834,0.539855558879845,0.628047388487763,0.612019852170443,0.319926852424443,0.57949910795607,0.522292877999936,0.535013467483136,0.546781689103121,0.475926271085451,0.623721423393097,0.415430019128247,0.576444836502331,0.533705110160435,0.245210516976086,0.464316109188273,0.548703491915202,0.63567353505498,0.539359498755062,0.385521908511293,0.440385795233429,0.576449707224649,0.55478938931193,0.426987601309676,0.48472730541339
KEGG_MEDICUS_REFERENCE_NLRP1_INFLAMMASOME_SIGNALING_PATHWAY,0.592546871001782,0.688990538915399,0.652871540538775,0.576735965283774,0.486553305140314,0.630890286924556,0.56760778292171,0.552931321185852,0.652622875073551,0.530583109167286,0.649975634038978,0.593309463980259,0.628355029411152,0.683923610210453,0.679934498932829,0.41986230759647,0.636913018091933,0.598491099893868,0.63079618083177,0.630165172127371,0.551990871259959,0.691944618121353,0.524975689697132,0.641594117173535,0.627918930391829,0.32864064028187,0.568263000326461,0.631323895164468,0.668205840621633,0.608295709760815,0.438018051576868,0.548286875129308,0.645886215327951,0.645616807329501,0.516076352070203,0.578802207808125
KEGG_MEDICUS_REFERENCE_NLRP3_INFLAMMASOME_SIGNALING_PATHWAY,0.548176428964746,0.654212236360826,0.5769748729103,0.536348048846723,0.469308266446931,0.564870143601594,0.519787645436083,0.500008345494362,0.620964260252276,0.491141741899357,0.593562446175136,0.530972010234843,0.555314073476783,0.651580405543866,0.634156717837072,0.337301980007289,0.600492618359326,0.570216686254606,0.589826977882484,0.525465497655773,0.497804214661046,0.63648860133328,0.485940996470997,0.603903230946377,0.584683984195167,0.223652143405776,0.517597904251151,0.595161396591337,0.62809376244809,0.562143822232616,0.382063093379555,0.524295245756874,0.604992720735809,0.611818618347287,0.492792213852168,0.535547929110305
KEGG_MEDICUS_REFERENCE_NODAL_SIGNALING_PATHWAY,0.479985907497164,0.429724564164924,0.480601379100548,0.432370523586031,0.507162540492371,0.442080490353846,0.444860211573611,0.462050717169975,0.420639804663673,0.467394469866865,0.444013099308769,0.451629888377648,0.440941408071857,0.377287612274969,0.461368319786899,0.507729448757811,0.470912563766481,0.429686455700094,0.438371784390705,0.434972298698395,0.471124166819534,0.465466535252754,0.424302403614305,0.479538933133779,0.432034685656159,0.50033152480782,0.463785937228932,0.442113740354028,0.424868398637483,0.456942969641222,0.502558421858614,0.499033871299018,0.458116538477549,0.464369870766559,0.454001614318557,0.494389423675322
KEGG_MEDICUS_REFERENCE_NOD_NFKB_SIGNALING_PATHWAY,0.507040342500122,0.573549786268437,0.520632666641324,0.499900391382632,0.51577024942598,0.525596852609913,0.507537841030547,0.513535526921936,0.530342460639934,0.498251151633811,0.522398728186873,0.496380680037526,0.496521866453895,0.537867241514712,0.538189653177346,0.48572155164476,0.533117347509604,0.539946290471919,0.524062476384084,0.508013062665638,0.521442774186468,0.534034064277556,0.508898159975098,0.511025805259636,0.498036668916224,0.50133833034225,0.547850933726694,0.492633495310659,0.594012633574589,0.525932466700034,0.47201185547805,0.510686385285818,0.53874838578135,0.516120520491953,0.512128946787031,0.524525147599579
KEGG_MEDICUS_REFERENCE_NON_CANONICAL_INFLAMMASOME_SIGNALING_PATHWAY,0.472857294785945,0.6101621763128,0.547354262375507,0.402670136532049,0.397431984346945,0.52674590599392,0.381455845115583,0.442538388440877,0.60208782090199,0.439195381081282,0.546100270038108,0.469398070082697,0.44668818538477,0.588627652195082,0.594466815460909,0.253024649568925,0.564716597658606,0.524431222532779,0.523898919193487,0.510049730178166,0.47172537389627,0.600019520275586,0.404681315647027,0.540986615259352,0.502200154717109,0.152522318402593,0.460009578484404,0.51645001640282,0.622969500390641,0.532333697170547,0.328078801966054,0.427922367338458,0.572104333305929,0.517334805844833,0.351999287067256,0.468603221227489
KEGG_MEDICUS_REFERENCE_NON_HOMOLOGOUS_END_JOINING,0.472695556631462,0.478008158943148,0.441955128101767,0.441834640484119,0.476981354827023,0.461689460551338,0.442217374173215,0.468694346277137,0.463719126828551,0.476818404114751,0.472508962425812,0.492351603884212,0.452957062832289,0.449783695856375,0.462049441131894,0.478039811103166,0.459389905636516,0.453366877051534,0.448687350101451,0.438594466519914,0.474635176720244,0.456332473029891,0.450052459682898,0.472499797786736,0.443602083642673,0.493013886817375,0.463469158208176,0.439601922863521,0.452464281386842,0.485774683029764,0.495713281591886,0.458739622314361,0.453735412204518,0.458437255722613,0.461800225682983,0.471501710349387
KEGG_MEDICUS_REFERENCE_NOTCH_LIGAND_UBIQUITYLATION,0.585784538523513,0.512535757563224,0.587757407655217,0.561860082202875,0.624669038722946,0.595250908122186,0.504416654241397,0.570060940331514,0.394761385925398,0.586057864137056,0.602465721656165,0.595407721848612,0.571506506220013,0.511634385024247,0.582496939586021,0.566514748462709,0.502444239850445,0.562905650378023,0.589266621718491,0.530562204458909,0.599664414835335,0.566901629042057,0.579381085302418,0.586343448023126,0.565387278298695,0.573758690766249,0.630119711490001,0.568248922174384,0.483727539466271,0.554144856532363,0.584235164193601,0.567482929465741,0.56946240972866,0.562533564304347,0.580540284881123,0.573978675501485
KEGG_MEDICUS_REFERENCE_NOTCH_MESP2_SIGNALING,0.488110186317451,0.393004062634322,0.452688223459728,0.457023566379648,0.382180774416414,0.374557367530002,0.35891736968264,0.456640083544846,0.440922974276765,0.381290749974824,0.372767065683269,0.472063068280426,0.392904493067895,0.463000202724494,0.420955141938581,0.404819537030426,0.463184830415569,0.410511088691497,0.473705701141358,0.457141168026042,0.477954316600191,0.479191849985493,0.493275714637757,0.395875903520291,0.366803690265214,0.508640319090964,0.489344240028661,0.480332020030751,0.412352189159345,0.416803348628387,0.460360864789926,0.546990326411638,0.448249058706401,0.459728458659997,0.513569689587228,0.477830986448369
KEGG_MEDICUS_REFERENCE_NOTCH_PROTEOLYTIC_ACTIVATION,0.61302562631361,0.616567837783016,0.577129050708939,0.552235107556579,0.617498035837258,0.613249255228965,0.525127106651947,0.620649809916686,0.559305239841747,0.604308420786802,0.600050966850901,0.595572681703358,0.593326940040052,0.618619767336881,0.599720753367544,0.628325197121527,0.618718905957397,0.610718963610861,0.597647434926211,0.552740287409565,0.597983723809123,0.624620519709102,0.607647219747349,0.610938578348994,0.602614244479689,0.576038241136123,0.616936299339825,0.575072596567165,0.64264378147868,0.630784535867323,0.596308917920579,0.628055221573208,0.640034497034347,0.614841133761652,0.616914179229216,0.611981530870149
KEGG_MEDICUS_REFERENCE_NOTCH_SIGNALING_PATHWAY,0.588618702620242,0.508807598074677,0.542363465978463,0.507410808282128,0.657438079132363,0.560723116022075,0.448294178921165,0.532063613569492,0.40464999563122,0.545391613605445,0.562403739079951,0.551231757065156,0.537426696552541,0.516375537287731,0.565207781380582,0.592641599829109,0.502781864843453,0.575073958564683,0.538827960968531,0.4733400050993,0.575584727838977,0.598101674231678,0.596045471353848,0.563280243984054,0.515316135236839,0.556014803390062,0.6452277822919,0.524667599469921,0.540809185997933,0.529949986775685,0.565923781869844,0.60065894966788,0.554019547941076,0.521308245216698,0.562704939264674,0.537584307606352
KEGG_MEDICUS_REFERENCE_NRG_ERBB4_PI3K_SIGNALING_PATHWAY,0.538614883897611,0.525210751988238,0.497742593573621,0.494010044742863,0.489060516762283,0.519885242352482,0.51833826207379,0.50667711390048,0.492187747561439,0.493567617938249,0.483607512157576,0.520819613168205,0.502730068284581,0.488779061749806,0.509433560090414,0.425660430621954,0.540847701356343,0.512766402527275,0.489173263304123,0.54545142978878,0.487928173783775,0.507680448025586,0.474393874107031,0.538131334067553,0.504537102915331,0.46906564715435,0.503692602455733,0.516955278792063,0.484012628688691,0.502060101529937,0.549014102973824,0.510645608320779,0.532725272387265,0.52229585090843,0.497171539385346,0.530985648948233
KEGG_MEDICUS_REFERENCE_NUCLEAR_EXPORT_OF_MRNA,0.60661690787638,0.604857405091334,0.579648017634548,0.595605615149552,0.630124370402147,0.602453311380323,0.559999733142506,0.607567610855509,0.573624436172015,0.626247293131267,0.592862394863226,0.610758224082914,0.593802548760185,0.578349355112152,0.596141164783214,0.61921618906826,0.596187880031104,0.590494487372657,0.591687185526824,0.572422766584406,0.628393890135669,0.605273731349004,0.611825574467177,0.591967118397049,0.574141526194751,0.644373272139268,0.603339344100224,0.567398615907738,0.610457113374506,0.640237027590423,0.625209952091332,0.607788391010168,0.585854524502894,0.583401468613449,0.612826600864793,0.609887632370908
KEGG_MEDICUS_REFERENCE_NUCLEAR_INITIATED_ESTROGEN_SIGNALING_PATHWAY,0.337983646217306,0.344016315006964,0.309152445908229,0.225850196744701,0.353451717008333,0.381541321449966,0.368637192598745,0.295458719177875,0.351473587752012,0.352601816766757,0.322689320144762,0.305075927124467,0.402361161664987,0.422547583972823,0.349889796363799,0.336741788000135,0.402564271866382,0.382848953784477,0.374269620859276,0.342078745548995,0.340922189915975,0.340823686254404,0.302628925441191,0.318299007192805,0.331811580006882,0.280518629241367,0.366666021517108,0.333467557790595,0.333471725897479,0.394629278491051,0.317477842743059,0.357529744880472,0.359655309986956,0.36191245714325,0.297387983828286,0.306605842540516
KEGG_MEDICUS_REFERENCE_NUCLEAR_INITIATED_PROGESTERONE_SIGNALING_PATHWAY,0.225174908712348,0.274661787493913,0.164448019558148,0.277303223107002,0.298845951595542,0.16059981611947,0.282213595737226,0.245578153072334,0.351195713706806,0.245836174286758,0.289700469278664,0.185574800689435,0.421770469747088,0.321847571425485,0.331510940650226,0.356756120390058,0.262654760280589,0.217653547057861,0.238932541505565,0.239442402788246,0.308138797278743,0.282424122645416,0.304596275265748,0.28551534828094,0.275421912696866,0.200403141078578,0.318985253773211,0.267114906600037,0.522904715173376,0.267287813956428,0.206316014728287,0.261667618807165,0.227253573797045,0.282292895912362,0.295346369881975,0.326511295302518
KEGG_MEDICUS_REFERENCE_N_GLYCAN_BIOSYNTHESIS,0.594872257362561,0.605732930637395,0.529482831875516,0.516012543429832,0.593222976643223,0.604863985786031,0.503857365419713,0.582215517177999,0.573414776932206,0.578421348715113,0.58573484446341,0.573607020542209,0.572682622418682,0.58845722003054,0.590740685894968,0.57360830597881,0.614336502398343,0.588370548182536,0.580236671577973,0.519329958485501,0.555988657718717,0.583869504987181,0.562612116314115,0.577012277799344,0.587596538800526,0.544572342516425,0.585183911888462,0.546614149382255,0.616953914757847,0.619084360505058,0.577639843882311,0.581814277263645,0.580507130953939,0.589911008859,0.584323269132187,0.613666728711624
KEGG_MEDICUS_REFERENCE_N_GLYCAN_PRECURSOR_BIOSYNTHESIS_ALG6_TO_OST,0.621575488909806,0.615713918766764,0.590906977621214,0.547408536448081,0.60972160826597,0.633426403925852,0.530430743231879,0.608053874722693,0.594735074011992,0.631841526824982,0.606921477805334,0.613942241574776,0.59407611678231,0.619032480485493,0.603429040296906,0.61956323538712,0.631472416763328,0.599479429238624,0.593839189552503,0.539879245067192,0.633153908469359,0.623176000002515,0.609968347645236,0.612033439924688,0.593080883588556,0.625800703255388,0.599501686630998,0.560219293386947,0.625598170895043,0.627449957489377,0.633045880858435,0.603308702165466,0.60951970378375,0.59706407241955,0.60666332344408,0.634975972193895
KEGG_MEDICUS_REFERENCE_N_GLYCAN_PRECURSOR_BIOSYNTHESIS_ALG7_TO_ALG11,0.492336681425291,0.507462076679407,0.46942965032173,0.434623752157115,0.48528902512585,0.514144302943164,0.412864479256411,0.480038611634851,0.476244783331554,0.510008262148794,0.483440712373656,0.471571214632171,0.483834971209613,0.511952922522191,0.489671901064041,0.449608327381136,0.509470233823899,0.499321195327464,0.457917278655471,0.415879644455461,0.501293174713592,0.506917086343591,0.483804522825193,0.488425478865944,0.479003839837144,0.504835389987893,0.487985455313316,0.458032542190632,0.542041959950612,0.478665068571887,0.446505132907468,0.472667247655827,0.483048687527737,0.478520361860684,0.488733899530901,0.496951343147283
KEGG_MEDICUS_REFERENCE_N_GLYCAN_PRECURSOR_BIOSYNTHESIS_GLC_6P_TO_MAN_P_DOL,0.562222569431196,0.567568910226698,0.586789490215174,0.549503738922904,0.570598804199864,0.564370302615654,0.559408760666648,0.575055117666065,0.554294139314567,0.569196063293331,0.575392384109333,0.594330957398773,0.565819296522486,0.598314071347787,0.573363074941042,0.564789498632823,0.578303386123851,0.582602799180097,0.577700045988341,0.565302593001028,0.569131373489769,0.578952836155256,0.585303297068896,0.562941829439295,0.575873324992794,0.574456708009213,0.566808543693116,0.563503336034424,0.588466514611674,0.564674537753975,0.556759073690855,0.538384565137816,0.566650000846569,0.566871636373616,0.582842564192033,0.550774351938731
KEGG_MEDICUS_REFERENCE_OKAZAKI_FRAGMENT_MATURATION,0.606932702594463,0.571617271117899,0.589934220532183,0.60622974800101,0.60034453902972,0.556000140900304,0.55800750276783,0.606502223119145,0.54302783914976,0.609410862400823,0.589678135009864,0.625691599945458,0.581352287644864,0.571236409783888,0.569636339627761,0.597603943193263,0.568828408647974,0.612332386729823,0.606178260043073,0.564516410123402,0.608724082327269,0.610229612591079,0.613993889992208,0.567659946269027,0.577878577848931,0.663633254700984,0.570550423149899,0.568767318774454,0.626147987980171,0.598862100684145,0.619026291292882,0.587908568609429,0.554496808856379,0.565078879611088,0.61162459696428,0.567325462709698
KEGG_MEDICUS_REFERENCE_ORGANIZATION_OF_THE_INNER_KINETOCHORE,0.454934438989338,0.369867161495656,0.4767758536785,0.501333294980892,0.492366026777795,0.412341994330528,0.418821496511979,0.437748752182145,0.413029563936513,0.545764870117079,0.432637786982735,0.528972409192017,0.420086049125447,0.326640354020226,0.460260453068672,0.468272255172055,0.416699164236255,0.452875524470605,0.471830517141102,0.368323327523681,0.532703798228576,0.52167663123893,0.516269864696466,0.414902940296735,0.386072077330043,0.582761602217456,0.412337035245472,0.405686596822095,0.440529209907424,0.504805902698876,0.545178172933992,0.423303140799629,0.374330982261139,0.426096632719578,0.450859419562642,0.436344677679784
KEGG_MEDICUS_REFERENCE_ORGANIZATION_OF_THE_OUTER_KINETOCHORE,0.541935776682949,0.450937759561041,0.568373732929346,0.578025378105016,0.580708401064605,0.475188868563321,0.461240535458963,0.520890414023196,0.481367792489087,0.625218435364656,0.512964455048889,0.625087733368747,0.508603717371717,0.345299127003607,0.525099461092798,0.589881813640411,0.476984738646411,0.522201737158547,0.574227601570839,0.450616779619053,0.603771514080516,0.601800240946678,0.613265042410554,0.504025032797229,0.457035203425075,0.653811777652195,0.486449659410293,0.480474218782648,0.53076961994209,0.56223935658569,0.619508542735207,0.529863057395669,0.453542713644498,0.492979156025964,0.560034255422231,0.497379398055067
KEGG_MEDICUS_REFERENCE_ORIGIN_UNWINDING_AND_ELONGATION,0.565916849491924,0.50324908607136,0.540952981132515,0.587228000573331,0.594671237329951,0.517226317705737,0.529623165438586,0.550130962639625,0.501429241610276,0.623725050058694,0.534210962955887,0.608578617897553,0.519069650835303,0.469219894209365,0.550700711943926,0.58278255657584,0.533015764060694,0.544423374902604,0.562937790139574,0.519865268004837,0.619271140676416,0.601235721857375,0.586711572963396,0.525362711200098,0.513480953905777,0.661431672123548,0.531092635039763,0.491316780826962,0.576102272816688,0.60314432914677,0.598436245658661,0.569594171073538,0.511006156654453,0.546996206687784,0.581339524311395,0.530425105427429
KEGG_MEDICUS_REFERENCE_P15_CELL_CYCLE_G1_S,0.611285989997243,0.60116347171266,0.661679915932954,0.624597768666902,0.647117507268435,0.594617151109867,0.601477737118077,0.588133291041441,0.603201047397362,0.684045013998481,0.635013212111355,0.627278717735102,0.657108255503342,0.601917092485152,0.61495556515494,0.608314449530146,0.610720838658288,0.649753558836364,0.616559864397272,0.577873900146895,0.690413187530662,0.651124760921983,0.646889344567617,0.599960838063188,0.584862803924774,0.680604729729497,0.632671990515301,0.583821388587572,0.63777463907368,0.675698384939406,0.647959377782881,0.621724144462181,0.600345325162122,0.578165240122998,0.624989686609311,0.62937670681309
KEGG_MEDICUS_REFERENCE_P16_CELL_CYCLE_G1_S,0.611943906287539,0.576209832064272,0.647491099216028,0.618077986435395,0.639753643141313,0.608735014435402,0.607678894103944,0.55836924662896,0.60312017034481,0.676284446039036,0.640949499227948,0.653439451130223,0.647268885046662,0.571152662079032,0.608156241470808,0.558662230655564,0.619109295182463,0.61681360380084,0.604123639402868,0.575631396045504,0.68711343205062,0.635755708893171,0.631352091478243,0.595602802430088,0.568827131621263,0.677701606084263,0.618667732269201,0.56967468672279,0.620481702488794,0.651616179420485,0.64089508616781,0.590005503568699,0.595963271795222,0.569543418844984,0.610969264720566,0.611685240211602
KEGG_MEDICUS_REFERENCE_P27_CELL_CYCLE_G1_S,0.547814351663565,0.49188221734535,0.583874994096959,0.591158619582088,0.541697630315092,0.51389214976339,0.497917836965561,0.544193477274235,0.512752578075875,0.614139358306518,0.51861866440594,0.577774967863144,0.527364685911977,0.469658199457028,0.55629357464298,0.575496027654292,0.531712742553286,0.540571600862584,0.558533140361979,0.505652893181478,0.598243545037674,0.593032924667862,0.57082907093009,0.544111043542579,0.504278524896682,0.631478376011995,0.501545871744083,0.511335146501601,0.548738755682262,0.569683879374875,0.609491496769547,0.558642194893316,0.503121638515919,0.518522484476367,0.557254394875297,0.56083347580404
KEGG_MEDICUS_REFERENCE_P300_P21_CELL_CYCLE_G1_S,0.62256767557042,0.605298017102034,0.630403825557421,0.616843998023783,0.638196445977203,0.610310920240276,0.599853565791475,0.591837105702393,0.595353616860738,0.654147302845935,0.616806896014066,0.623869625788482,0.62054077580248,0.571279957554359,0.610773057903615,0.610352676991284,0.61821524434149,0.621732461263804,0.606786676883367,0.574741043864223,0.654950812358757,0.638802096997808,0.618387828956363,0.608301787499479,0.593146955987135,0.674647213803099,0.633727557252566,0.595028537617251,0.634938141865404,0.655962144156966,0.646829629191525,0.626091602056332,0.602974329343965,0.597808513379614,0.630893269202119,0.622127782779918
KEGG_MEDICUS_REFERENCE_P4_PR_PI3K_SIGNALING_PATHWAY,0.540800515771986,0.530557115618133,0.506229666017598,0.475623770463504,0.546494281715595,0.481771349828783,0.549834670495097,0.486498911450541,0.514572471838546,0.523481900120199,0.522406369125381,0.483040284470392,0.518681541631304,0.524724120709882,0.532445033056629,0.504468215283416,0.544299837886344,0.51761570168796,0.498167937981928,0.529315129318064,0.54187890435359,0.539741401461687,0.50399090786905,0.481814411133093,0.531008152637963,0.490279129483566,0.531668098408424,0.525664319661754,0.543379497408848,0.54391787133958,0.563945540187282,0.534233752817676,0.535762850475121,0.546451923494627,0.520604200760428,0.54073698700896
KEGG_MEDICUS_REFERENCE_P4_PR_RAS_ERK_SIGNALING_PATHWAY,0.642355762386044,0.639079867245017,0.612685394202648,0.611691476051228,0.649109033454502,0.614542663770024,0.651072557936256,0.613229972065553,0.624746052958335,0.645285777544711,0.629801268597109,0.60049057346576,0.626764923991687,0.6257284452835,0.643014801101498,0.630160104064447,0.631427208266715,0.62008373215985,0.617757596520915,0.623582098642603,0.648683900631715,0.644835601532936,0.635839296741287,0.621139238413896,0.626110171019447,0.60693969923002,0.629373035733798,0.624746556856028,0.613699109024099,0.646954143789116,0.641848548625598,0.621922741182434,0.632839886652805,0.638332964530604,0.623332584538538,0.645561811071821
KEGG_MEDICUS_REFERENCE_PDGF_PDGFR_PI3K_SIGNALING_PATHWAY,0.613676102782435,0.592910790378585,0.607529169562551,0.559029942136259,0.646854651993471,0.61668195717552,0.571318247315661,0.571866556025022,0.575715742671829,0.588951091029707,0.610532922095727,0.575532820983908,0.584101169202375,0.609931818388992,0.610632161405015,0.598562386113385,0.605483367364004,0.595163924421171,0.566389430441561,0.563650326969559,0.629950911391902,0.604451254508417,0.591240103530091,0.608496386588785,0.587835689592303,0.581947403917837,0.623902901746735,0.590205754575284,0.595932214711041,0.630759907398462,0.612666008987921,0.60335867227896,0.617485975514482,0.592215723884137,0.5971288930691,0.603334501067037
KEGG_MEDICUS_REFERENCE_PDGF_PDGFR_PLCG_CAMK_SIGNALING_PATHWAY,0.614987227131332,0.582737656531011,0.619575448051225,0.565015283890899,0.609772658470632,0.609227062936577,0.600170535479871,0.57044460098216,0.560435847973045,0.575885567051655,0.610651361874956,0.551838994548756,0.614528092041943,0.589278137924633,0.612693092342273,0.556693862072285,0.638279871631917,0.60382236443154,0.58543918879072,0.625629589725431,0.580460122227073,0.570612217137897,0.553938816488053,0.644932148224725,0.619045697607942,0.512802902738982,0.579169129488328,0.615576832717593,0.575194749214171,0.628249198482318,0.59768764684678,0.570693863109543,0.632497078481622,0.610031236565204,0.599749559272287,0.591978417565644
KEGG_MEDICUS_REFERENCE_PDGF_PDGFR_RAS_ERK_SIGNALING_PATHWAY,0.668922664550924,0.657277162745693,0.660501045338836,0.631223597174153,0.695636830781823,0.674412853583373,0.644655514353508,0.641287918403033,0.646539675379332,0.666457686386721,0.665204605232614,0.630313103697387,0.644246795503067,0.667058289976886,0.678943124099334,0.662211195967884,0.660575608053709,0.650448019653945,0.632961059444711,0.624757345985728,0.683233928211015,0.670522021706954,0.661060095911648,0.676607035019714,0.648402276532813,0.625880705860337,0.666495469982286,0.645914018675991,0.632909921426263,0.686170522058024,0.657935030414874,0.649464911109545,0.667143545266502,0.655135120339086,0.650320226655947,0.665112055577069
KEGG_MEDICUS_REFERENCE_PDL_PD1_SHP_PI3K_SIGNALING_PATHWAY,0.486035395211917,0.581406612944946,0.498572357445297,0.481024396099636,0.487254276386216,0.53408429615856,0.517029936728616,0.496572632436681,0.590141453343013,0.512407750529389,0.531715933088027,0.515814739134567,0.52310540941449,0.546993210251695,0.535558133726869,0.453625229991834,0.572938527247941,0.518218140138069,0.541629457773959,0.517129578228545,0.500065741438435,0.554133482036931,0.430555441210611,0.500047621846683,0.50849495988806,0.450559976017918,0.489247632474271,0.516068188035964,0.639597545094272,0.543206109447065,0.492561274099752,0.480427265720167,0.549700777241139,0.515445582530857,0.490646590886045,0.539584058168798
KEGG_MEDICUS_REFERENCE_PINK_PARKIN_MEDIATED_AUTOPHAGOSOME_FORMATION,0.620425975842187,0.646602080225844,0.656752449297255,0.65359487706965,0.630855605700713,0.652873556607732,0.652399494455019,0.640125161356432,0.65731003783522,0.642102326105799,0.637032626836642,0.629529286300525,0.632615334999789,0.656832728463323,0.659572975282768,0.590689565637317,0.645258060206532,0.650185527891963,0.644891269982619,0.652427169560954,0.632385602331225,0.641535790385694,0.645908132610555,0.631127137925129,0.652158500188965,0.569278643767767,0.638797491901767,0.640523802994492,0.632550677158618,0.609053550715875,0.640941593282085,0.620911768248699,0.639976300803015,0.653512023520707,0.622221302618173,0.639166212891731
KEGG_MEDICUS_REFERENCE_PKA_HOLOENZYME,0.601413080509808,0.549973689879999,0.606939244223889,0.565468672264556,0.57416111482563,0.610621676120331,0.573921250226802,0.54803690557632,0.541544609831933,0.578831196826483,0.553704743306191,0.529094146886627,0.550170520108605,0.545127547134887,0.557484696493536,0.528787687834807,0.556238062422139,0.585521755295503,0.579784445968435,0.568253561270963,0.616364057432787,0.599832606718996,0.558271503069109,0.610615646555079,0.563870487835066,0.546258355387731,0.546135179638325,0.554444044806567,0.500119487205695,0.617535584120609,0.591710946731982,0.595005719995366,0.545858705263846,0.575329891083869,0.540721037065258,0.57837961318714
KEGG_MEDICUS_REFERENCE_PKR_EIF2ALPHA_SIGNALING_PATHWAY,0.623432714880112,0.638988773236755,0.637378743803516,0.636630845282055,0.67268047822793,0.643352840113955,0.63109528221089,0.654398932763321,0.645105630831974,0.660743707379649,0.648721617071333,0.653293435438609,0.639147812896158,0.645611482217959,0.650236833894006,0.654662154372208,0.641191973349031,0.640562665487003,0.645768463069618,0.633760143374131,0.662554980529793,0.653321349205935,0.640806977178348,0.63963802173686,0.631098490986827,0.650875324059839,0.626076316365796,0.618467022044296,0.649069444792611,0.664616962476625,0.646655547382834,0.650927982926763,0.63210922710926,0.648036049353754,0.656859812003957,0.647139656167056
KEGG_MEDICUS_REFERENCE_PLASMIN_MEDIATED_ACTIVATION_OF_LATENT_TGF_BETA,0.567611799695655,0.619040949922614,0.597049691709153,0.560508939428338,0.605907638719692,0.604942890642395,0.509125516360198,0.586590150951984,0.58588698063396,0.569248900717689,0.587032865277158,0.526707430699919,0.562642619075648,0.56400421770759,0.59748962720289,0.542685385731494,0.59787628687444,0.595269667570754,0.572286239925828,0.546582032255776,0.571775038707264,0.608159910357501,0.561410521040329,0.586124002793477,0.56317440897703,0.465262472216686,0.583481692263991,0.541827802356342,0.614519323089166,0.552561132605141,0.512286267937223,0.562806738016553,0.59001716202471,0.582920441801538,0.524703739885854,0.558191697917029
KEGG_MEDICUS_REFERENCE_PP2A_AKT_SIGNALING_PATHWAY,0.618845357012561,0.594626864988418,0.616294698623354,0.640823885868755,0.60079942403922,0.586701734302837,0.647767489421246,0.610579103571928,0.5870958679339,0.601409745693006,0.601109594757856,0.578740688080757,0.594604789252913,0.604505415843504,0.610675102643715,0.614731802010142,0.604337218310818,0.586824254374032,0.596974869386968,0.615674729521974,0.594687386939424,0.611402663847885,0.588740480057813,0.619159644744747,0.628220363452111,0.598647194300062,0.59044074408308,0.622044401923369,0.570638556397609,0.604613310102243,0.620230583487782,0.620751286190864,0.610841267568266,0.626738578724787,0.63772905218933,0.617623979094379
KEGG_MEDICUS_REFERENCE_PRE_IC_FORMATION,0.53555335177463,0.465143932526347,0.494155156988343,0.55570813199724,0.577797910358682,0.473990238849058,0.476296152035253,0.515809678954785,0.451724491049859,0.596034208702408,0.508358053628688,0.572899280913687,0.489908516990548,0.415688835167994,0.509325303468541,0.569125769363922,0.490139839328383,0.507903582690872,0.54509360779779,0.477279278416744,0.601310638770467,0.56397846710865,0.569036941367422,0.497688513932336,0.471380550985821,0.642301824730782,0.51260075382969,0.467217831572727,0.53682982819274,0.572623045068166,0.573960352014233,0.524561996776323,0.473176800418077,0.494442091509793,0.547475722768501,0.506178618861063
KEGG_MEDICUS_REFERENCE_PRL_JAK_STAT_SIGNALING_PATHWAY,0.347843698442436,0.400969518042752,0.351257398545004,0.279303503294041,0.341162435864773,0.409465046034535,0.381074405834165,0.353958476851885,0.420269991628198,0.33834920020594,0.336990592432305,0.369387421471881,0.379098875363376,0.426163324492229,0.366326001115975,0.364467666673757,0.382399259740139,0.364972517342443,0.341507996024437,0.391203569791324,0.338743601083471,0.363528155167221,0.325369175821849,0.367130623872241,0.34860970274344,0.338678999805015,0.492170252361957,0.363980772698413,0.399663405639966,0.371779574261745,0.349080988928298,0.316387970783059,0.388992878066011,0.372218291795776,0.32221586903931,0.383806780103872
KEGG_MEDICUS_REFERENCE_PRNP_PI3K_NOX2_SIGNALING_PATHWAY,0.579573428987237,0.620096916862022,0.5851386298491,0.556554234469726,0.573591814603274,0.568479763891562,0.556753694734709,0.553390157336168,0.591085490127424,0.563860965886616,0.585587823634646,0.578257956799088,0.556138929325957,0.599780893746528,0.597530297809926,0.530986206804079,0.618008150551146,0.606970808660721,0.559259725259211,0.555997237113601,0.589740466932965,0.616974410258472,0.531213612285405,0.594475532642882,0.5536781183948,0.469026112496111,0.571991215818206,0.574247589269601,0.601815292783858,0.579346774670639,0.537257127870258,0.54192993836258,0.579939753211786,0.561435852060448,0.544263344826867,0.552942265266353
KEGG_MEDICUS_REFERENCE_PROK_PRKR_GI_ERK_SIGNALING_PATHWAY,0.387634713155404,0.411705058229224,0.446001638749461,0.401776561198001,0.393537645639965,0.418845117760291,0.408957235000026,0.435152208936805,0.390341026538393,0.396398052486542,0.4659858880322,0.35451785080854,0.395542075282724,0.408038505174609,0.40807703934671,0.410509394248326,0.386154695776897,0.383571946098699,0.36350149487889,0.392633610127362,0.472426766776849,0.411479298530713,0.402552657076428,0.387288914755716,0.3996108840803,0.35542482032339,0.387402597330285,0.390637896861691,0.432522707054643,0.384579312469594,0.364424581334701,0.431159554642952,0.399701157386791,0.492757429209575,0.401048482604249,0.406935922247579
KEGG_MEDICUS_REFERENCE_PROMOTION_OF_MICROTUBULE_GROWTH,0.545111597253605,0.549021306628206,0.544323021998666,0.550731646772528,0.567456699979412,0.540048212650938,0.557794040349344,0.52531546762066,0.541205997786295,0.568939062444529,0.563154432171341,0.535802859504184,0.541930089805087,0.529586925650287,0.552787556992476,0.547999647342573,0.514763246909901,0.523229336325639,0.530014065708687,0.541007053818221,0.544181019576156,0.575209018167978,0.527460047471962,0.543796791257773,0.542820341414815,0.543812109150561,0.530758748399844,0.531513145034314,0.522788192434895,0.545341291111365,0.588380120143504,0.542110863553327,0.542201942378092,0.524262231926436,0.54368808699086,0.529304583019265
KEGG_MEDICUS_REFERENCE_PTH_PTH1R_PKA_SIGNALING_PATHWAY,0.49614229449853,0.461391125297145,0.466263306695663,0.448684490133472,0.471371337244412,0.438779984858161,0.429684635874403,0.485290974985046,0.415551494533507,0.428623517287385,0.438975302339813,0.440185877986379,0.455367803432989,0.481021491490278,0.456726482321894,0.413330594483576,0.413882439302939,0.47542839837103,0.482143865665568,0.456732254970591,0.439673557731417,0.478862115179943,0.467148844433337,0.490673013253046,0.496183900170499,0.459219074035424,0.48399874942073,0.478338184485721,0.434214180766855,0.453820999710562,0.468404703469364,0.515698492625207,0.505271031251632,0.489211077168956,0.492496254190966,0.477133956910838
KEGG_MEDICUS_REFERENCE_PURINE_SALVAGE_PATHWAY_ADENINE_TO_AMP,0.424793609217625,0.415561946680072,0.433427920648333,0.46776673937801,0.380901667185814,0.425712224848139,0.503455055080351,0.409239994644061,0.404284415540466,0.381356396480406,0.405508687349727,0.377909866533413,0.44507941349101,0.415615037739944,0.434599872415328,0.392390476006858,0.407158788068937,0.410711462050444,0.411410894264724,0.469666302152767,0.421289977380709,0.414856067386345,0.39231580897209,0.416520146183889,0.444202892345641,0.367143692063571,0.386276584158146,0.441917112518683,0.405762599858585,0.421461278825521,0.407609494083506,0.418401570377762,0.415930169576227,0.445763738189603,0.436282452167199,0.427873428933464
KEGG_MEDICUS_REFERENCE_PURINE_SALVAGE_PATHWAY_HYPOXANTHINE_GUANINE_TO_IMP_GMP,0.411667776924935,0.411251057406097,0.424323310339568,0.449463816193407,0.378980298495847,0.406347577035596,0.493694254372197,0.394967860612377,0.405266856983005,0.377655341378558,0.398843659407481,0.373583689193716,0.433913021629157,0.401769298516874,0.433488526532386,0.37882477787761,0.404426276539696,0.401960923999925,0.396125060610401,0.462377638964478,0.414748045051993,0.409417329799543,0.381266053587579,0.409420165742315,0.424230992518364,0.359436189413027,0.36687995292045,0.426656825786364,0.399412604127036,0.413929178861972,0.422202155530512,0.387414499356766,0.40447995614145,0.434571500730234,0.413197799274381,0.412664801284954
KEGG_MEDICUS_REFERENCE_PYRIN_INFLAMMASOME_SIGNALING_PATHWAY,0.458802137936579,0.574380859902646,0.545742708618605,0.456773560446421,0.365637328120331,0.525603744704715,0.454816749176914,0.423141033495058,0.540275217501544,0.404938646633758,0.519378913864135,0.469735736876178,0.512028955891985,0.581173962718134,0.474230888682257,0.201544748156108,0.536118341689163,0.486194504027605,0.498240965992568,0.512215659750337,0.342109469455793,0.574539016014722,0.386456972122466,0.526058460970979,0.496870705148037,0.204010706872371,0.430179684833954,0.509951639592299,0.623892066219473,0.52625346999522,0.340062908981006,0.444588357111507,0.541647270833879,0.530334005620158,0.385001148833179,0.36433042834157
KEGG_MEDICUS_REFERENCE_RAB7_REGULATED_MICROTUBULE_MINUS_END_DIRECTED_TRANSPORT,0.594336475700195,0.595728637304508,0.598115230473504,0.611670511581872,0.594381742536032,0.593950872885048,0.614267017867669,0.592454263098987,0.595161938658858,0.603191899713656,0.603959601150718,0.596028808819522,0.595821518362401,0.594314446310113,0.599720714085795,0.590073336852341,0.58713906239864,0.581192183543693,0.590371520870769,0.607167746877755,0.585531542743719,0.611319296898915,0.577767844251282,0.598304156726358,0.606543836378079,0.57461159251439,0.580563423212221,0.592458436952032,0.574831175110301,0.580477995396421,0.611733701910633,0.596988306813482,0.600168100781344,0.603865985185004,0.598117696446904,0.59532917024081
KEGG_MEDICUS_REFERENCE_RAC_CDC42_PAK_ERK_SIGNALING_PATHWAY,0.689476217096585,0.690037999835235,0.670992944225258,0.680105754675016,0.696550935518021,0.686660723499614,0.683168970312218,0.683177529057449,0.673050033366782,0.698376351880637,0.68910063625069,0.676006406794226,0.673515496584136,0.68543816051959,0.685750481670578,0.674707334369662,0.683477104950318,0.684780397442333,0.680298056505008,0.667567974498336,0.708239617610497,0.692800314242543,0.679072409945033,0.685365325367984,0.679460978067411,0.67650637908971,0.692849928376158,0.677975006434494,0.688491240264835,0.705214222059421,0.696910533004498,0.675365745310979,0.697375659716357,0.680425456036228,0.683235018423645,0.693192046537625
KEGG_MEDICUS_REFERENCE_RAD51_DSDNA_DESTABILIZATION,0.450622547146959,0.421165726269184,0.428896223297766,0.447375697987071,0.477799581074123,0.441125098628054,0.438888346315462,0.42876167564965,0.406410492013406,0.480041230202013,0.433900209104252,0.498467384808788,0.419789399161011,0.383568185992014,0.463328791681539,0.440787966080946,0.438492563116848,0.450958307630629,0.444674422954512,0.414547873374816,0.481555677534396,0.483296487446922,0.467409852670614,0.440150463412056,0.407795278219086,0.499265214764106,0.440171537430578,0.386748205160244,0.473697687536111,0.486735403367234,0.503056774232121,0.443412176647276,0.435842173429756,0.446541905074383,0.458200432616116,0.443796546723768
KEGG_MEDICUS_REFERENCE_RECRUITMENT_AND_FORMATION_OF_THE_MCC,0.544845932656839,0.415733248951399,0.57542417884294,0.555023384554178,0.562926044538248,0.461293350670666,0.425532705890985,0.504553448827273,0.435889980336548,0.647388475388858,0.495325460248649,0.602784139749534,0.476513785693113,0.304816284779261,0.524365704883936,0.582509582825776,0.452879016640077,0.507917855971109,0.565821842604077,0.386092937917813,0.612685065266214,0.62559273769778,0.610264088051201,0.485438684168432,0.426119132239869,0.680448007966994,0.486043070466334,0.441403096267483,0.51166946199591,0.559948619197152,0.654828884958986,0.520049903339744,0.426021688276571,0.468960093290248,0.55403974312457,0.486795830307819
KEGG_MEDICUS_REFERENCE_REGULATION_OF_COMPLEMENT_CASCADE_CFHR,0.171270906967866,0.165958549281775,0.236205606676057,0.165552573850772,0.120795700295076,0.204508162517674,0.201610370937737,0.153912305618923,0.232383938698593,0.144559711133481,0.146559410376927,0.100497639552781,0.231259928962705,0.15876521105725,0.238239184366162,0.106420743671924,0.181848352496689,0.205094158293965,0.0648016555776091,0.218009115552931,0.151029945606944,0.163094143553028,0.0904912730449834,0.210241393006687,0.0949214813294614,0.0536912399458601,0.159155821575355,0.140320497349862,0.118570836257268,0.142118427397935,0.141117053553436,-0.0112582453462974,0.0313514039170851,0.112852069584864,0.0767362773816612,0.136650221561388
KEGG_MEDICUS_REFERENCE_REGULATION_OF_COMPLEMENT_CASCADE_MAC_INHIBITION,0.264059949987835,0.322399643567443,0.297843699146556,0.289746684058219,0.264446082553469,0.290063149815913,0.312322344314763,0.325484460339293,0.371930860197466,0.275302047909772,0.283919591876362,0.271217153107642,0.331043100024532,0.380494379847257,0.310881592457233,0.237169187827354,0.255906577688843,0.283105743135539,0.236185237816178,0.320356741927492,0.240207508791442,0.263068399978947,0.233738710337484,0.313842748403238,0.308226470510235,0.236276795953598,0.276403705089096,0.318300219916727,0.309144742763648,0.200344127706775,0.223255415312139,0.226414104710398,0.289277894803065,0.285722348454733,0.242137970745012,0.307238524940152
KEGG_MEDICUS_REFERENCE_REGULATION_OF_EXTRINSIC_APOPTOTIC_PATHWAY_XIAP,0.466006562346516,0.518048368774584,0.491154332021544,0.465404775831471,0.473825579746813,0.479238645651499,0.451771045912164,0.452368477736641,0.535991529832203,0.463320794682875,0.491579156627338,0.460684928155446,0.451167610580428,0.489868039270492,0.497610878582724,0.410929870639119,0.506993696411372,0.503590809079381,0.458145506751911,0.470782064071144,0.469692263859814,0.499420328169936,0.441111658788934,0.45835884749083,0.451972301245925,0.39467453917812,0.454065052647985,0.455828429411862,0.57272692911331,0.507575352202066,0.428916508947522,0.445365401420791,0.490733253866869,0.487084123950631,0.446231309526202,0.477621855978034
KEGG_MEDICUS_REFERENCE_REGULATION_OF_FIBRINOLYTIC_SYSTEM_C1INH,0.589461997758502,0.628919526833397,0.595912591894007,0.505423929350681,0.591655562529277,0.637817303461659,0.510153962522697,0.606668334711053,0.612353837823438,0.615576933102518,0.643372242934002,0.572143587389123,0.582193933952249,0.610414969974352,0.639139685570644,0.486462870828142,0.64446323839185,0.638053463144121,0.59844590197128,0.549347563939701,0.61541667883424,0.638262500955412,0.6072137303866,0.651036494399768,0.597451801751009,0.474579737985204,0.633195625869463,0.589797424909242,0.62974434788179,0.573000647939792,0.491282763764265,0.553097354718938,0.652595506821869,0.6283203163195,0.473560157054918,0.626619243573669
KEGG_MEDICUS_REFERENCE_REGULATION_OF_FIBRINOLYTIC_SYSTEM_PAI,0.488736929279433,0.594226628160638,0.487094412715916,0.237072693358965,0.473373145892147,0.500788586244863,0.198778627497069,0.422236792114598,0.469509538050805,0.530755383025126,0.599983110463563,0.427524288755587,0.438958259126435,0.508542580145809,0.578205387554882,0.378958255573647,0.603625988524249,0.616866852956929,0.416851948354276,0.34851396519289,0.568442419948314,0.51127462764944,0.525374782723507,0.474063989413749,0.352619520655184,0.338663839621538,0.475636725095443,0.352336146722035,0.52011967439279,0.487799100992683,0.530734167160844,0.321565204049236,0.489305581571471,0.340570459061529,0.330992547411937,0.442774666060598
KEGG_MEDICUS_REFERENCE_REGULATION_OF_GF_RTK_RAS_ERK_SIGNALING_MRAS_SHOC2_PP1_HOLOPHOSPHATASE,0.673495696917359,0.681506021637997,0.673182067213217,0.674676749830631,0.681135010728412,0.679320819330407,0.679502573579786,0.667352013682413,0.679402698501838,0.664550283083852,0.679737902792488,0.653693524167462,0.668835916107256,0.671169650331624,0.679315768484224,0.647283525502611,0.673488494952771,0.674850488225462,0.660026279935137,0.663306730715241,0.684843856535646,0.670515673509351,0.66201168667243,0.680641367539803,0.667059116029271,0.661295563058836,0.674578048447881,0.673251427780197,0.663407034529934,0.685963788142538,0.684225590137212,0.662828086304612,0.674709189813838,0.677522735826558,0.657700644463302,0.684805984578957
KEGG_MEDICUS_REFERENCE_REGULATION_OF_GF_RTK_RAS_ERK_SIGNALING_PATHWAY_ADAPTOR_PROTEINS,0.661765788450715,0.633672808032457,0.64205815223949,0.643272113647706,0.65819548327901,0.644480728143062,0.654199703231337,0.612151040335769,0.6232856028685,0.660756005715947,0.652275168001607,0.615366698491649,0.634511443406328,0.631594944121195,0.664309507222404,0.609986920182527,0.642730138482666,0.630463554721303,0.587649007532527,0.64825228811338,0.654251418690983,0.650436397492564,0.637099287376037,0.643204795773733,0.613241291568189,0.576193655365799,0.641113065339107,0.634289471541666,0.613053687858835,0.659906164239235,0.644215344307271,0.614107343888194,0.641323549612187,0.621759100711644,0.627125490689714,0.657519010204778
KEGG_MEDICUS_REFERENCE_REGULATION_OF_GF_RTK_RAS_ERK_SIGNALING_PTP,0.547312722092813,0.570767724688103,0.539914289546697,0.46415018739739,0.533531013313688,0.562035152894646,0.507975507396967,0.536881211731021,0.50137611817794,0.540744740327467,0.582177876710747,0.511484872650816,0.544396463727236,0.557506167156505,0.558675241563443,0.523563301193278,0.582268540080014,0.530276606095138,0.522561408941336,0.534207247883192,0.563565929063579,0.539098422463013,0.519742107249627,0.560998614208926,0.532952030319168,0.517654446123971,0.536644446945075,0.513861886316712,0.578445823578243,0.565314791565859,0.61437674899698,0.532680932655407,0.564419267435529,0.515578868119567,0.55188386320538,0.591795466552513
KEGG_MEDICUS_REFERENCE_REGULATION_OF_GF_RTK_RAS_ERK_SIGNALING_RASGAP,0.546631107669998,0.543696820284588,0.532360056469864,0.527818294350211,0.517715923078627,0.556447252241516,0.538053259137628,0.546056424132716,0.547309362523665,0.5341968908252,0.518438806319106,0.525403755457017,0.464175640972423,0.512332628439427,0.542571207425842,0.575564398173885,0.543741424231181,0.487534922303368,0.533759832429889,0.57949954374007,0.515118011275584,0.528652997487917,0.563366771818375,0.554354483100545,0.544907865265427,0.514329780944384,0.508072874552456,0.475665631622935,0.504953055994438,0.578701596691289,0.556366330950244,0.510233812394353,0.523471296887453,0.572619280748957,0.515186659341627,0.494368821440752
KEGG_MEDICUS_REFERENCE_REGULATION_OF_GF_RTK_RAS_ERK_SIGNALING_RAS_UBIQUITINATION_BY_CUL3_COMPLEX,0.642066613206996,0.664835861809303,0.65071501521736,0.649599869615775,0.65019508982834,0.649719831888757,0.652029129179816,0.66062648522201,0.647193447761282,0.651290657741337,0.644139389072331,0.652111311781198,0.638311959294396,0.635131247407272,0.649323150624248,0.659617767254393,0.652244380539592,0.64294118587346,0.631869393669559,0.649406629549588,0.653432603241562,0.653422960494476,0.678998457922782,0.657288435525035,0.641403780933082,0.617149249529886,0.636350258503292,0.643219009671856,0.610391241805744,0.66430346529805,0.673319034974405,0.632304897226597,0.640614263442508,0.65889997102554,0.642952808640515,0.654456065165104
KEGG_MEDICUS_REFERENCE_REGULATION_OF_GF_RTK_RAS_ERK_SIGNALING_SPRED_AND_NF1,0.671753548217336,0.658911993806252,0.670330764630457,0.642380101640387,0.656272217302494,0.660378440958734,0.653545684545887,0.619526563498381,0.647450000927959,0.663389901322675,0.63742555883671,0.638114159581654,0.631985955879367,0.609174009803926,0.670087448771686,0.630918764075607,0.650504863703094,0.620168335584181,0.60190925342276,0.629779841408456,0.636948236504826,0.662622973507727,0.660199658651612,0.671602561269395,0.599684788257109,0.599821846081132,0.626485035768861,0.620154456369042,0.595130989995038,0.67985194014828,0.671174750468573,0.607231475078913,0.627385260174989,0.637763231866839,0.616076800941035,0.660808457743933
KEGG_MEDICUS_REFERENCE_REGULATION_OF_GF_RTK_RAS_ERK_SIGNALING_UBIQUITINATION_OF_RTK_BY_CBL,0.53260010327765,0.500811865149592,0.514727350264994,0.462607676941968,0.547122217872078,0.561700852925015,0.424450622849371,0.505852246330737,0.495210037217399,0.488010256176901,0.520996908042639,0.474385204546593,0.484763374242518,0.546084405097879,0.544667054843994,0.538098108886638,0.511161609873496,0.511152861982804,0.47911720976635,0.45383134954508,0.508068373193742,0.53011453201036,0.507745592349417,0.567127291895421,0.503094930006361,0.44671633731455,0.561490952469515,0.505321974285183,0.507151160942711,0.539921722458489,0.503347285380988,0.499197442603406,0.545291649128141,0.513666056418722,0.53895422911281,0.527143722556203
KEGG_MEDICUS_REFERENCE_REGULATION_OF_NLRP3_INFLAMMASOME_SIGNALING_PATHWAY_NLRP3_INHIBITION,0.402340766410401,0.479336772803423,0.440978694160513,0.373817872374784,0.378098092411544,0.357505291873431,0.405131907742941,0.415678009810168,0.511632573269649,0.37764915374777,0.44055005719813,0.43013790887144,0.381142756742079,0.496060255654348,0.408243549181057,0.311088542751898,0.472887502184503,0.465950824348761,0.427332076112074,0.463260473117738,0.379747755260629,0.441135273880725,0.372025868821462,0.434108572502433,0.402562215080923,0.238939251439785,0.353414699135146,0.417350245552507,0.501928246576386,0.442037149622035,0.377785815451587,0.395067465589775,0.404041227043544,0.401445662610041,0.405571860234512,0.399850957000877
KEGG_MEDICUS_REFERENCE_REGULATION_OF_SERCA,0.377002780214969,0.448111443778187,0.480547942700863,0.42728666063731,0.480213103773407,0.470691430816409,0.28404698794318,0.506473058905477,0.533817774026382,0.486943801832646,0.482468749056975,0.438310636708987,0.5115792259581,0.482480768925363,0.433039688776573,0.442346350741255,0.46495260398854,0.482735182665214,0.416247243525605,0.391075241718108,0.521465619678115,0.495501970142133,0.501108561190197,0.471969490680645,0.451472416108298,0.460755566321181,0.352230805673771,0.411896540066957,0.484485614297424,0.3906631595768,0.421076817404829,0.392978104770569,0.48257131019966,0.420085410560464,0.359024333669026,0.368359181337778
KEGG_MEDICUS_REFERENCE_REGULATION_OF_TNF_NFKB_SIGNALING_PATHWAY_LUBAC_MEDIATED_LINEAR_UBIQUITINATION,0.6147778664564,0.631790007685952,0.589153222003641,0.555753125166501,0.631633947608301,0.621652922685736,0.586541635810997,0.59316408199271,0.615492476018381,0.617000067154204,0.625613113359346,0.602511456514836,0.605374412518362,0.614319063670738,0.592913315733362,0.608852799787554,0.624156034507789,0.642590598340652,0.617779845471191,0.605317158568221,0.638168681681477,0.614529345032751,0.611435713213697,0.609429009162166,0.60797493610551,0.614042281538359,0.627864730661315,0.603566096998449,0.64320780662973,0.615345688654436,0.55616038021702,0.577704705757604,0.616633656187896,0.593995717760542,0.603843546861587,0.585117190120327
KEGG_MEDICUS_REFERENCE_RELN_VLDLR_PI3K_SIGNALING_PATHWAY,0.600925139279246,0.574556037852303,0.561176456289093,0.567888740594275,0.591551943109652,0.559144986018797,0.581216775054343,0.579755717760664,0.521891258303302,0.578493826047961,0.559406617391407,0.550913305927664,0.552996181207486,0.553449902737451,0.572914959111559,0.569927923539814,0.561693557096415,0.573058752337182,0.546648612645716,0.581125036984053,0.585265314034922,0.578110946500878,0.567277607454959,0.575296543509091,0.571095043667608,0.568930622302338,0.572186185408838,0.587762533053598,0.537088818110616,0.593967476456348,0.59387535340167,0.579789453797927,0.596131339671797,0.586583378294388,0.57984940092695,0.593566378116064
KEGG_MEDICUS_REFERENCE_RETROGRADE_AXONAL_TRANSPORT,0.459199717920054,0.449546278619639,0.432274308639118,0.473250989589178,0.455247313349473,0.44990231618604,0.44821663181309,0.465234351145035,0.455617087560732,0.456234434578524,0.457856410095056,0.458734855390265,0.441878306389067,0.45312447970222,0.429955363238964,0.519883406383957,0.430393615053893,0.424299740161699,0.460032575074306,0.438763126620691,0.452416414954759,0.461376387682645,0.45674053399377,0.442483084527941,0.453192942641443,0.42644181399584,0.452495783088417,0.43917835256911,0.430620745303559,0.445429797737797,0.467830069154294,0.483405112006485,0.458882827974136,0.450115729814531,0.462200794988589,0.441078813430577
KEGG_MEDICUS_REFERENCE_RIG_I_IRF7_3_SIGNALING_PATHWAY,0.0673761644631762,0.104998806463728,0.125514771016429,0.10980902855775,0.0695642319750756,0.0829863751437833,0.107313399557594,0.0657548117786853,0.105821511885059,0.0845242081861021,0.069126664593788,0.0931681892635191,0.113445719826199,0.0882368608698701,0.119830476080856,0.0787193408912273,0.110301857531977,0.0803544556804989,0.124713544399323,0.0951994178266931,0.153422496844711,0.0949335606437834,0.118430192308925,0.0878072094207861,0.0760236093144487,0.0692010857189157,0.0933773334910777,0.0916379212903759,0.0858524362251224,0.0792633702338385,0.0660315301230362,0.0512940206130869,0.0928188002521927,0.0733071103572907,0.0725191981709386,0.086799041272741
KEGG_MEDICUS_REFERENCE_RIG_I_NFKB_SIGNALING_PATHWAY,0.00526264338665089,0.0462195322408158,0.0674379419939714,0.0361047693271956,0.0108059212063214,0.0167309228478295,0.0523840452913534,0.00850930619709065,0.035669551889506,0.0213674212222969,0.00140295853046235,0.0237299437485969,0.0463098029393042,0.0286237258914974,0.060543330522781,0.0258425625778121,0.0651487322837794,0.0109902277708864,0.0660360834594265,0.0329030579672269,0.103148782481273,0.0428929741322419,0.0573365489338789,0.0289279957352053,0.0156932540469952,0.0335226496064237,0.0469972177536,0.0275731936631899,0.0475138894371535,0.0193383184142218,0.0118632831946475,0.0134498933479747,0.0496825289320021,0.0201572428121603,0.0415566355423961,0.0335849076447543
KEGG_MEDICUS_REFERENCE_RORA_MEDIATED_TRANSCRIPTION,0.250140758916903,0.393358018457731,0.435720738304299,0.356975355979639,0.377403921058266,0.420458501397067,0.341367002938606,0.390249454825121,0.237342643270892,0.411671021313232,0.363125483971031,0.433663294976375,0.249796980699864,0.395204770611113,0.41773950777669,0.403863754035966,0.396320082931642,0.377822494301685,0.373737037972818,0.263311991959335,0.423203059270408,0.396964255986526,0.300292936499906,0.405086779141634,0.426704179539621,0.364982330239421,0.38112372961541,0.411008756646557,0.214134932047408,0.420390588215015,0.423286613116197,0.406622290834243,0.430559768453051,0.408573417777449,0.396403783821513,0.466507330853743
KEGG_MEDICUS_REFERENCE_RTK_PLCG_ITPR_SIGNALING_PATHWAY,0.363578827902129,0.372668776244775,0.330885739953175,0.311473594543777,0.350288689131274,0.367239277889976,0.29062399094607,0.372447902556335,0.324064584312109,0.344772337592312,0.373402436914412,0.344941828518393,0.337697541566207,0.387135531446027,0.386705413046085,0.347658784209265,0.362238912773878,0.353415959422563,0.345219508989202,0.34623780516045,0.350214344764174,0.347637271030877,0.373358071825544,0.387027584656632,0.365093192991691,0.303854577616362,0.422462109294752,0.364613801735823,0.349198943284225,0.341820413816167,0.348030090516276,0.320329308702287,0.389720625629481,0.34382893223426,0.338413707683884,0.347185801124381
KEGG_MEDICUS_REFERENCE_SEROTONIN_METABOLISM,0.367118616579758,0.261029685223971,0.328461329816164,0.361264138429309,0.257793615389297,0.291056750531537,0.355931790257455,0.281030706899616,0.299830737381638,0.36582679931101,0.273173483754528,0.202866694598511,0.302661415746303,0.289638626046587,0.393387244282727,0.278359960431622,0.294452959499071,0.267646081379714,0.312052403244817,0.289855804161639,0.263643314052917,0.376071937932871,0.295385668095142,0.366552454437216,0.362035653690502,0.216800407673534,0.269678529550553,0.415772612989931,0.192872751472343,0.287731995232607,0.347579655432171,0.268744149685144,0.274176728888146,0.324212626070583,0.282482291322001,0.391079408248236
KEGG_MEDICUS_REFERENCE_SIALYL_LEWIS_X_ANTIGEN_BIOSYNTHESIS,0.0113151500375654,0.0217208200136586,0.0347280021145869,0.000920014007711385,0.0390355756977894,0.0359955608149787,0.0185529270932174,-0.0778272251233302,-0.196032880402865,0.107458668806423,0.000858434019258401,0.0198210018364639,-0.114220643354518,0.0617949047362534,0.0154261841242379,0.0447397131922903,0.158304639579266,-0.0638327007691531,0.0989917289296891,-0.0228211761386822,0.0695626287413356,-0.110307810805554,0.1071516748997,-0.0909644502396582,0.216356930069887,0.022711350935185,-0.0828363056461947,0.0283697749896983,0.0468507030786397,-0.0249277898249263,0.055647004053967,-0.0147479788553836,0.00177604612547703,-0.0926745748552733,-0.116373792638387,-0.119141569210209
KEGG_MEDICUS_REFERENCE_SKELETAL_TYPE_VGCC_RYR_SIGNALING,0.44540912744179,0.400729045900645,0.424047634993397,0.394753370896357,0.336175177273,0.395747800104078,0.449639310701266,0.442656193933292,0.323235350702389,0.40387762833758,0.414352348460855,0.276331420493888,0.347056488001249,0.334564507744707,0.433415923839571,0.442746001086726,0.405195496328702,0.388089727317481,0.437863090640816,0.436613161642994,0.393884390837122,0.397449617429136,0.418590114257447,0.45240815873865,0.454035489949474,0.418515809228557,0.372402411203877,0.484886782248071,0.182586790303802,0.354050665401133,0.395125051253309,0.406138742416255,0.416308317801497,0.432487593666794,0.416145063123778,0.441441802904034
KEGG_MEDICUS_REFERENCE_SPINDLE_ASSEMBLY_CHECKPOINT_SIGNALING,0.577103362713801,0.535384059602126,0.575531464229745,0.587844163976149,0.582128725400379,0.562465035014182,0.537728647023849,0.571479613243782,0.535717421185568,0.610809877961116,0.570129116303959,0.606005266565767,0.568480573880465,0.514538232917844,0.57109865519729,0.593302870728224,0.548122633391667,0.571246539803048,0.588041133706006,0.53477965059862,0.600929187040389,0.598200216081068,0.60058830481326,0.557146081792705,0.53209035816568,0.631876381549521,0.562261955682201,0.54745157705934,0.574828474212839,0.576001934093081,0.620456629964315,0.569780888958901,0.539552673666121,0.555851239339261,0.583502856497509,0.562605256615642
KEGG_MEDICUS_REFERENCE_STEROID_HORMONE_BIOSYNTHESIS_PROGESTERONE_TO_CORTISOL_CORTISONE,0.0489725408576756,0.0312623409097189,0.11974149444033,0.0657797223956033,0.0919919182954009,0.063997847834314,0.0844505006311846,0.0732892278989151,0.0181467375142991,0.0457828885036832,0.020932490975806,0.0197633532889848,0.0965598933324333,0.0165303525800399,0.144449678864124,0.0807321537571934,0.0494268891351192,0.067950071699967,0.0915544260398533,0.08950726705964,0.0875878181124399,0.0858560915098363,0.073983426791249,0.11173997045814,0.0754455862617711,0.033821469006129,0.0638572078781463,0.0666634749071046,0.100572922678808,0.0110794155890989,-0.0755457423891433,0.0161873139086007,0.0730529903925662,0.0535758235620938,0.0236090582559203,-0.167424931786063
KEGG_MEDICUS_REFERENCE_STRAD_STK11_TSC_SIGNALING_PATHWAY,0.568032966783011,0.568122506207287,0.528857064448082,0.548625457130502,0.576633748386777,0.560039039504691,0.525781981289364,0.559097404046584,0.541809974210224,0.546633863243055,0.558609493702219,0.58315117911144,0.575119193363556,0.532835301040906,0.541905765457188,0.565005247650808,0.543142807929897,0.560048946613182,0.552303881458853,0.544562783124074,0.557404393601174,0.534212216184552,0.574519261801271,0.553344350153402,0.532415782686222,0.564869158730587,0.550285436119594,0.553773216068385,0.537300170743306,0.549082183183114,0.572965582698014,0.562658428021984,0.551765238050938,0.540681856485195,0.556699133316485,0.569131174549451
KEGG_MEDICUS_REFERENCE_TAC3_TACR3_PLC_PKC_SIGNALING_PATHWAY,0.510776179802332,0.418958963571559,0.443117509371891,0.484506429604792,0.433888188531332,0.44998237166166,0.451062051053784,0.497750578960985,0.402416121836073,0.501509112988362,0.497370995045106,0.427337416122345,0.388392190443475,0.486890923049741,0.434204872651798,0.451534012809078,0.471568824674689,0.472182997645615,0.471806123868875,0.510053332547403,0.484945185176851,0.426226879487324,0.493756446934124,0.447355073881266,0.500925022753206,0.412577622124966,0.416737188883527,0.480798231640439,0.382052061920102,0.456073437315435,0.438277980638711,0.439459088475609,0.392863261991502,0.477956514688437,0.444689755891511,0.383013272876492
KEGG_MEDICUS_REFERENCE_TBK1_MEDIATED_AUTOPHAGOSOME_FORMATION,0.583248356103579,0.614756349894167,0.616493293948438,0.625523091343152,0.610674773050438,0.614846223615425,0.619373661630963,0.606790041117795,0.629974450955948,0.621074447125728,0.603052531381538,0.590709062754959,0.598974839677056,0.620211845100222,0.633612806087062,0.557270220507149,0.607394349133316,0.622049048651655,0.616774593757504,0.617057765374212,0.602957212443267,0.605967340425252,0.635254420041756,0.592681309898687,0.614246684806695,0.505586748007141,0.606582120909443,0.594647750532152,0.596539208549639,0.583167085366665,0.592500382053699,0.585251213198012,0.5968169736411,0.616263817545028,0.575491501909759,0.597252936267896
KEGG_MEDICUS_REFERENCE_TCR_PLCG_ITPR_SIGNALING_PATHWAY,0.366100142079798,0.510642231219909,0.443062897830979,0.34005739979387,0.440941824297723,0.437643737405263,0.316724619604874,0.337618359159415,0.524489353633613,0.384765661728922,0.464176803015276,0.434840814766808,0.44186757900331,0.484545928227855,0.50144896949609,0.371512392140105,0.517928998393311,0.461843797774207,0.413730367701782,0.43946407408109,0.446060167837364,0.461385948245995,0.32796305793265,0.440042584495719,0.401186271207356,0.296015378582459,0.419996988719557,0.413464736851786,0.585034583596623,0.436893094386911,0.340304220105063,0.361134290891531,0.44151318594194,0.386047337940469,0.329647743444248,0.386747870159025
KEGG_MEDICUS_REFERENCE_TELOMERASE_RNA_MATURATION,0.416763796958815,0.440909559434606,0.429971769031293,0.396889367526081,0.454897274726661,0.511718186583814,0.375519790617873,0.41693837447627,0.452364414118955,0.494078086109444,0.408855214796224,0.548974057532486,0.441848372008805,0.482365047597406,0.440736172001678,0.508123126604783,0.507314919977872,0.402783896434286,0.446255128171085,0.406765051482432,0.454239808942918,0.48947602931673,0.49598476940556,0.432693679802052,0.429431856630173,0.440782459985487,0.454421042764835,0.460517604096154,0.505945025821942,0.458575795732601,0.451186361411483,0.436211849463151,0.453875123076739,0.441273299645669,0.404991141968939,0.437721517049407
KEGG_MEDICUS_REFERENCE_TELOMERE_ELONGATION,0.494951942431071,0.478651068712035,0.481998439910424,0.480457067970259,0.514600952363554,0.506815220104055,0.494904079897569,0.494711873979388,0.478652438621137,0.532966104686522,0.501100611885584,0.547561182487939,0.487113008841044,0.497059170948807,0.478957315430153,0.54220430607818,0.509508868189153,0.480547353834023,0.524727844704912,0.480267484441156,0.52864254517461,0.508458404077178,0.523471484357257,0.491331087194113,0.500396184457885,0.550210820234102,0.50695534049419,0.479609735820856,0.519040715817026,0.505251076452071,0.539807737003084,0.504662874852391,0.508143244719457,0.494590025493608,0.506673694138327,0.485002581882211
KEGG_MEDICUS_REFERENCE_TESTOSTERONE_BIOSYNTHESIS,0.238679312750176,0.259550178088691,0.278137157866423,0.299494704318001,0.237509102960958,0.335408508060203,0.322375396002103,0.316330658210873,0.255004364146866,0.227712913173003,0.274528969180397,0.231321421509864,0.245442170708394,0.303710643684097,0.26290970425521,0.175723273653473,0.274308438065653,0.276838761525357,0.284642675514302,0.308201062449994,0.202114326660493,0.241636086086745,0.254839067031502,0.243799212577147,0.294941063667007,0.18619857732548,0.218644958270656,0.280678528456907,0.231807167654206,0.171710816434567,0.177232411926166,0.263360642716712,0.295304397199064,0.286553774663049,0.214251189225395,0.221650773967206
KEGG_MEDICUS_REFERENCE_TETHERING_OF_LATE_ENDOSOMES_AND_LYSOSOMES,0.646571327202801,0.649818906118242,0.620966325149994,0.606250357791335,0.630609544447625,0.647615330015706,0.622926308707671,0.636660540961008,0.636685046939821,0.645564469912737,0.637283169746972,0.651019663335581,0.648722229399984,0.653764568909474,0.615042847781705,0.622506439435923,0.633897378039585,0.643682470737391,0.638444763588629,0.638091243719802,0.626726959390282,0.632649606736011,0.632406225372693,0.620213665435533,0.65148075666219,0.633761793530411,0.628009516037154,0.615907625442123,0.66390115660566,0.641130646359801,0.625339587455869,0.629978021316764,0.646277256737037,0.635412058333776,0.645725996599338,0.633400281260084
KEGG_MEDICUS_REFERENCE_TGFA_EGFR_PI3K_SIGNALING_PATHWAY,0.609532823739512,0.579588306570883,0.554694954528207,0.532136646299453,0.583633310761379,0.569634031179371,0.565372527495708,0.561483860401869,0.529437234904495,0.551410957586382,0.546202112677785,0.552397896980645,0.539138738118242,0.549559507071245,0.564705236653815,0.546754334468744,0.581007766169314,0.558691115887454,0.51973514355079,0.557410802724444,0.562533896068961,0.587935408437754,0.544843996066468,0.584317765323818,0.55714210710138,0.52111019817009,0.565887923500737,0.568665475091855,0.614692514515362,0.585236124639121,0.57622983391834,0.597876142693803,0.599273853108872,0.583386493400133,0.580795926717538,0.601026049233697
KEGG_MEDICUS_REFERENCE_TGFA_EGFR_PLCG_PKC_SIGNALING_PATHWAY,0.585266282915163,0.552438222980324,0.557826926448089,0.517873709643107,0.562088466693633,0.552383530305096,0.547347551766877,0.567585527693538,0.446738456989667,0.559158534601701,0.525382503348458,0.501668487101104,0.437634318606769,0.578751086958236,0.576744230494198,0.552734360031968,0.564703014167974,0.54857682010689,0.486991660245937,0.543508117404597,0.547194931164515,0.580853207896807,0.576603783995793,0.594955080740016,0.548102851240479,0.424448729198668,0.507020140113855,0.578367506786135,0.577022864482566,0.548438836110692,0.503565664620505,0.568890629044522,0.568537338623915,0.559198073777489,0.548515303577398,0.562259907250181
KEGG_MEDICUS_REFERENCE_TGFA_EGFR_RAS_ERK_SIGNALING_PATHWAY,0.669175703413939,0.655283211395135,0.631595220848017,0.625838504308157,0.656919692566538,0.649869628692104,0.651345671543236,0.639763711811546,0.626079280274301,0.646150771475116,0.633373934698107,0.627585133923611,0.626450381598052,0.628939929568394,0.653004074083364,0.63918592204171,0.64685390470649,0.633919907549877,0.616071589913543,0.627642130537957,0.648591409227404,0.663635473772378,0.644379186427483,0.663676220462829,0.631344554180533,0.602101440668331,0.634700375974998,0.638287306604238,0.642712138226349,0.658093588182048,0.634699727747087,0.641363591198035,0.654892877548534,0.649091298931793,0.639992124021015,0.666100247353976
KEGG_MEDICUS_REFERENCE_TGF_BETA_SIGNALING_PATHWAY,0.622139431665936,0.671841461622589,0.651854755254331,0.600987311854931,0.650564704179165,0.648492382064804,0.600482417622893,0.605380947563494,0.653383431411896,0.618172936600174,0.656836126734637,0.62899156303206,0.610377495499318,0.635547987221941,0.674083247992542,0.577786287823017,0.665651853899735,0.657140680465037,0.619089609541615,0.620692744317498,0.644738972268181,0.663590963763142,0.577538328918985,0.648424972660737,0.593636549046825,0.536524532206739,0.625203082335501,0.623494181657753,0.673551141729365,0.652432490223548,0.586251884873536,0.605504307733755,0.65040841545508,0.645340277353637,0.592555847926564,0.643338959109958
KEGG_MEDICUS_REFERENCE_THYROID_HORMONE_SIGNALING_PATHWAY,0.495359470871466,0.443958577009433,0.444443319732998,0.502338986097256,0.462597886084515,0.456541496583372,0.528631481310675,0.511396113616139,0.44857880927914,0.462877396199492,0.46986665588324,0.491240508499213,0.530688947088963,0.45774935479365,0.497377422464568,0.488225595527311,0.44303680187718,0.475967986935485,0.496983135751101,0.520790227656503,0.475522501430087,0.486000496183007,0.475581923555002,0.503205519887785,0.527698475329388,0.470383220717374,0.474797083317058,0.5028909442427,0.401172434215782,0.421930638631668,0.430226682094531,0.539785553058684,0.517085789211845,0.5216599703735,0.490359398185375,0.509491663197276
KEGG_MEDICUS_REFERENCE_TIGHT_JUNCTION_ACTIN_SIGNALING_PATHWAY,0.316769216386315,0.340642653170304,0.304858968683136,0.338522392068471,0.340124593182014,0.320079344919819,0.296691479886487,0.32365733653819,0.29735196574842,0.297180541535117,0.347828030739867,0.306217678217172,0.321140830716289,0.387176832021706,0.332201274723689,0.315785857955099,0.33004919485308,0.335118789290255,0.283147931729533,0.30603594648685,0.344193654807494,0.325186092173515,0.2995386974467,0.329453852895213,0.33399966327143,0.298108053862223,0.350338779351779,0.309562177871739,0.346100115313427,0.343900861832571,0.295143387133716,0.297840643743394,0.320970914735879,0.331480216829404,0.304445266666492,0.324243177642936
KEGG_MEDICUS_REFERENCE_TLR1_2_4_NFKB_SIGNALING_PATHWAY,0.475921792999405,0.549326310842947,0.466361423412308,0.457269286972252,0.499678239951379,0.486952758029325,0.450886215101283,0.478506037677142,0.516445178177143,0.472373023286274,0.512641436520043,0.468300391904527,0.485647886990425,0.503452421691938,0.521762795201823,0.44795214898404,0.508770391178241,0.484252379245816,0.4827687470025,0.47953432615318,0.50367544439549,0.518357479138841,0.440639079984558,0.488123572736434,0.495850758591535,0.430546280079337,0.500683203622872,0.452731247607673,0.570204169880894,0.535435407771281,0.450490856573001,0.484183588565092,0.512335714009648,0.500534393803756,0.46783048087345,0.496378874860942
KEGG_MEDICUS_REFERENCE_TLR2_4_MAPK_SIGNALING_PATHWAY,0.58769711583476,0.605391799045315,0.58572015226201,0.569913952464218,0.60045058025231,0.595513121772034,0.589353935152785,0.588565003186621,0.598319912103383,0.582754983159412,0.598994315345268,0.586791623044448,0.585816944904213,0.584889103965483,0.593663130767023,0.577477298571905,0.595391523106725,0.586553539991934,0.581118759613344,0.577566225928862,0.601622917380562,0.599445401839872,0.567077628067303,0.588742761942866,0.581876706453962,0.57954115873355,0.586834080490952,0.576967949045004,0.613138432555952,0.607129925855376,0.603211562424398,0.583498099855423,0.60792006016618,0.59251998440666,0.592522688654971,0.598640590979078
KEGG_MEDICUS_REFERENCE_TLR3_IRF3_SIGNALING_PATHWAY,0.480714814875547,0.515586169436207,0.463724682281325,0.437306139598923,0.470755404323463,0.490969553495877,0.45707471405555,0.455608641067248,0.519337877435119,0.468790120456304,0.481970980943934,0.469599438621955,0.472798898850466,0.50090360569831,0.485422731944239,0.479672066622274,0.491074550474551,0.492622423700785,0.478214801587645,0.456720013082573,0.477017832983438,0.482129189934625,0.521148623623974,0.464502785926731,0.452715907927181,0.428220187273083,0.461785652592269,0.453232957880077,0.522635285072874,0.496342112592654,0.437002520849613,0.442740667011479,0.494791821659716,0.448039544017146,0.442973738606172,0.472876034798526
KEGG_MEDICUS_REFERENCE_TLR3_IRF7_SIGNALING_PATHWAY,-0.0379719163280028,0.022085286875455,0.042574727876142,0.0142332630464527,-0.0440247225771764,-0.00209748244106933,-0.00112956427773474,-0.0289982632210984,0.00595233192791922,-0.000588237337242517,-0.0248389843604817,0.00427183820446242,0.0321650323124767,0.0128464954508179,0.0431877986350689,-0.0127711997780334,0.0390060220831038,-0.0139553885133539,0.0538497956661239,-0.00539240568038502,0.0789856819713492,0.0212632115433144,0.0102282354241375,-0.00113616592793513,-0.0236399559240706,-0.0412356267119312,-0.00542264456341166,0.00110386177024733,0.0104304122815262,-0.0120986974848609,-0.0386788670047285,-0.0630570330126902,0.0110885035780231,-0.0298815357595618,-0.0211314732118021,-0.0055051318703354
KEGG_MEDICUS_REFERENCE_TLR3_NFKB_SIGNALING_PATHWAY,0.543273530703599,0.593126083676861,0.529304288978832,0.505693985230148,0.53092470952733,0.561866694065538,0.534491280822346,0.530809480336651,0.560565561216094,0.543428007340733,0.551207550033015,0.538469169489986,0.536775202883923,0.573394653673224,0.563535803738584,0.534352237858207,0.579200012707671,0.563579440173371,0.537068294635446,0.531773417992776,0.556191862083382,0.556329051030267,0.525159444602124,0.541463160938788,0.528037433072445,0.515088164694293,0.552039942945311,0.514573407069828,0.596214968780166,0.573612594201475,0.518306308664432,0.51170615847909,0.572721459773533,0.539639205074903,0.538563651897609,0.556696909398378
KEGG_MEDICUS_REFERENCE_TLR4_IRF3_7_SIGNALING_PATHWAY,0.403843518948339,0.470494904881944,0.42452791841133,0.401462969377829,0.399285384519329,0.430336545494837,0.411610071043532,0.408344460692049,0.504127416059975,0.3951840350372,0.431180206864969,0.420521797584225,0.42967786365211,0.450390021641534,0.452294230703014,0.391939858080713,0.445470451271166,0.431420325925648,0.432472559928046,0.424789316280769,0.414558871179442,0.4276403218775,0.463488060800671,0.422904551175654,0.432619121396433,0.345351534450396,0.402584293970313,0.434420421555074,0.468004886342708,0.459335543148322,0.374117968362577,0.37367142621996,0.428724263228243,0.426013696011261,0.366381970740161,0.423176345016967
KEGG_MEDICUS_REFERENCE_TLR5_NFKB_SIGNALING_PATHWAY,0.469265435653918,0.539439954432015,0.464167010269518,0.459134009460399,0.500110439727348,0.483043207632408,0.457345753840207,0.480345524782401,0.505258008129357,0.463945944431403,0.507529988613921,0.467790594978873,0.491770480076227,0.501736202272383,0.514956339658174,0.456624091807469,0.494863947123344,0.481600071037403,0.478231275051242,0.482332242825749,0.506527328167495,0.510212703849137,0.443151237132377,0.480273602347619,0.490933022136623,0.43971662048865,0.505357648911278,0.452739857838653,0.559072040035777,0.518361697034727,0.445895590821019,0.473390309530277,0.500050687989519,0.489900286540369,0.470159371598816,0.484041408567498
KEGG_MEDICUS_REFERENCE_TLR7_8_9_IRF5_SIGNALING_PATHWAY,-0.00570098568242004,0.0574463329342709,0.0505263247266668,-0.000414592895097425,-0.0110564564565179,0.0128107793447643,0.00473664050439026,-0.00849130157512894,0.0657214214932125,0.0106744505234318,-0.00232212025763922,0.0250569898814418,0.036848887833468,0.0319632454934248,0.0598974030933195,-0.0113381090353939,0.0795390330731719,-0.000814856627847743,0.0483370689005534,0.0155949338882558,0.0880442691084211,0.0554781237569965,0.0195271287316129,0.0257583909161089,0.00739975405830726,-0.0349412022678229,0.00625900056101767,-0.00293264956442651,0.0659539200055881,0.0309254184351507,-0.0204795398219132,-0.0211686756281938,0.0335783683249759,0.00974422406617933,0.0198158238493621,0.0110578219753326
KEGG_MEDICUS_REFERENCE_TLR7_9_IRF7_SIGNALING_PATHWAY,-0.0475497512628001,0.00958095378416116,0.0252108353813025,-0.00224816907847309,-0.0455231642148108,-0.0189081342351153,-0.0107640015569879,-0.0278691952380773,0.0270885401324309,-0.021082655346155,-0.0373579946406396,-0.000448243016317306,0.0146026147053634,-0.00617987667362211,0.0238473846207626,-0.0398309683348474,0.0291858490170822,-0.0422761060884615,0.0367242685516503,-0.0110388863572864,0.0668141175361981,0.0106597167972168,0.00975864253108618,-0.0106380964548563,-0.021801667590237,-0.0418857330254485,-0.0100388325159635,-0.0084428949005679,0.0115526796923213,-0.013459831680656,-0.0570329501462493,-0.0618068013442409,-0.00906760341931467,-0.0315012301611618,-0.0216722563281121,-0.0238713254115908
KEGG_MEDICUS_REFERENCE_TNFSF10_RIPK1_3_SIGNALING_PATHWAY,0.442608871027338,0.539450134641222,0.46443602082979,0.310610633637901,0.488753781835422,0.455114268161259,0.296791933138685,0.381985369901683,0.531037236106262,0.438340307631312,0.503851733934781,0.432683519213173,0.421764224421295,0.475625456259793,0.522818535472258,0.409008029773872,0.524809971113745,0.4872364957986,0.458058704948063,0.458700431190818,0.438562461174253,0.466790290729042,0.357440111018696,0.502378363617686,0.456636323463658,0.294176141250902,0.422109901362894,0.439017326619393,0.602541094426766,0.501718923296352,0.408130864712188,0.408543414612785,0.511453822665871,0.489599368895285,0.422151103646847,0.473271956912506
KEGG_MEDICUS_REFERENCE_TNF_JNK_SIGNALING_PATHWAY,0.600632307416747,0.597320649448271,0.586529735133471,0.586016805837686,0.596293002588356,0.584502451559238,0.574574042686711,0.594814618306013,0.612276529301639,0.585429034760851,0.608949088246368,0.584034449163361,0.606476694407713,0.602609168291739,0.600834495495744,0.588002350241398,0.591166460312353,0.603237199369101,0.585716239967252,0.594422923735292,0.611012005325854,0.604799515776154,0.567612726275597,0.600268166558818,0.604504619793162,0.572787982298355,0.605323782866747,0.59796200916076,0.618776846320047,0.586402817577095,0.602861175748543,0.606792813757629,0.60230890912045,0.602025615289961,0.586131205780416,0.580649392078174
KEGG_MEDICUS_REFERENCE_TNF_NFKB_SIGNALING_PATHWAY,0.559767583919288,0.580393499501773,0.544726493751987,0.53448655798872,0.560293239982366,0.554310605809859,0.53365542296811,0.550909077507648,0.574293936287413,0.544586615676056,0.575091615400136,0.544525784499677,0.559912944443963,0.580578656469508,0.570658352689586,0.543093898897718,0.564917945988652,0.5736145733179,0.553411886541681,0.555465899438953,0.573130408860782,0.572610620792914,0.53924018338041,0.562749493820343,0.563677030899138,0.530567249143418,0.572436625099993,0.550519109054682,0.60926667346429,0.56597325649084,0.536457931559209,0.560419433812608,0.574729177995585,0.559060164754431,0.550845096127121,0.541613656765959
KEGG_MEDICUS_REFERENCE_TNF_P38_SIGNALING_PATHWAY,0.560478054302974,0.564008810297587,0.522781673722443,0.526401181418266,0.56036547843886,0.534077380634456,0.527347739339008,0.525022494796159,0.535696261939796,0.527298376822396,0.544464247363332,0.530865300286603,0.540659786085036,0.542473518562591,0.534415735800136,0.558951531946905,0.556704429974962,0.562081980761141,0.524835007579371,0.511437164932072,0.558726932598118,0.5637678381365,0.519767615862351,0.563122154726674,0.526047666641652,0.506027002131864,0.558711752368599,0.544940703228304,0.563030487988823,0.551230753869728,0.527466509907669,0.519407241525998,0.535128460836378,0.519921497752951,0.538283250622172,0.525093522738047
KEGG_MEDICUS_REFERENCE_TNF_RIPK1_3_SIGNALING_PATHWAY,0.488057207978499,0.519365311166566,0.486778466673769,0.456419780931529,0.487272348272358,0.479304628054382,0.41472318987637,0.485725192041664,0.545213155773544,0.47011531808334,0.538742312392546,0.493916166031839,0.519885054119077,0.54130426046358,0.514772742664835,0.460549316098973,0.498665388236614,0.537033322143762,0.497224224497371,0.487561955621547,0.495373204446028,0.534086019698884,0.464621741985903,0.504345870591952,0.527103104488894,0.409903490470555,0.48803070096683,0.498259459938713,0.60115442518651,0.511017223894402,0.452031094769148,0.492201840499258,0.517472143155185,0.49119160201621,0.466863660259524,0.437748122496457
KEGG_MEDICUS_REFERENCE_TRAIP_DEPENDENT_REPLISOME_DISASSEMBLY,0.610559690809797,0.530540333735527,0.565381914794833,0.616099134701503,0.624063936803756,0.545164917136765,0.555393402783818,0.590979811637333,0.516701926240873,0.650365889977361,0.574338515957777,0.641345615687643,0.562870580429608,0.489484844976182,0.571920976301668,0.623345026011488,0.554425977011894,0.581512051878372,0.61449806551675,0.557710040850896,0.660138603071863,0.624438708952096,0.628064296065502,0.554722243127811,0.554932029082169,0.686126680463438,0.579696357127318,0.527561146060822,0.618650649482304,0.635532900135372,0.623722715400069,0.611071078007384,0.550992877517867,0.570738184449968,0.626680868440595,0.569225541125024
KEGG_MEDICUS_REFERENCE_TRANSCRIPTIONAL_ACTIVATION_BY_ACETYLATION_OF_H3K27,0.628854272399453,0.617511929820668,0.600606656630553,0.621524841778598,0.625400945427438,0.626928189630589,0.600741290440797,0.60733878267371,0.607817374850963,0.627938309332911,0.598170977221153,0.604538539393049,0.599825967563494,0.572302860407807,0.618109919253076,0.632031492009615,0.600600379571067,0.602821332397431,0.587200326158244,0.592420012423375,0.634520067663362,0.600443813128761,0.600793996242727,0.628501911271143,0.586997582567992,0.610200881176719,0.599795964990416,0.606029389200796,0.568514409434967,0.610131794801508,0.606092428977674,0.617786533536445,0.597378241586417,0.600652817869227,0.588528518242472,0.606669463862162
KEGG_MEDICUS_REFERENCE_TRANSCRIPTION_COUPLED_NER,0.551640319146767,0.562082181119193,0.577716234843589,0.572921571175288,0.558061099138085,0.57387608315552,0.580775851610046,0.570630777941839,0.559757575102508,0.566075797544909,0.571054443286244,0.584084190498149,0.566933205052322,0.563207245894118,0.557110956469144,0.570005626274984,0.560835775535239,0.570116966803041,0.554106065022846,0.568487742321907,0.569539127893537,0.56367612350303,0.562549096478064,0.566915590230729,0.57056100370598,0.572504374251357,0.558947734967759,0.567960158620258,0.566280484656987,0.574584832264478,0.571133623352625,0.571882619321477,0.562395854264974,0.580388317422731,0.572411324129756,0.56518400518083
KEGG_MEDICUS_REFERENCE_TRANSLATION_INITIATION,0.7291138261499,0.731886102616546,0.722551582630474,0.722995868906565,0.731117668874913,0.728486327482873,0.72945156374016,0.723845564744179,0.731040973378262,0.714061820610179,0.739089301740235,0.712857031585757,0.741958078018799,0.719846788569055,0.731566271480923,0.721383347233156,0.720357041426192,0.722951210257643,0.736003545545143,0.737559750210336,0.731076420796197,0.73164562032633,0.730192979270277,0.727695809349421,0.723742915741755,0.739222816464245,0.736104245972193,0.716663339138409,0.72026737400562,0.721070859891527,0.716810678808849,0.723884476899235,0.712031864628575,0.736315068212683,0.724636744051395,0.729205180966155
KEGG_MEDICUS_REFERENCE_TRANSPORT_OF_CALCIUM,0.335964567506687,0.318018759729402,0.414027239700852,0.359729592392027,0.297578402779676,0.306396832809929,0.422370461647764,0.457132456874531,0.24179952708677,0.417493116722063,0.278772699635991,0.0296401235832076,0.22263042936291,0.346780042608996,0.356783965368366,0.451004426518477,0.274865830731167,0.350707550611859,0.295492446116525,0.510614767832783,0.163990889943366,0.344989126084196,0.276330090010631,0.383601507434519,0.470593125500085,0.447517893650579,0.166420728346127,0.494240062618349,0.152586333672245,0.215517310557302,0.479630875691803,0.240042383240223,0.272680634118821,0.350992666500677,0.391128755784414,0.320280556514969
KEGG_MEDICUS_REFERENCE_TRAPPI_RAB1_SIGNALING_PATHWAY,0.596574308395596,0.603535523486388,0.625793617600584,0.620921618865274,0.566398346010023,0.610526897417565,0.611672862225196,0.595843004026228,0.590033036193477,0.589881914726218,0.616860472829333,0.609192422529212,0.627123653466614,0.633272486334795,0.598816750870747,0.585073181568802,0.61830458990719,0.624855945295346,0.615983295489752,0.613451920787483,0.590589518055034,0.600010062851658,0.618262615215678,0.598275716151938,0.627918325908307,0.628734971591598,0.583292801796363,0.604891384747314,0.613714846338026,0.594584462109405,0.599560026458804,0.606566898564714,0.615384317651775,0.61964246658037,0.621977132077256,0.621672424692369
KEGG_MEDICUS_REFERENCE_TRH_TRHR_PLCB_PKC_SIGNALING_PATHWAY,0.474310314453538,0.440731445492834,0.468598889457299,0.446374057960688,0.454761546842042,0.435819346756297,0.473997686682336,0.492197267111961,0.44952907978714,0.529134836571621,0.468085905332252,0.39286993357257,0.392023541326333,0.477501592298435,0.458255220163489,0.420106593179367,0.465083105099363,0.43633097375947,0.416395683066182,0.488645775735935,0.494484604464476,0.451383960202597,0.491475221301652,0.471661158771841,0.474351919207589,0.459402823841088,0.405052544602678,0.466780497918566,0.36583780724779,0.46680884845317,0.452362631471942,0.486377301862848,0.431251984508935,0.455848926908499,0.435260115169255,0.402835440427619
KEGG_MEDICUS_REFERENCE_TSC1_2_MTORC1_SIGNALING_PATHWAY,0.629810881029816,0.622337291412447,0.603585130601165,0.621718157308657,0.638085887802894,0.609580262307375,0.606188713839381,0.623760386435734,0.594656712455349,0.618453259434043,0.622084899736274,0.643889842632071,0.633430179601058,0.632413292583743,0.595780946846916,0.635299832041594,0.606308783800986,0.620145578420622,0.635680197840895,0.629400797732728,0.627020735005746,0.617381409977438,0.642715587931621,0.611712674762326,0.619713818282411,0.653681101251697,0.637353185006772,0.624387584467603,0.628173995118739,0.599832197075914,0.609366940502933,0.642223833542208,0.620316629249113,0.597585334349,0.641138427616676,0.620896641966339
KEGG_MEDICUS_REFERENCE_TSH_DUOX2_TG_SIGNALING_PATHWAY,0.400960093854895,0.406790496416151,0.40944592872856,0.435016789978125,0.423590762121491,0.323765669512937,0.371220696848779,0.440096104116451,0.353471981132187,0.474906613892465,0.365768182733679,0.370776827882353,0.311899470826324,0.435052631645222,0.424089056397188,0.428809825465465,0.383746453463279,0.405397382705976,0.405703325390811,0.367456955450671,0.434381581379334,0.432814490190989,0.438255179792171,0.391744874948593,0.436039351500437,0.361152699384675,0.357279924185717,0.430463712865096,0.35071544306574,0.38525005915925,0.379640845623143,0.433015565899013,0.373511060540258,0.443084939618849,0.407524736299759,0.341983947016632
KEGG_MEDICUS_REFERENCE_TSH_TG_SIGNALING_PATHWAY,0.494284758163448,0.482890394957649,0.454587865342436,0.465537241773218,0.485929779058302,0.433301646364381,0.428229709643859,0.47178190551018,0.433548154156403,0.461149193297661,0.443129577757986,0.450701747998887,0.429549477511848,0.463889913707366,0.455669600603123,0.465725922109988,0.444973450884395,0.475878926768429,0.462294242639502,0.417241960518209,0.47832499615456,0.487060394605844,0.471601464852881,0.48506206837794,0.456057390080987,0.443430756902329,0.478340790079521,0.465500790338216,0.456425561499678,0.464145529635459,0.468462472181872,0.48711549626251,0.454935526289932,0.464595861277667,0.496211728342621,0.458339427319968
KEGG_MEDICUS_REFERENCE_TYPE_II_INTERFERON_TO_JAK_STAT_SIGNALING_PATHWAY,0.0142646843166416,0.0791509064664614,0.0921175889404946,0.0598297204684574,0.0206873069891866,0.0333995157135623,0.0422936870472538,0.0151705261274776,0.050176860587014,0.0472376081533502,0.0386366230569367,0.0391774203238328,0.0622552646227878,0.0691287127934631,0.105818849566421,0.0276883197750357,0.0776073018435414,0.0240237786779815,0.0975656641327726,0.0358123017116046,0.113835524676856,0.0691080115030107,0.0345909338031943,0.0189022927945609,0.0214072320989365,0.00520685021100942,0.0448882190212965,0.0446180427126708,0.0943572502176895,0.0661194246682827,-0.00375915030110728,-0.0201790805939843,0.047618701406716,0.0369910123877547,0.00631845661636266,0.0200572282159888
KEGG_MEDICUS_REFERENCE_TYPE_I_IFN_SIGNALING_PATHWAY,0.103419884718857,0.139345472904917,0.133184619717454,0.13730695447408,0.11201164468812,0.131875657394766,0.110000938816256,0.105409223530957,0.154197091614649,0.14315123338021,0.103603366283022,0.129487617971285,0.14556861798879,0.115949188082033,0.152203381154172,0.113029108081143,0.145476677593496,0.107840600414444,0.158073539352068,0.109557415092733,0.189838942409008,0.139689552561039,0.146619133723535,0.133431339404159,0.106876762894328,0.0974119783507644,0.125206281088279,0.130235523692766,0.13174543582117,0.12572563115941,0.102485498701547,0.0972314064043399,0.120978574149146,0.107472059648419,0.109966125494486,0.139189052338004
KEGG_MEDICUS_REFERENCE_TYPE_I_INTERFERON_TO_JAK_STAT_SIGNALING_PATHWAY,0.0285801600357527,0.0311480624308727,0.0365178624996467,0.0281035751146316,0.0284607356805203,0.0212814670582385,0.0114728364117117,0.0167939113822156,0.0573090054590985,0.0309228623119798,-0.00699463686015867,0.0171457391415154,0.0400294848131975,0.00972365084469653,0.0459942878870614,0.0140940121616033,0.0658957928236046,0.00202868234325569,0.0457238820490487,0.0232831912254007,0.0837802600348428,0.0324010780681739,0.0406819073413605,0.0275523011668242,0.0221182278668908,-0.00150998177212648,0.0196257056510443,0.0462499548712542,0.0204078033171718,0.0104427330917514,0.0140852605476229,-0.00598291830621656,0.030325924962133,0.00309459171200602,0.034286355524461,0.0338020951473281
KEGG_MEDICUS_REFERENCE_TYROSINE_DEGRADATION,0.205555611281804,0.206319442254263,0.30208508058221,0.259145108440761,0.193529345824205,0.212946667013009,0.176381841004282,0.294771206897525,0.220521596284938,0.256177203996916,0.292219452164268,0.271339842046806,0.192198275982036,0.214803067930913,0.247006111079268,0.135662935652527,0.339522283221465,0.26140960854119,0.27414207661946,0.215904085755613,0.252839955709068,0.301285904117993,0.123265962477209,0.25852495298338,0.204847433582481,0.0958382620521417,0.210808729472486,0.26177269145195,0.29869398922115,0.217273948261969,0.197846092475579,0.251426940134633,0.252951121633684,0.322238757039081,0.192118235035445,0.221407422475974
KEGG_MEDICUS_REFERENCE_UCHL1_MEDIATED_HYDROLYSIS,0.766111756276619,0.765815904953256,0.764522524016006,0.769271621125911,0.767600956560253,0.767280036441994,0.763278161302676,0.768971736749708,0.766381687939176,0.763924696183674,0.768758474510181,0.768749757106887,0.76901495766029,0.768584178244868,0.765689209011079,0.769747268297006,0.767157997052604,0.76884022890863,0.769927800825421,0.765522153297222,0.767056855780368,0.76721459049226,0.766980838518132,0.7647551920128,0.767284259314028,0.768490818723279,0.768610811537984,0.764571193231417,0.758183130122869,0.768285141017676,0.769760920212468,0.76901043062508,0.7683221465775,0.767213615770699,0.769338253816474,0.7668100391327
KEGG_MEDICUS_REFERENCE_UREA_CYCLE,0.287176683044112,0.311084155655917,0.293393616295912,0.33483761334493,0.329577549848924,0.332264988820972,0.375706806565379,0.409053277992844,0.331814638134416,0.287512324667297,0.373854742891295,0.327988252363113,0.256621068915627,0.392117406364125,0.299250072623478,0.300890763276891,0.355936308308911,0.360218913068531,0.322544431937677,0.402106943705436,0.346921458835359,0.371655354053038,0.30108231001409,0.329920096155628,0.434457987277998,0.356883518080634,0.341129602980253,0.301239410986108,0.309962978050559,0.330123130622332,0.34242894140072,0.371035375098103,0.320877331284379,0.409191710620549,0.334844178806933,0.355252493530995
KEGG_MEDICUS_REFERENCE_VALINE_DEGRADATION,0.644413707987877,0.635227123340222,0.626861550360417,0.66801905573256,0.604648473388495,0.625149564657835,0.706858224885027,0.655837181728767,0.622663476900645,0.619524886071286,0.637297501086199,0.639323945508114,0.640776203784477,0.644053534936611,0.635065140428386,0.627311814517558,0.640343528660367,0.635925689271355,0.635116402618012,0.692326412025461,0.604572191896527,0.63498038371127,0.631236988809682,0.64790036895849,0.673249668557725,0.606754557722335,0.639788901850539,0.658573499676325,0.62091422146223,0.631882078716981,0.608414711779113,0.654358444023522,0.656185050571484,0.689126272787708,0.652769441004294,0.659596035655801
KEGG_MEDICUS_REFERENCE_VGCC_CA2_APOPTOTIC_PATHWAY,0.486632548001424,0.492981976936897,0.495287369760047,0.501860369796345,0.501446098959262,0.475816780629042,0.455914644356613,0.494302668490454,0.473071151669617,0.49899512953823,0.480635888421943,0.458233133840484,0.479029365252654,0.468063932889529,0.492314514368541,0.50954225649034,0.477830320259939,0.493559777001094,0.499695120818839,0.528940133969912,0.485075888876445,0.491135187464637,0.470760309232697,0.49497619573505,0.49181283843613,0.512993909962008,0.489892692974938,0.519099913427801,0.467954954388894,0.506192662448992,0.548871727717297,0.499569188945628,0.498324615114402,0.499445287466693,0.506959405415395,0.497774478369026
KEGG_MEDICUS_REFERENCE_V_D_J_RECOMBINATION,0.369637126321128,0.375772951098526,0.329753565817476,0.359137361386312,0.377085745486839,0.368047613021005,0.321416754771196,0.407397494353991,0.372836885392642,0.405250126701491,0.405253792290628,0.406721421994771,0.370469673694882,0.36385119158875,0.374600164218537,0.342251180998841,0.37561901296321,0.364622210377652,0.330187529620761,0.353592570763302,0.400631942072374,0.367434822363694,0.349751363460063,0.376586720780072,0.356536188737707,0.383927905132966,0.360174156211916,0.353140754405258,0.368248129446102,0.39067844480862,0.389306118143024,0.364824863978522,0.37956077783089,0.369951285678563,0.372224526893616,0.370331639167656
KEGG_MEDICUS_REFERENCE_WEE1_CELL_CYCLE_G2_M,0.459378350971691,0.393601532254748,0.519058907469478,0.496523945240006,0.478907263069796,0.445304034947311,0.420009706369242,0.451017820739469,0.390693713190997,0.554826031990063,0.460285742105266,0.494284833663988,0.408177533974461,0.335233586839611,0.485922397279387,0.489781396554447,0.454445698178821,0.470895865395091,0.457785751610366,0.389439181787426,0.559308587077895,0.525800452863091,0.521720259052134,0.456174514158501,0.389505292779196,0.577662491559334,0.430592003307979,0.394599057631821,0.462593403316877,0.552615720344457,0.567928229841202,0.472067924490822,0.395606294229582,0.438097046211478,0.477175597785444,0.474846294267822
KEGG_MEDICUS_REFERENCE_WNT5A_ROR_SIGNALING_PATHWAY,0.521513993177091,0.501690933804912,0.499420071289717,0.41708907923473,0.499921172474184,0.460558218733108,0.406634973555203,0.497214740583888,0.466837164783406,0.454533843322408,0.473590214099329,0.441263357814309,0.429972730033593,0.495383166212868,0.51451633928384,0.46810729542352,0.513260690095232,0.487858243750316,0.442676740100062,0.406776119524652,0.520344255754353,0.50512891230344,0.506656435110675,0.489441029929669,0.475272195743369,0.464999299437505,0.492620926465846,0.4648215125363,0.499159766185084,0.500978055814691,0.449301608899346,0.544622474982344,0.458289760820678,0.467377067468975,0.460102302348206,0.487895756771429
KEGG_MEDICUS_REFERENCE_WNT_SIGNALING_MODULATION_LGR_RSPO,0.429536666646786,0.421348731374063,0.373227450250385,0.361433759734704,0.39613902737763,0.410787388836227,0.342545212101471,0.458491695395546,0.390991116501928,0.393254008268642,0.3806221371649,0.37967638933515,0.33252501606264,0.449142752770986,0.437909661959796,0.383963340994464,0.458983337413482,0.403793654983608,0.394462193329166,0.366155196083047,0.43186812694678,0.424909854377749,0.401490716787073,0.465401342983559,0.437684437321645,0.363928502667053,0.405748707741763,0.447091784890858,0.385874980311606,0.39971454559204,0.355167249514841,0.432637660924057,0.393399360512958,0.428763652330087,0.398462506084209,0.402536005521028
KEGG_MEDICUS_REFERENCE_WNT_SIGNALING_MODULATION_SOST_LRP4,0.457831564249152,0.428404905253373,0.425607770255225,0.324921040452062,0.445149526718952,0.438157011974368,0.336574223322517,0.411740495905086,0.400101241637958,0.429032500460017,0.431967839168989,0.380192877871444,0.387466737808959,0.446253197724889,0.439192529483023,0.409690515275534,0.449594517929119,0.424443701937343,0.404464085975777,0.335944155381043,0.484789138925061,0.441204922203206,0.474978197359694,0.479860893915487,0.396417182650267,0.434667822316334,0.438359796758067,0.399361663225308,0.46644260462941,0.474187921390314,0.455938784657357,0.471451839284854,0.388295768721063,0.43489906784387,0.403515950479299,0.441600023188757
KEGG_MEDICUS_REFERENCE_WNT_SIGNALING_MODULATION_WNT_ACYLATION,0.24768401616229,0.210587679275442,0.165895963682976,0.21405926085197,0.272252247317468,0.13787771360289,0.144514734445503,0.185976878402602,0.21605122875399,0.177699356470069,0.201987977984581,0.210999861910206,0.225190261085543,0.209244257337218,0.165902468063454,0.294952057282493,0.191578545685084,0.272397505646432,0.225785603099951,0.17935520152561,0.197327602369724,0.264954338662131,0.22186140383291,0.195710502231252,0.203091876949993,0.18497098210388,0.290988510978203,0.212824958466208,0.165032879723449,0.196022938968664,0.283106502282656,0.283509721703642,0.180587475534412,0.204616317297547,0.292920728451397,0.197193095499956
KEGG_MEDICUS_REFERENCE_WNT_SIGNALING_MODULATION_WNT_INHIBITOR,0.280594640957233,0.227491067412175,0.212584053439127,0.272520777181055,0.298299433181971,0.185395742178942,0.173051135640994,0.241274201904479,0.261841182041933,0.214997429507299,0.257141253754776,0.211285593223669,0.289672224867523,0.262617776701403,0.228373566301069,0.359263743696564,0.21995500735538,0.282162470784498,0.217178246740989,0.224668794587091,0.247508179373806,0.306518982976561,0.272863223753987,0.251002695279756,0.246907175287418,0.235373681608812,0.33392034368797,0.251129931869099,0.193091005624063,0.262511692174331,0.297118055506917,0.308753055218143,0.223363988704182,0.24183583579848,0.279621235211337,0.193077654671184
KEGG_MEDICUS_REFERENCE_WNT_SIGNALING_PATHWAY,0.451017368518546,0.421075195219865,0.408356561748385,0.400923215127244,0.461114346145709,0.394267181545517,0.37463768765457,0.415059802910591,0.407377714477474,0.407203646805139,0.419601739622962,0.412193155717653,0.412959360388037,0.426002376371124,0.415894541488934,0.458551672253139,0.419623339594397,0.441951006174622,0.414973463438169,0.382587894552612,0.439277292067446,0.447343406893904,0.433546934136013,0.425805703553655,0.415847588512262,0.414917156336981,0.46119729376475,0.415012578811447,0.40638745518647,0.416386310004854,0.445621641321782,0.476290187406905,0.401833847755424,0.411141819172465,0.450670285679697,0.413537263317872
KEGG_MEDICUS_VARIANT_AML1_ETO_FUSION_TO_PU.1_MEDIATED_TRANSCRIPTION,0.60616207149446,0.71459511646286,0.659771787088809,0.55762978070089,0.588532910230835,0.616071621315659,0.563041906726191,0.613417579625749,0.704823478745346,0.618102249831419,0.672128656647543,0.626709531418603,0.60076218479366,0.683885513259537,0.691785855790539,0.415568113450168,0.690705409224942,0.676989753138796,0.635552245567027,0.633206455722954,0.620002457477023,0.690374827786462,0.535969813055438,0.631115387433236,0.613694814820953,0.385950877786292,0.61188441936547,0.634731202020091,0.71233680937003,0.676644973656686,0.540533841072668,0.544557869395052,0.654464106533419,0.585649846177305,0.550801453376334,0.604693696215858
KEGG_MEDICUS_VARIANT_AMPLIFIED_CCND1_TO_CELL_CYCLE_G1_S,0.618156123750297,0.556622235719053,0.628478028204522,0.648313627869396,0.631397874139875,0.556409337789913,0.581745029177293,0.599166535108132,0.559027519273647,0.672814332373735,0.601016171789585,0.604042608518334,0.616469272573883,0.525602660052113,0.60762087651163,0.635656359788522,0.577656752696202,0.601716137751642,0.626807051820247,0.568453582247089,0.668378260786289,0.646045315089013,0.643329588970603,0.581960023274871,0.584110210551527,0.712875758737466,0.598640034759008,0.581269913422951,0.621567952848229,0.661735057337007,0.671179984654621,0.628884414349582,0.574684237501582,0.588199858701277,0.635484277790696,0.637735278000419
KEGG_MEDICUS_VARIANT_AMPLIFIED_CCNE_TO_CELL_CYCLE_G1_S,0.54441823850585,0.466477366931328,0.561819545037956,0.557863104404438,0.570190533188951,0.489233051918155,0.476841900824402,0.511211685309231,0.49429324697679,0.604391729211765,0.506087159822978,0.555847781542447,0.520979894990259,0.436586585965953,0.535196370331495,0.575980790055579,0.510945843181612,0.526924461341037,0.534663303865121,0.480827737131592,0.601136815911475,0.586272395868094,0.577857747968591,0.511769442255455,0.4901448040628,0.662236150334376,0.505808028977431,0.496876632765799,0.557330468024772,0.57973741305512,0.59600876046662,0.545844336901272,0.485731251177651,0.494887575558842,0.55254488760507,0.550204465702253
KEGG_MEDICUS_VARIANT_AMPLIFIED_CDK4_TO_CELL_CYCLE_G1_S,0.633142663077091,0.602987831818704,0.656914805053539,0.670705941723623,0.651286871297411,0.604504919224622,0.622617267867786,0.633096838769129,0.599732796364707,0.684479249995354,0.629362649436889,0.636680252807079,0.646430762057905,0.574024703060266,0.635856748960286,0.65705082259214,0.620258530925811,0.637507871929799,0.642909935006889,0.608031839501563,0.677075121904292,0.665690885332877,0.663254140872921,0.619129016988764,0.6199850465888,0.714528752612911,0.632447259033742,0.617994823321521,0.642943529229933,0.666846688990809,0.667881011596824,0.656275083694885,0.614016831419983,0.617787719977422,0.653943382603415,0.658340520264737
KEGG_MEDICUS_VARIANT_AMPLIFIED_EGFR_TO_PI3K_SIGNALING_PATHWAY,0.605803574770414,0.579944852667848,0.565950057261798,0.564178116671068,0.592887927968867,0.575599698033422,0.569763981291416,0.577737311987344,0.561039824788781,0.567678213220273,0.560062964191093,0.597559426978247,0.54666027362313,0.56476774029915,0.569838103474956,0.56584934698656,0.584981366903288,0.564747368198308,0.557874435513959,0.57668833033845,0.576932275326239,0.611107135079161,0.570257053088378,0.588207767784816,0.575105117671654,0.56942626870504,0.589744253450632,0.568736909053809,0.608477004726966,0.579555069740207,0.604434183761586,0.62270718071382,0.60695590731212,0.601505291261864,0.595261652435085,0.590412078911719
KEGG_MEDICUS_VARIANT_AMPLIFIED_EGFR_TO_PLCG_CAMK_SIGNALING_PATHWAY,0.605716856107432,0.570102311073947,0.593113446050954,0.570002847003723,0.561438446955047,0.578955796154927,0.605999524261144,0.568394104873568,0.545397947143043,0.551109879912594,0.580254084016841,0.563330214146822,0.600477629775229,0.547218881417323,0.580824008377626,0.527118255889667,0.626527061204901,0.585652256546394,0.586189636132021,0.644367086060189,0.536192849181675,0.560375664354238,0.534778987132588,0.632816681500962,0.610811083314028,0.496880401030517,0.545357216634418,0.606291261739293,0.571158133445989,0.588791210201036,0.58110495999468,0.562746014189628,0.620908718618444,0.609123968112364,0.590747013965967,0.57565714702579
KEGG_MEDICUS_VARIANT_AMPLIFIED_FGFR_TO_PI3K_SIGNALING_PATHWAY,0.618607018454422,0.594924544624433,0.575871254772456,0.570823807980407,0.601870909367343,0.598612584269929,0.586996419897655,0.598636635941446,0.579100595737326,0.580294225690284,0.590656188538791,0.580995242969872,0.572913159259975,0.598175733524977,0.579170911036005,0.579316101450566,0.596333034745742,0.574258208047341,0.56028242168952,0.581598537846936,0.591931530812673,0.610294759608554,0.574595811044806,0.595507477426859,0.591537142956202,0.554025425892771,0.612504972672211,0.57766539267514,0.578067318343219,0.601054567843883,0.621470768102042,0.615477524086755,0.619918214047201,0.605140521975551,0.605127847243536,0.603969076120375
KEGG_MEDICUS_VARIANT_AMPLIFIED_FGFR_TO_RAS_ERK_SIGNALING_PATHWAY,0.67451128789021,0.664252473835404,0.643957722191362,0.648275512233724,0.667587291725117,0.666801190014223,0.6639303245722,0.661479952178379,0.654907342685556,0.662908529235618,0.659288133379102,0.644214726675313,0.646112738557753,0.657383578092003,0.661424040468924,0.658093936104971,0.655844111636484,0.643022075618255,0.639534679662251,0.64180035817911,0.665717868828006,0.676692918143452,0.661589411035036,0.67020613553338,0.651476295445333,0.621190092480712,0.66206272475978,0.643556272279454,0.621051071217648,0.667335787419848,0.661352471317127,0.65176234453347,0.667054828591628,0.6618556274011,0.654300349638034,0.667826474512126
KEGG_MEDICUS_VARIANT_AMPLIFIED_MDM2_TO_P21_CELL_CYCLE_G1_S,0.632521220169464,0.614244716179843,0.663464012549509,0.642415500435708,0.6533038787605,0.62579280018651,0.623620130735735,0.609760620387763,0.61589218844896,0.671206355768529,0.631249651960205,0.649761597303486,0.651665105568887,0.580793696008088,0.635436430950221,0.625479343860788,0.63955445551345,0.641630187266698,0.635849106332486,0.596909876021517,0.67599264573525,0.660280006442649,0.620442845891016,0.622378070913176,0.610421250371753,0.694882009270065,0.64010902148022,0.611477850426667,0.65269433129525,0.671493205472607,0.66111315744301,0.642032002618597,0.609620085858643,0.61227091471319,0.645502945881264,0.632905293151786
KEGG_MEDICUS_VARIANT_AMPLIFIED_MET_TO_PI3K_SIGNALING_PATHWAY,0.579878413983512,0.579830272036139,0.56472546809652,0.530979941932954,0.551532581199312,0.559911299386884,0.547712517453865,0.561684343341323,0.539074776895581,0.54576837961415,0.565984584644425,0.523959914476453,0.525226887959154,0.562794389668252,0.563669776873427,0.510352897195243,0.59496912304155,0.557989920752942,0.515897959437761,0.551299754633197,0.588025125113013,0.561953494800017,0.542220957428826,0.553039923411167,0.533711192056122,0.53448600279641,0.576152005869188,0.533673033154594,0.596813260388245,0.58073663703633,0.644070571947413,0.547712806511282,0.590162742593202,0.549843332070953,0.53840068878338,0.56871524101384
KEGG_MEDICUS_VARIANT_AMPLIFIED_MYCN_TO_TRANSCRIPTIONAL_ACTIVATION,0.648893074844037,0.61011337501314,0.635932375063153,0.66057069328612,0.653791920369462,0.594776033003272,0.617510694849283,0.63178059754389,0.632281380033155,0.63940678105467,0.594804599222999,0.632934964310509,0.638040777125846,0.589972065060758,0.627887518287547,0.663315367624426,0.617639846321984,0.601986239399968,0.646880383950017,0.613862711302474,0.639718481386687,0.641947214357342,0.620635808501616,0.632225677131117,0.61312121986697,0.693329590827845,0.644883737427236,0.636983264006834,0.59166512470352,0.662316809733137,0.64694820457384,0.65805295941482,0.616766392523994,0.644074232399519,0.646281425065254,0.62090491157501
KEGG_MEDICUS_VARIANT_AMPLIFIED_MYCN_TO_TRANSCRIPTIONAL_REPRESSION,0.513602170512767,0.512429908438364,0.554549716935421,0.528513385140905,0.583797527923758,0.57222316452819,0.474229177262394,0.491621728292535,0.572229791189314,0.571912533648423,0.570799731805208,0.534675535365829,0.541253935561749,0.550809699675202,0.550850640950524,0.601608133248653,0.533175693419172,0.568414585348827,0.554555682750601,0.487460581378643,0.5311586018142,0.563698617775645,0.589367443019635,0.579552835386475,0.509646815608795,0.589677364471475,0.596529761378697,0.526777034723867,0.583404008603579,0.610041183343683,0.54614007773445,0.524917827530066,0.518210367996619,0.495213293645109,0.591629278963007,0.54396307242215
KEGG_MEDICUS_VARIANT_AMPLIFIED_MYC_TO_CELL_CYCLE_G1_S,0.628989315497994,0.613153235207055,0.655942514071126,0.658814128073696,0.661538368665405,0.61762626077577,0.621846565812124,0.610839907683463,0.615946489077915,0.681034912084879,0.643008593694949,0.649616983769454,0.650803248493422,0.584885295880695,0.630985481223765,0.627180672062067,0.63581350663833,0.645648914553933,0.642831244198632,0.578124974407524,0.687753806746111,0.66519549945592,0.638920745510269,0.624687033053654,0.609843191867606,0.714668521997557,0.646030210338478,0.611099008500969,0.654587684664895,0.675171684947741,0.674909678336804,0.654585117394223,0.612028883785275,0.603308042868414,0.658302669515188,0.641758907370548
KEGG_MEDICUS_VARIANT_AMPLIFIED_MYC_TO_P27_CELL_CYCLE_G1_S,0.580303962342717,0.551222391324804,0.596659180153558,0.60365688227278,0.594854024881051,0.56140984134498,0.556025682720803,0.5740900254652,0.567328112922683,0.625789833207742,0.564677333043468,0.596937517384123,0.571479364511267,0.533356870905771,0.585436544301382,0.606291740650661,0.574128061921369,0.577654004728702,0.58567402378694,0.550049585182889,0.619486263796355,0.611371384169269,0.599815981516896,0.579962444323152,0.552647554822233,0.639739785682942,0.557794664637346,0.554373427611404,0.589917769112722,0.604510098026763,0.615668331008154,0.584370886553925,0.552279693268512,0.569356852816925,0.593400778747915,0.594034103497746
KEGG_MEDICUS_VARIANT_AMPLIFIED_PDGFR_TO_PI3K_SIGNALING_PATHWAY,0.620100636687622,0.585950050584842,0.578224691327212,0.567655486472288,0.623421547298544,0.602125313048548,0.593891827096438,0.590646467112279,0.575894382206118,0.604790720816706,0.589799951508111,0.563484227978895,0.581317076806403,0.596841820327496,0.593809961599183,0.570404146548477,0.605452192085578,0.572825547263766,0.54601732908241,0.559018481334877,0.615721187273061,0.595844490198943,0.582597577898487,0.59136441437326,0.587900186795554,0.591729767696071,0.609302332905242,0.586464882293078,0.587364797995372,0.626644561619106,0.642815302026732,0.623998186981288,0.60910063977526,0.603918503101429,0.60468680271402,0.619603100401913
KEGG_MEDICUS_VARIANT_AMPLIFIED_PDGFR_TO_PLCG_CAMK_SIGNALING_PATHWAY,0.613906762722368,0.573559164690937,0.600071976570527,0.571990659986264,0.579157157719666,0.594157084579128,0.619644530793932,0.575907388059542,0.553980984393125,0.572562446894852,0.597196236110443,0.54360719586419,0.619964067838235,0.565781043361432,0.594522057525489,0.529767343367288,0.638080958601805,0.590243762533435,0.579473697804273,0.634542834991818,0.558826284804293,0.551374847344357,0.541963921392018,0.634594652279465,0.618048362398898,0.510064786642427,0.556909118767135,0.616319549809806,0.5589083304983,0.615778923987424,0.603388404264542,0.563502036410162,0.622130597685926,0.610503432222512,0.596149571363836,0.592513569487622
KEGG_MEDICUS_VARIANT_AMPLIFIED_PDGFR_TO_RAS_ERK_SIGNALING_PATHWAY,0.679292082635331,0.664135573535697,0.650057919000037,0.651957627175271,0.684250761642868,0.673563601788584,0.673156762502995,0.661452668963162,0.658453428550962,0.682303700712439,0.663643492560603,0.638917478910657,0.655935208457837,0.660814706718263,0.675312103259443,0.658694489725719,0.665133340652915,0.64705615095275,0.637208660706682,0.633481770487933,0.68414816454278,0.673321766079356,0.672124180935502,0.673158304578404,0.65366999262617,0.646918364872883,0.663766679779141,0.653102853612498,0.629284413935987,0.686293651731161,0.676202361569315,0.659135316512178,0.664315090548518,0.665168168238052,0.657525796428275,0.681055502026766
KEGG_MEDICUS_VARIANT_AMPLIFIED_REL_TO_TRANSCRIPTION,0.478311729087715,0.61356961256239,0.59652850418197,0.500384531701396,0.503966777743863,0.552823786511537,0.498155191372826,0.509466720564281,0.618595301630212,0.486197976826441,0.562610739413082,0.523733803689762,0.500705612322661,0.589721809440582,0.611837410821915,0.455912578852854,0.566577484203758,0.558957976569905,0.545300420012327,0.499092659884408,0.51664126887076,0.569602208458815,0.457581659852107,0.514064048675469,0.50111352447128,0.406602938726663,0.519690352239625,0.512624077088278,0.603705210391759,0.555043150935532,0.455258511780954,0.46079057081068,0.582917961645944,0.513353815489115,0.455879556371167,0.523557577216275
KEGG_MEDICUS_VARIANT_BCL2_OVEREXPRESSION_TO_INTRINSIC_APOPTOTIC_PATHWAY,0.587228813505861,0.599443603810851,0.596579612835338,0.598031230084978,0.603329043765706,0.598548401458275,0.611919945315152,0.578620977401967,0.60085937980792,0.57625825167549,0.604764623238558,0.611675384795865,0.596825384611216,0.568963092050109,0.603278233712062,0.567012022806374,0.599740534615159,0.602177696173131,0.582893563124726,0.59264156743463,0.591325798619343,0.58461349140005,0.559405362998528,0.588258453378212,0.577850741690022,0.548135069281829,0.566835039911267,0.583083724083699,0.599825654915924,0.606338851060948,0.59816128421209,0.598981564786224,0.604212729999214,0.610436703349324,0.568504422869669,0.613652527284746
KEGG_MEDICUS_VARIANT_BCR_ABL_FUSION_KINASE_TO_PI3K_SIGNALING_PATHWAY,0.636042189167031,0.629368445195177,0.641518299702249,0.631735392673258,0.63097185439461,0.620107512821949,0.644035823280171,0.621167702440963,0.596649046997391,0.6122333274577,0.62199551422283,0.618998741218488,0.615568965905304,0.616975392914976,0.61832571283623,0.595512221441976,0.628072819568568,0.618656372243219,0.596234185394974,0.63627054167652,0.628947781432735,0.636943419276794,0.605089744828688,0.612691929516106,0.627405445454875,0.624641614363675,0.631769748513569,0.614762413511685,0.643703484470853,0.647607332518281,0.654308697073123,0.649872340928592,0.636825223893177,0.640112746485219,0.628786860216737,0.633042054300731
KEGG_MEDICUS_VARIANT_BCR_ABL_FUSION_KINASE_TO_RAS_ERK_SIGNALING_PATHWAY,0.67728822949186,0.673692912637423,0.662864191415818,0.662499561269892,0.681471056069027,0.669166803374472,0.676975532323229,0.664817269133931,0.654963350080947,0.680047594418733,0.66561850529912,0.653135340088944,0.657475720652268,0.656092876071754,0.676672245161216,0.663334220624966,0.668830140605566,0.658763965746841,0.647590140744543,0.655442645252125,0.683189205214725,0.67973763369553,0.669339220919501,0.673369924564932,0.657013487938078,0.653670984561063,0.663452273221641,0.652824855602685,0.648313875855004,0.682892287180905,0.672682048201463,0.65778170091473,0.669086296718973,0.666413633425758,0.656328334083731,0.677484071351461
KEGG_MEDICUS_VARIANT_CDH1_REDUCED_EXPRESSION_TO_BETA_CATENIN_SIGNALING_PATHWAY,0.608595399504786,0.577836366088258,0.594754887125528,0.603528994299972,0.647813476552665,0.591757964608779,0.556402687874281,0.579529986004511,0.586197343698662,0.600523760541037,0.594361024808024,0.564463708324995,0.549769556651257,0.567523964820426,0.638606596866188,0.615122790503862,0.569545564252623,0.554761746102892,0.588994718911451,0.483219172039233,0.622885845376964,0.614834140714107,0.587516320577739,0.608113278763465,0.56310733569171,0.538649308744441,0.622597186915421,0.579123684268419,0.585417080457775,0.584479124904657,0.561256750768185,0.623011820884971,0.587410010450432,0.547754324620713,0.578797699314492,0.578453316808474
KEGG_MEDICUS_VARIANT_CDX2_OVEREXPRESSION_TO_TRANSCRIPTIONAL_ACTIVATION,-0.0143553188672336,-0.0354481374883728,0.0647740169630936,-0.0985732835464589,0.0894339540268954,0.0356669213376276,-0.103301233640671,-0.139929780475494,0.076820749136835,0.0648037237085536,0.0533710264632171,-0.0464177306946543,-0.0655191935119759,0.0450815997589592,0.00669431521244437,0.0233870328367913,0.0354167469741603,-0.0200756989118463,-0.0616891022634762,0.124675103273987,-0.0984802061950746,-0.0877084732303656,-0.0860624171940247,0.0854293589739779,-0.00742774094281535,-0.151706907045302,0.0371468353614703,0.0257045216840134,-0.114993985619791,-0.113503635350008,0.00694837194135409,-0.00233446318889264,0.0391190943572844,-0.0561943127521687,-0.0175452952829354,-0.0354587049992139
KEGG_MEDICUS_VARIANT_CYP11B1_CYP11B2_FUSION_TO_ACTH_CORTISOL_SIGNALING_PATHWAY,0.455150384777115,0.458081498275223,0.40204443513535,0.41913326480567,0.477492118319786,0.417657469657386,0.399395773482426,0.445931741248726,0.380977162845835,0.434590106491529,0.409864923294474,0.431613130123795,0.423404609308423,0.436455919666294,0.418269912086721,0.44360860321504,0.414559501746422,0.43836515635101,0.417293359850698,0.387169857798857,0.419366926107477,0.43402835005481,0.423945821458053,0.474134385640122,0.445300105890037,0.439527946114105,0.467187830172666,0.43698077035487,0.431571002016196,0.450082421199783,0.44442109841806,0.45361898709952,0.448598783438696,0.415512502372315,0.463724959972542,0.443020017878168
KEGG_MEDICUS_VARIANT_DELETED_DMD_TO_DYSTROPHIN_ASSOCIATED_PROTEIN_COMPLEX,0.56698123353026,0.557263559116758,0.57484171983631,0.583832345039893,0.575735635729928,0.567912446027514,0.606144250735499,0.570515869727423,0.52706668027998,0.551746360530905,0.558009631428111,0.550154941960547,0.572131592947899,0.54508005751286,0.589081985950295,0.553503484775439,0.551049825732789,0.546291810133831,0.560979049824452,0.590260841779604,0.545267238708153,0.576218434451357,0.533679265048904,0.580487634099444,0.576014334082927,0.509065288032118,0.542710100732124,0.582385537072835,0.503854702558748,0.54059771794386,0.546218292849444,0.539072438535018,0.55449692473921,0.588530628703543,0.570925250143569,0.58694328068849
KEGG_MEDICUS_VARIANT_DUPLICATION_OR_MUTATION_ACTIVATED_FLT3_TO_JAK_STAT_SIGNALING_PATHWAY,0.477313187161114,0.518503372934042,0.528869724384662,0.453159400825288,0.391845745874932,0.551203057793784,0.485247361395282,0.49786971672441,0.551671850525689,0.469569141087018,0.513402140517009,0.455057107400046,0.502436843254817,0.541785181458238,0.529703579551557,0.532971213857043,0.433789567873668,0.508358754205683,0.524739953887058,0.417280546146433,0.508972965977682,0.521640106806797,0.483973921439561,0.494156306166582,0.514453590180359,0.487100242160298,0.509034585000507,0.494535904732098,0.581614841417316,0.50651734521166,0.499191517059402,0.495455706757565,0.504420074420845,0.517480779277753,0.482928288562086,0.552815221665305
KEGG_MEDICUS_VARIANT_DUPLICATION_OR_MUTATION_ACTIVATED_FLT3_TO_RAS_ERK_SIGNALING_PATHWAY,0.633313987220017,0.630456746398371,0.630480057389035,0.627224453177244,0.614664120772096,0.632905151056641,0.643565528406484,0.625291217617742,0.63013962380764,0.637020539148625,0.625992661085918,0.610302224646337,0.619102323861433,0.622564865095085,0.637384025666618,0.635075395832627,0.603559866831611,0.616778289315364,0.608973070772901,0.590743266178572,0.645316415794758,0.643676965803492,0.62674643456993,0.636071082521314,0.625087653533562,0.610083987891885,0.616578964675907,0.613029224417071,0.61608204748188,0.648647764127348,0.62767141554734,0.619479287997291,0.623920191800829,0.636147565949486,0.625661430591717,0.647965118171643
KEGG_MEDICUS_VARIANT_DUPLICATION_OR_MUTATION_ACTIVATED_FLT3_TO_RAS_PI3K_SIGNALING_PATHWAY,0.596465470539636,0.591486666547695,0.606050792319307,0.590339497541861,0.562535370824317,0.589973810136551,0.610649163854156,0.588364435401208,0.589945744237103,0.579267210735941,0.584711930977404,0.567655196380319,0.578867627475205,0.582318341019293,0.596584025609857,0.586710779128383,0.575742696964034,0.577438825283451,0.559763355094346,0.564291607582905,0.5928849055537,0.609762810920949,0.581231044092256,0.590592596529287,0.591931186328742,0.577223643619606,0.574979394559218,0.576394885759806,0.591402479117508,0.608739489372742,0.603601319722019,0.591304691509608,0.586284734796485,0.610236437352493,0.586249142132405,0.608874130614758
KEGG_MEDICUS_VARIANT_EGFR_OVEREXPRESSION_TO_PI3K_SIGNALING_PATHWAY,0.600332147656311,0.578415619540395,0.566652679420551,0.564239047962552,0.591307379843545,0.576703496869439,0.570883161916836,0.569486412513784,0.559471854474537,0.558443933635199,0.567961337661013,0.598474745930027,0.554966719588017,0.557863038432558,0.565369412515746,0.570489866074049,0.578888097072614,0.567056779773657,0.561730802809899,0.571783571357187,0.584116836691173,0.6006420125891,0.576111248194909,0.580248439763566,0.566742019471127,0.580921540377376,0.591481151863198,0.569436716283185,0.596558667089421,0.576354824580264,0.594191758817406,0.602185611489613,0.596671837791527,0.585597121833002,0.583751415753997,0.584071195804048
KEGG_MEDICUS_VARIANT_EGF_OVEREXPRESSION_TO_PI3K_SIGNALING_PATHWAY,0.570803777635956,0.56038406340843,0.538241120411445,0.527936879896591,0.523533200567339,0.556417748142627,0.542723343377454,0.534855060199937,0.54683741807271,0.523420323777301,0.526807321726164,0.554339867599752,0.530666601161278,0.55108939261983,0.543001170693506,0.492768080313631,0.557571408817465,0.543166010806579,0.534851499148195,0.536828387083553,0.531656131937953,0.584929601666532,0.543550354712776,0.565709455539078,0.550547718963582,0.489117773955354,0.547810373145723,0.543000050386459,0.581799176250634,0.522997195671459,0.548295150160435,0.568530627782439,0.594512956533025,0.572160430810928,0.528478455833482,0.556929877740775
KEGG_MEDICUS_VARIANT_EGF_OVEREXPRESSION_TO_RAS_ERK_SIGNALING_PATHWAY,0.649093099248757,0.647189331608911,0.619702757331115,0.627252618035781,0.630680521019221,0.64573788864924,0.63974214032357,0.628007819230589,0.635382335544104,0.636629348283355,0.623677897428575,0.633064972357811,0.623827137307363,0.632186204146891,0.640535803063985,0.616350859592763,0.633375574703015,0.625284820740529,0.627731399484654,0.618568534193267,0.63525383355557,0.661041093555952,0.647213653361665,0.653988007746155,0.630349209351477,0.5951788331597,0.628435962719131,0.624991844091663,0.62594433648986,0.628294227024551,0.624872688483027,0.630838735279993,0.655147788543821,0.644931510532469,0.618539146010581,0.645477676906013
KEGG_MEDICUS_VARIANT_EML4_ALK_FUSION_KINASE_TO_JAK_STAT_SIGNALING_PATHWAY,0.576359108989748,0.664622347103724,0.579985216773888,0.452946239181003,0.598212147265622,0.618403768822402,0.552906790834959,0.565288466331386,0.584219898413933,0.546485983330337,0.607465828038729,0.555552460986088,0.600037253455242,0.635617467238168,0.612181720612334,0.561422535848325,0.635351241344701,0.628511113901968,0.557460030768075,0.585527392221368,0.596152810869847,0.608367457641842,0.551003680258021,0.57692999737241,0.533887000406303,0.533431779134159,0.6059721012404,0.581240132576154,0.686691749903089,0.623219892196983,0.601115774118783,0.537651761937126,0.631461136696719,0.522142528219936,0.554383714435155,0.597002322032336
KEGG_MEDICUS_VARIANT_EML4_ALK_FUSION_KINASE_TO_PI3K_SIGNALING_PATHWAY,0.602175258742272,0.607970868237929,0.58679462718885,0.547117156244025,0.593987666149377,0.589279402184655,0.59416881486355,0.587055807042003,0.543761073032552,0.543077628391309,0.58939214121604,0.577731067834176,0.589299714077386,0.591295172716709,0.575059218787534,0.554979229745728,0.620592750298403,0.601745298966016,0.541149255627015,0.590856312938372,0.595664275032761,0.589333666183998,0.56981968935338,0.575628217389808,0.572969704140016,0.598031516013486,0.588961517344568,0.595660304328116,0.629050242628394,0.602098314875819,0.637225564223639,0.589702796192347,0.60947294194259,0.574919753640797,0.58658911865031,0.608988565788284
KEGG_MEDICUS_VARIANT_EML4_ALK_FUSION_KINASE_TO_PLCG_ERK_SIGNALING_PATHWAY,0.630490614183443,0.628809327457437,0.616780154742736,0.595446502536864,0.640785433149256,0.619087006589085,0.625158101228173,0.634235283679879,0.553496038235906,0.631232900137435,0.621238517092491,0.593645898869346,0.574455134939385,0.648727332284984,0.630889176406134,0.61931052494091,0.631685460344163,0.628673699231992,0.585397049217526,0.615315329084075,0.646190911623824,0.628857226001963,0.634102035461672,0.63387480181341,0.610770085909622,0.582727584038396,0.607048048126185,0.635708918416955,0.623231554163493,0.629984554839138,0.623224363120927,0.615564015828569,0.631944157025196,0.6034623599122,0.614111378923488,0.629648716829466
KEGG_MEDICUS_VARIANT_EML4_ALK_FUSION_KINASE_TO_RAS_ERK_SIGNALING_PATHWAY,0.675799258306696,0.680350660317341,0.652883071208907,0.642388118516093,0.678099849965569,0.67000558558752,0.670467985518712,0.663443071579265,0.636333078745025,0.665756284766171,0.669414769726335,0.653063472545961,0.666169662727719,0.662586521581298,0.664758171495741,0.654899030068677,0.673067472032569,0.670625786865212,0.641534677779834,0.653513124686485,0.688245861216099,0.667357198350608,0.674277874318485,0.669123819583308,0.645003436121789,0.658631932431142,0.66250764398219,0.668462068998794,0.661316934139899,0.681910913633752,0.69192643139667,0.650099520605997,0.674869861935887,0.647936069357454,0.664954910789671,0.686084061713352
KEGG_MEDICUS_VARIANT_ERBB2_OVEREXPRESSION_TO_EGF_JAK_STAT_SIGNALING_PATHWAY,0.595351918098819,0.614009966373786,0.574963039050585,0.568910682032579,0.576990173023498,0.602577694704804,0.53235796206724,0.625337358042353,0.59786290227541,0.577692453390285,0.572470502593792,0.610995006646521,0.590059841036745,0.604086097856044,0.610769339311371,0.563231181817225,0.590299894031764,0.576508723838226,0.623858206738372,0.541867494091155,0.596188216108417,0.648678453158379,0.645578389114119,0.638918577172738,0.582977179617302,0.495173901088614,0.599778459627257,0.571872710198444,0.627619092067853,0.546970106355601,0.546620841122989,0.578129520418823,0.655529536665873,0.587350134816862,0.570201842219355,0.602456148919562
KEGG_MEDICUS_VARIANT_ERBB2_OVEREXPRESSION_TO_PI3K_SIGNALING_PATHWAY,0.566878917952427,0.548103322763454,0.525577575751173,0.535663936157537,0.535032535059183,0.552752641869833,0.537335351522113,0.545897352004364,0.537455070373174,0.529456595389998,0.533616289472091,0.551743844276455,0.541416809291845,0.547992261903517,0.533558181397527,0.52100608365106,0.542842067333632,0.532358435359334,0.545911254515924,0.53265686122147,0.548908046418521,0.577912481149689,0.560131067804783,0.557632947145339,0.545506707176335,0.529252750596641,0.560255630939012,0.545852107306029,0.570392501177372,0.531736356589741,0.546799505691306,0.564134529293414,0.581378700336753,0.554055922070655,0.54821867972196,0.551980035980564
KEGG_MEDICUS_VARIANT_ESR1_POSITIVE_TO_NUCLEAR_INITIATED_ESTROGEN_SIGNALING_PATHWAY,0.591601857045971,0.606292967666586,0.551944574538292,0.525526491737404,0.604356436081974,0.566517139326767,0.556597559931865,0.565763203650724,0.585894242840711,0.602793303555852,0.561167760555278,0.510668727878307,0.567086822473801,0.566284063619649,0.590053207550936,0.586521984819593,0.587407570244224,0.57566819223766,0.564207807289997,0.519794939264173,0.588544879643537,0.568241827965262,0.550755151295899,0.586449462858933,0.520378997043611,0.558730031143074,0.582607177779441,0.544269030161954,0.593392028690506,0.597915706104919,0.592745156398229,0.595590452685597,0.594409485679165,0.543784625274616,0.55397049038907,0.608006819607398
KEGG_MEDICUS_VARIANT_EWSR1_WT1_FUSION_TO_TRANSCRIPTIONAL_ACTIVATION,0.434732920851852,0.435781912065963,0.491862600604429,0.491820414504344,0.423570019918148,0.557023411169975,0.4465866966732,0.437304097174987,0.51054262651559,0.465003956693504,0.514659641588415,0.485044224208263,0.456415031477538,0.469919612201832,0.483077208338561,0.483446998930669,0.474854189434401,0.475385851812062,0.471646253808892,0.44657389341939,0.517337207812808,0.475356458860769,0.453102378181716,0.552549656075203,0.47273997815405,0.358091444418214,0.474553297398796,0.450577193344759,0.343094119256807,0.46814122449093,0.395087824182646,0.452428867026087,0.520933223568196,0.463830515454626,0.422187002961825,0.49734566390765
KEGG_MEDICUS_VARIANT_FUS_DDIT3_FUSION_TO_NFKB_MEDIATED_TRANSCRIPTION,0.597449143677161,0.696394599452516,0.61274655490841,0.54303354602125,0.595475612882826,0.658297157010738,0.556017280601948,0.605593211670809,0.634794977925884,0.585693660779975,0.654266386409066,0.560893176167972,0.577294294419375,0.630165083558845,0.665219856484007,0.571734155745829,0.63340699198638,0.617623230316872,0.623572456204623,0.568681259062962,0.63965090016168,0.598695717492936,0.621257949234266,0.592685470744865,0.587076023927396,0.590424399208505,0.656903601727271,0.578482105892651,0.700314324038767,0.638122038681126,0.626510917307592,0.597437602573806,0.651785660662555,0.593844862732966,0.533369671002417,0.664440080066215
KEGG_MEDICUS_VARIANT_FZD7_OVEREXPRESSION_TO_WNT_SIGNALING_PATHWAY,0.437510098795627,0.41791177794277,0.398444428242318,0.412746646364676,0.453084906330946,0.376944298301838,0.385839027651318,0.406151447599286,0.414807872719577,0.408936243616553,0.410601995176707,0.416119796321949,0.412926981569868,0.413601414247113,0.397676787174573,0.468094344360219,0.407165734411347,0.434172259596856,0.415923120037814,0.387215479330012,0.423254937226554,0.44174589376126,0.421160654417182,0.409507582050944,0.409300999289373,0.407149995684894,0.456452140571202,0.411625789584079,0.390192100075214,0.40651591553424,0.44010854399316,0.481762320735337,0.398746130781841,0.408877403518388,0.456417517310428,0.407739859182572
KEGG_MEDICUS_VARIANT_HRAS_OVEREXPRESSION_TO_ERK_SIGNALING_PATHWAY,0.659941337107238,0.657846908910441,0.635084805873561,0.645084343472185,0.664404635930808,0.645739772556548,0.662884950205505,0.659256166869452,0.642521210727061,0.668663587907394,0.658647566556979,0.642380432648938,0.649602120469851,0.65165180653307,0.647614977804144,0.654309569636121,0.652455252208535,0.656188131153373,0.650619516917481,0.634291130833397,0.67399918331722,0.652647552940472,0.637781119702765,0.649036978679974,0.652743937142189,0.655915543821786,0.665310743849769,0.648070940806672,0.643621889475021,0.662699743803905,0.656864757535641,0.658754647466785,0.665336026641209,0.648100475713959,0.655134354351905,0.671243035987139
KEGG_MEDICUS_VARIANT_IGF2_OVEREXPRESSION_TO_RAS_ERK_SIGNALING_PATHWAY,0.652322420934716,0.646329018168839,0.645253140006745,0.629703146689448,0.670206826983615,0.666734164773742,0.644780633203486,0.656811585445256,0.651846013502974,0.673514895710636,0.66441333784606,0.6197867417367,0.653638839988717,0.649864048949912,0.667584919522025,0.668104144003112,0.655117950875087,0.634501379217259,0.619674762633478,0.63985153521573,0.660922016954005,0.656213669739114,0.663283534134252,0.650983813330229,0.63323048150025,0.630828321651073,0.652188348599436,0.627415043813163,0.637318044978626,0.676236243917594,0.634329140316283,0.6356108807593,0.640180784054101,0.639038910358711,0.621266357743164,0.637182955521979
KEGG_MEDICUS_VARIANT_IGH_MMSET_FUSION_TO_TRANSCRIPTIONAL_ACTIVATION,0.682244998063229,0.754953653879579,0.763864564329252,0.76432924370853,0.741696624529606,0.745742068537433,0.75109954843969,0.756320357936278,0.749213496841447,0.760721144998846,0.741477951880534,0.760447804187507,0.720403375326246,0.689734536293936,0.754871651636178,0.766789311010587,0.75640236017968,0.747026770350729,0.696841397388767,0.736147806059411,0.751728232305771,0.757468389343904,0.731829021240244,0.753832956553087,0.748038131352686,0.749814846626394,0.744375364480734,0.74489471202228,0.692030599109189,0.71422587298997,0.663056473107185,0.742215972071151,0.733824409163024,0.732266366538388,0.740521259040845,0.738935882335075
KEGG_MEDICUS_VARIANT_LMO2_REARRANGEMENT_TO_TRANSCRIPTIONAL_ACTIVATION,0.617288617667743,0.646698666148889,0.639621026994678,0.585139386063565,0.642275613747875,0.622971197162949,0.619219419000879,0.546303329572727,0.63653082091963,0.578796562973116,0.661362576129381,0.606408831317042,0.597255916516433,0.630671315986542,0.652560146995837,0.552729763354445,0.631584337014255,0.639229481316277,0.637029939846227,0.642054854156385,0.61503648913379,0.650339033288306,0.566280923067473,0.633932510960804,0.630831973390229,0.494739886868735,0.635597270268394,0.635505897278639,0.669159803740002,0.612231851716092,0.543748295008436,0.539574434573597,0.620481298822587,0.623382632613124,0.592876948977081,0.587103904248056
KEGG_MEDICUS_VARIANT_LMO2_REARRANGEMENT_TO_TRANSCRIPTIONAL_REPRESSION,0.584595657864213,0.597662141525396,0.545249204959759,0.582868699427563,0.6162553937628,0.578009306927234,0.592981007358904,0.543065311026921,0.636556457503976,0.598825655579988,0.649302074849394,0.635252622203538,0.526620891721914,0.614755995621905,0.617509116230741,0.487584973736923,0.610597294710755,0.632920869243466,0.612798325553753,0.599424096565916,0.613871196147733,0.627304597514001,0.540536485829023,0.592879462256663,0.591507324366396,0.473868534649854,0.57638263541266,0.595963844407434,0.654754482616232,0.620403425179528,0.543137991066408,0.533273011861064,0.567906272522901,0.578111510778638,0.574412023861151,0.543010800682418
KEGG_MEDICUS_VARIANT_LOSS_OF_CDKN1B_TO_P27_CELL_CYCLE_G1_S,0.547628753568344,0.474102736196424,0.556434690634728,0.558619581775434,0.560523633390431,0.50907807396299,0.488492191299048,0.517217544229621,0.50315545183973,0.60088939866441,0.504512154752985,0.55975152754356,0.5231379651744,0.445664044225277,0.539959456019211,0.578556804155267,0.516389416879526,0.522044206108717,0.534501072574047,0.490542862674766,0.600379320205335,0.580644564530832,0.56634874869618,0.525130783541626,0.497736844383519,0.647771433250521,0.509973182612891,0.500751362727565,0.536098475827995,0.584029509918329,0.594173512292293,0.544853125600899,0.491330894163632,0.5111801040268,0.546310092024969,0.554468824923283
KEGG_MEDICUS_VARIANT_LOSS_OF_NKX3_1_TO_PI3K_SIGNALING_PATHWAY,0.60567703322561,0.553877244407965,0.627383242964887,0.631315568929835,0.580113492345078,0.583052529079577,0.620564945023526,0.58309347551371,0.54994033041296,0.556467650146445,0.601664787039724,0.57038881525323,0.567605093497747,0.602335518073301,0.578021416576966,0.551878136574934,0.607752161545217,0.585310832599423,0.570606696926621,0.59144406996743,0.599942593466457,0.583431683484712,0.590065347749921,0.589750401869693,0.552973879929607,0.55605100264737,0.559503570929804,0.592903064401624,0.61757723141009,0.615785030339865,0.555480759166682,0.615133049947772,0.626319520544413,0.563509933240116,0.633200486993657,0.61444165363982
KEGG_MEDICUS_VARIANT_LOSS_OF_RASSF1_TO_RAS_RASSF1_SIGNALING_PATHWAY,0.571269934954631,0.62809483718695,0.602086311230746,0.570149150883576,0.569549308550069,0.594150769111439,0.594480946047945,0.579935054256746,0.600980992102372,0.593750115863369,0.593705459757637,0.565136137646007,0.559943910717169,0.58675302210985,0.607038567506925,0.541849815828678,0.604836532876382,0.592563202131331,0.590539503714987,0.576298229026014,0.579372933066302,0.604169363832261,0.592431311504727,0.587025330840465,0.581359133114672,0.538438167017266,0.561055143557756,0.572788298981651,0.599007245186139,0.612400783975862,0.622399588352763,0.567644354940487,0.587681536845458,0.583612205652158,0.573420290270092,0.618281952231281
KEGG_MEDICUS_VARIANT_LOSS_OF_VHL_TO_HIF_1_SIGNALING_PATHWAY,0.619843955197458,0.659404641795031,0.665218989513241,0.563444377493674,0.676331491060999,0.630470653788354,0.585743719985907,0.62868790051864,0.620831157488988,0.615543257426863,0.638951633218936,0.617669287899987,0.613195360037252,0.626373084381862,0.671415335339625,0.595824992014685,0.658599642812875,0.647425040200085,0.596764329783407,0.613222106901662,0.652289428835994,0.64192302929067,0.613607007688848,0.655834577015238,0.607535020921808,0.539135366996031,0.618666184168863,0.624308586772164,0.667296662311929,0.646606906594913,0.594288503434287,0.591267682805827,0.658591733870639,0.626052161849765,0.601144415571141,0.650050512620558
KEGG_MEDICUS_VARIANT_LRP6_OVEREXPRESSION_TO_WNT_SIGNALING_PATHWAY,0.44528508959181,0.415708010305071,0.402232172273503,0.395291763821178,0.456368024798482,0.387819940383986,0.37141382121495,0.409545101822937,0.404108300298336,0.403703027420821,0.414270449233625,0.406564035376997,0.406947419497304,0.420120743772337,0.411487853263279,0.452668184254762,0.414780743086569,0.437680236536174,0.40924692908169,0.378851949018391,0.433909328997772,0.442630531950741,0.426983204061248,0.421026178356208,0.411899132480649,0.407140483155735,0.455039439403913,0.410947801582358,0.399755601783768,0.41049520370668,0.439789833664888,0.470643848050256,0.395675199367994,0.408228945038505,0.445120718421622,0.407712200427277
KEGG_MEDICUS_VARIANT_MET_OVEREXPRESSION_TO_RAS_ERK_SIGNALING_PATHWAY,0.651998365437787,0.6631638737516,0.639990506465057,0.624723665993437,0.639552340157994,0.643262574698372,0.643745533176786,0.644021048547746,0.633881735251573,0.644551128569837,0.648396727874472,0.612101527285093,0.621984943747343,0.642232537159296,0.653601886670692,0.625449816087103,0.659009433625384,0.640260783626555,0.617963029265535,0.629040913348203,0.664431294827111,0.649897131171313,0.645148867644933,0.647928217291252,0.623277832515799,0.613751488997325,0.639070870418549,0.620330860123939,0.644003146124689,0.662541183753946,0.676516788219594,0.613477392247365,0.652540771638666,0.630905898916644,0.615841384283768,0.64798158940517
KEGG_MEDICUS_VARIANT_MLL_AF4_FUSION_TO_TRANSCRIPTIONAL_ACTIVATION,0.566532426908987,0.550946351454179,0.54913192664713,0.528865736613768,0.563345148391949,0.562260921912532,0.536938531037747,0.548229377961536,0.549831712315134,0.564203135555089,0.526314651488501,0.500444143251269,0.532247774266817,0.520705583299389,0.554562644840576,0.532914679271437,0.524216107097602,0.540378625780348,0.5225865828004,0.469823830386146,0.587259538411146,0.529971491571363,0.549654037498553,0.56605205210622,0.504369751295935,0.490602547431292,0.509703162893022,0.525451916525058,0.537578461794777,0.542099551665938,0.516648775384343,0.548715030107847,0.505606445023524,0.507853934685915,0.528946278914451,0.565421820206227
KEGG_MEDICUS_VARIANT_MLL_ENL_FUSION_TO_TRANSCRIPTIONAL_ACTIVATION,0.409348665353357,0.410932889971733,0.475650570750539,0.483942052490623,0.509558586225286,0.462115923250654,0.4018964160512,0.401801339951436,0.386709708238076,0.474350616955421,0.417225807448615,0.383969141224741,0.460421166769435,0.429668018790531,0.455328540383122,0.464882894997075,0.393322668054085,0.383656064246865,0.422342472249002,0.329870531040941,0.515512752993566,0.445145860117944,0.457936685819686,0.421436918084404,0.390694503576081,0.343704901222553,0.336825668354431,0.3664319333338,0.497831287495917,0.327886232737447,0.422388624296076,0.442177302530668,0.345010777555968,0.37775892306514,0.473427542036886,0.45862110308527
KEGG_MEDICUS_VARIANT_MUTATION_ACTIVATED_BRAF_TO_ERK_SIGNALING_PATHWAY,0.667467008232688,0.665740562385664,0.666546806048917,0.65704582593005,0.684409157731885,0.67215178544248,0.675481371360271,0.662971871609772,0.65038630976277,0.671023143076894,0.669385196932294,0.666745788833608,0.654710781108482,0.666295493676667,0.664851309251372,0.645614469274679,0.66633022613438,0.667701268805418,0.649395937265946,0.654894571338346,0.691286221991552,0.671695952563031,0.64194027418741,0.67031026611631,0.65524219794688,0.638022715563821,0.6659010884469,0.658958583541322,0.648942553597527,0.67673096944443,0.66901909827344,0.650115717819307,0.677835495344587,0.660736030995574,0.65538558732241,0.673145350500238
KEGG_MEDICUS_VARIANT_MUTATION_ACTIVATED_CACNA1D_H_TO_ANGIOTENSIN_ALDOSTERONE_SIGNALING_PATHWAY,0.55151702009327,0.516006705005822,0.513748946402425,0.511027314602971,0.534598207697624,0.499880139293729,0.525919498303183,0.495648477232539,0.456238716008989,0.50224944716366,0.506066054825676,0.485612353454894,0.515273326311327,0.469421874617342,0.504338385950486,0.513903177030748,0.55643984785395,0.533132824159286,0.484514475963151,0.517672865250823,0.508944037175323,0.50448220468881,0.474994940479855,0.562393884318987,0.507699759538813,0.473750645283089,0.511224208906936,0.531859887235532,0.495808595795428,0.541594136999205,0.535409809138537,0.483170352602953,0.517859250054098,0.499697012573219,0.526907867076461,0.506472090154294
KEGG_MEDICUS_VARIANT_MUTATION_ACTIVATED_EGFR_TO_PI3K_SIGNALING_PATHWAY,0.609083026960691,0.589149492979126,0.591025707352652,0.584492986996285,0.587461557644343,0.585884457606679,0.590751400142225,0.593296823587832,0.575734998360296,0.553189443383874,0.579790407045676,0.609384715766631,0.565900652701074,0.581546315254859,0.579817498890175,0.568903174246615,0.598768904838815,0.585823052234386,0.576709332794135,0.595943283710913,0.579013707778719,0.625609296178754,0.585581935695104,0.595480354368136,0.593963350951613,0.57758138692849,0.598350527258448,0.588990400154975,0.620947507222354,0.583125294386984,0.609056450250466,0.628022332572687,0.614559312450067,0.616913778691498,0.601412844887041,0.59535163699222
KEGG_MEDICUS_VARIANT_MUTATION_ACTIVATED_EGFR_TO_PLCG_ERK_SIGNALING_PATHWAY,0.634405911472712,0.6181225041964,0.619172697315424,0.616465299948048,0.637118093639199,0.617165953820248,0.623228184678905,0.637742311736134,0.571854486744289,0.636821377431959,0.615815240995115,0.611716989829306,0.560958844760071,0.643274971271532,0.633555245519053,0.627088667766147,0.619266878131745,0.619664090637479,0.605486230457162,0.618201157864891,0.636857658443957,0.649377392614008,0.642913822098596,0.645007856689569,0.622619568285545,0.570962215915923,0.612393804688424,0.631953059355098,0.618581706799432,0.619263641593556,0.60704057234596,0.637340974262506,0.634834435142613,0.627307392581478,0.622518141194959,0.621902246714344
KEGG_MEDICUS_VARIANT_MUTATION_ACTIVATED_EGFR_TO_RAS_ERK_SIGNALING_PATHWAY,0.677832938651628,0.666336678229578,0.650024881248193,0.657638076379477,0.672608307677841,0.661910937502115,0.666796207028101,0.66054486298167,0.654319235268871,0.669029909736972,0.654105001548207,0.657306712555417,0.644977113957146,0.648767330408907,0.66845545954116,0.663213397861995,0.65699376108221,0.648784793947426,0.650547637336046,0.6507307192091,0.669647292983185,0.686271969349585,0.671779158255195,0.677026946654942,0.650857145222766,0.643858650568,0.660241684095547,0.650488458801845,0.646970707709659,0.666973994043211,0.662391495868244,0.664604625429313,0.668950068901261,0.668704128473695,0.658959841474669,0.671660265189091
KEGG_MEDICUS_VARIANT_MUTATION_ACTIVATED_FGFR3_TO_RAS_ERK_SIGNALING_PATHWAY,0.668485986672238,0.660917361273408,0.632667409943973,0.647872457395521,0.667952501006409,0.650174212528447,0.666745281571786,0.652496807064631,0.635333079548696,0.659026559795622,0.649756209920541,0.636208436338511,0.640688559398913,0.644813095168086,0.659460450201266,0.660447511660399,0.653575237921217,0.645502794660093,0.643401896885764,0.638913550847027,0.65217114219563,0.660924992180842,0.65250426605776,0.659428097009279,0.648137743484566,0.635449464332461,0.657518692609675,0.642826976555846,0.624400086238057,0.662833882902883,0.638991768455227,0.653523313917295,0.659856977261791,0.657148551150828,0.646639631738292,0.673375082136507
KEGG_MEDICUS_VARIANT_MUTATION_ACTIVATED_GNAS_TO_ACTH_CORTISOL_SIGNALING_PATHWAY,0.512760015371791,0.490190897795783,0.459439897443461,0.465223238688058,0.495357403591164,0.469562665264079,0.458668648492002,0.480104679979316,0.41984354483616,0.455507029418449,0.460665242588251,0.47172289795029,0.455574754097498,0.46425766990753,0.461127498690877,0.483952703385061,0.457607736312354,0.486908684982401,0.46712494117477,0.434869135154108,0.473822898698912,0.486048560899025,0.476939188635913,0.50806860156528,0.471297105097836,0.483186555276002,0.4974474716825,0.490665853261027,0.46799885073298,0.483680139300188,0.487672701696047,0.488256125086253,0.481368199536106,0.459084571770078,0.493551610605977,0.47057802840047
KEGG_MEDICUS_VARIANT_MUTATION_ACTIVATED_GNAS_TO_CRHR_PKA_ACTH_SIGNALING_PATHWAY,0.545110360408915,0.522177571267987,0.489604266012601,0.490601502000755,0.530663558466808,0.490777081253192,0.474201031882515,0.498015253173856,0.470515601888929,0.482228718297374,0.48563129286735,0.492955006234404,0.489868743671499,0.507812165015183,0.492071936353768,0.49554651275075,0.501449557442526,0.528110005031482,0.492210418564486,0.477851105092746,0.512430808587641,0.534429527426292,0.499753750759221,0.539257000191162,0.500723777224313,0.480756667109642,0.525391247662898,0.517110471154343,0.485065829328089,0.508948162230115,0.506408869280069,0.512605893695416,0.512710815185805,0.493983301449153,0.525313424898209,0.511484068716328
KEGG_MEDICUS_VARIANT_MUTATION_ACTIVATED_KCNJ5_TO_ANGIOTENSIN_ALDOSTERONE_SIGNALING_PATHWAY,0.547112609921235,0.514118123320571,0.508330282119919,0.501552081807859,0.528116526065053,0.492809693354098,0.518913376825436,0.483801319919869,0.462275637263801,0.494338729391914,0.506255998045628,0.486444367024383,0.512101764487642,0.468514130798555,0.502696367328035,0.501977231860583,0.559821167802684,0.525621787055643,0.480740226140057,0.513653064261131,0.503015228257512,0.507217161673296,0.463563741494407,0.558690433272329,0.504082856632512,0.461981420961201,0.503897911029008,0.523219720808358,0.496948257027341,0.540744556308099,0.532752541235791,0.476818584003453,0.512346053288508,0.498202381084328,0.521195109482424,0.499901849719446
KEGG_MEDICUS_VARIANT_MUTATION_ACTIVATED_KIT_TO_PI3K_SIGNALING_PATHWAY,0.598665736704181,0.580425194028917,0.611682485398238,0.584832053233731,0.606676130890044,0.594032066219764,0.595349040727175,0.587481551171655,0.555887411417377,0.552516391664986,0.57433729810914,0.570489809927891,0.570388574684471,0.590137940178663,0.585010965444502,0.553777591554658,0.601142057488775,0.572367882673062,0.56690417720072,0.588495080149214,0.579646920620862,0.587332047908976,0.564551646922594,0.582643531345808,0.609784894191849,0.578710134620646,0.602086195922479,0.580666129103914,0.584436465544218,0.627327600479943,0.629589779714571,0.59119113203258,0.605808299717492,0.618564858622694,0.596038487622525,0.614786267427714
KEGG_MEDICUS_VARIANT_MUTATION_ACTIVATED_KIT_TO_RAS_ERK_SIGNALING_PATHWAY,0.665480185078218,0.655952736377751,0.654835402609589,0.650221170287963,0.677900807281435,0.663347978797067,0.662361007123858,0.651024421480892,0.639209057261491,0.661373256494404,0.644110138518389,0.636153065290619,0.639221908037081,0.647745160070461,0.664911527323691,0.647825279800442,0.65503288137855,0.635058252277921,0.638306430518702,0.639127485321824,0.662938609420122,0.660454526321646,0.653651835866815,0.664273460836297,0.655419112122906,0.635098944373651,0.654913151208303,0.638568744946072,0.620549657545769,0.684708908737502,0.666151126765474,0.637649289064677,0.658202953961473,0.664746692019631,0.649230035139637,0.675619163521013
KEGG_MEDICUS_VARIANT_MUTATION_ACTIVATED_KRAS_NRAS_TO_ERK_SIGNALING_PATHWAY,0.683564681294434,0.674939222398302,0.66617129143672,0.67024225936033,0.690247063895675,0.674998954535318,0.683239504900721,0.670735039784345,0.658273554593264,0.685683990330329,0.675349006242147,0.656712916949048,0.663641042439343,0.663287641808904,0.678148791642237,0.66723286924371,0.668996659306015,0.667122972712009,0.662849188400339,0.660506933526109,0.697842749547124,0.682012916197823,0.685409007929246,0.67908987076641,0.660721067193407,0.653145813639164,0.676014059915797,0.66567581260683,0.656159355273543,0.694384815847614,0.687702249890064,0.665425343789002,0.678329636060715,0.671639650911969,0.669374291873603,0.68962196200206
KEGG_MEDICUS_VARIANT_MUTATION_ACTIVATED_KRAS_NRAS_TO_PI3K_SIGNALING_PATHWAY,0.617517809437149,0.607420732828532,0.619795818424844,0.603031223707357,0.605056570169506,0.6056242073986,0.62353550547805,0.605375776523303,0.590130163677666,0.58739894477501,0.603557014582107,0.592306604656058,0.591012490050113,0.59387220795291,0.606385836901187,0.581801863569484,0.623137783629988,0.599198250374867,0.578185459366616,0.609996164954839,0.609545275250129,0.622349065848101,0.607228765180004,0.600527249345142,0.603998052202379,0.589013171295262,0.602661728363775,0.599951522255525,0.610206453931692,0.625382388108394,0.641753970306697,0.612566112751654,0.612715034213001,0.624419766482586,0.599400896298291,0.620698687384931
KEGG_MEDICUS_VARIANT_MUTATION_ACTIVATED_LRRK2_TO_INTRINSIC_APOPTOTIC_PATHWAY,0.616449115405066,0.586769620272683,0.593331296715269,0.612123884415554,0.616201924015854,0.585141571992087,0.594822294269766,0.561697879415817,0.582787299955764,0.600313079875095,0.582546756226205,0.616178385218652,0.609751625406645,0.538082666419977,0.601061919085793,0.574076505546211,0.568867952653077,0.570174272012039,0.560807111757747,0.569439157839836,0.610529993522485,0.574576841911604,0.59749561964993,0.602124170202412,0.557064360907123,0.569850338292616,0.575786236635903,0.594222814158547,0.546333843032875,0.618347863992163,0.663703358440233,0.627197184436254,0.586984151647797,0.608602700959265,0.578101560775908,0.635327474004471
KEGG_MEDICUS_VARIANT_MUTATION_ACTIVATED_MET_TO_PI3K_SIGNALING_PATHWAY,0.582822712212948,0.588013910414917,0.587038460388222,0.549293208176846,0.546622869325287,0.569112841311801,0.566551659830521,0.575601826123129,0.552253768159112,0.532769613152851,0.583488086007513,0.534780436077148,0.542492737887957,0.577724073454609,0.572565067614259,0.513129275407141,0.607182625602455,0.576777872907769,0.53291456364188,0.568589412550333,0.589867791990891,0.575089264030503,0.555987672782471,0.559591763640247,0.550756986088226,0.541839931176815,0.583844000389277,0.55193655186678,0.607948209955853,0.583908421248471,0.648122447058584,0.552579729273194,0.596962992256092,0.563825916127399,0.543993278340241,0.573145000662329
KEGG_MEDICUS_VARIANT_MUTATION_ACTIVATED_MET_TO_RAS_ERK_SIGNALING_PATHWAY,0.659869697635915,0.66853680952252,0.647000030600377,0.634099386064616,0.646861351729346,0.647420876782452,0.651856676637621,0.651002679164703,0.639098915597088,0.653037561235975,0.655272014251551,0.614561722043859,0.6312693514605,0.648106139091941,0.660608477594318,0.634632358117213,0.661939708394463,0.646635834334007,0.626533224555723,0.637459607449625,0.671362870901208,0.656536196213514,0.653023955476275,0.655167022109099,0.62919552486796,0.624605871541904,0.647447636906084,0.629189568603228,0.649598499492412,0.669279849770874,0.682804030536204,0.62280579903084,0.659104362281163,0.638060978437327,0.625096040447379,0.656037676594467
KEGG_MEDICUS_VARIANT_MUTATION_ACTIVATED_PI3K_TO_PI3K_SIGNALING_PATHWAY,0.61634536589207,0.586949740589431,0.60083182386304,0.591135061418507,0.624215730610111,0.599238009764338,0.615948275885929,0.594092123537795,0.563037427852135,0.594278876490501,0.597238316273018,0.613779730868781,0.596313900131463,0.573309564808401,0.579180780918037,0.608567709491854,0.597252724221971,0.591051932127436,0.575120565876797,0.597747619221647,0.621861840905897,0.58960858876422,0.604965101730437,0.587515047416856,0.572122821548571,0.650467286050444,0.614928380657734,0.595744837265435,0.580397676496303,0.616581927920831,0.624937743704388,0.608318592529685,0.610950459530085,0.584855236114352,0.607574470357893,0.614151668108046
KEGG_MEDICUS_VARIANT_MUTATION_ACTIVATED_PRKACA_TO_ACTH_CORTISOL_SIGNALING_PATHWAY,0.501139118663082,0.495002046398096,0.445196176232317,0.471535258587444,0.494072233899001,0.469337972568391,0.473823971386401,0.462737043212812,0.412104416231568,0.454466493613205,0.462224893313965,0.471429024180626,0.444635413488765,0.439633231280503,0.454920001432099,0.515738644599691,0.475510619869816,0.482221191749461,0.439357247121691,0.411926035907106,0.479462581187514,0.471895037449294,0.462504382441311,0.505652046873313,0.438335861028957,0.482142960624338,0.489618929401676,0.488853142845044,0.469663735242334,0.482645966983171,0.48071831788327,0.444081454221081,0.445561004598476,0.418755169055027,0.473049492824473,0.446580626964188
KEGG_MEDICUS_VARIANT_MUTATION_ACTIVATED_PRKCG_TO_MGLUR1_TRPC3_SIGNALING_PATHWAY,0.478915049849494,0.481482703811888,0.447723312957554,0.41539084408897,0.474902575734091,0.454411792054621,0.438790048441483,0.442596612039334,0.372499289894983,0.481554990668685,0.458774766933611,0.424207251746646,0.394300140429174,0.469954401750236,0.461553824471639,0.43730859283977,0.457832756216017,0.461068640648156,0.408829770649742,0.468843334522012,0.497358441002502,0.456444968540014,0.439209017341348,0.466159336327432,0.45596644183066,0.383692162838035,0.451922774187797,0.46103200210342,0.417992630859136,0.467040106759341,0.450088301338955,0.476129096972787,0.451995644302022,0.451115646892464,0.412150299629362,0.434338423891242
KEGG_MEDICUS_VARIANT_MUTATION_ACTIVATED_RET_TO_PI3K_SIGNALING_PATHWAY,0.592154038423443,0.592459177776292,0.567208691217501,0.540816879966429,0.587685205472816,0.543272634250348,0.547495180015637,0.543981581722448,0.509220632507821,0.561743976673026,0.565181555725388,0.542088723715221,0.522786057091253,0.54567580298844,0.566389669674878,0.534135870161242,0.58648363000491,0.528368266066574,0.543689893220934,0.557034282358351,0.539828384054083,0.569479180662427,0.552495747251189,0.570652580005834,0.581382489064301,0.522285294951845,0.582509195718228,0.534004625887322,0.567800512860328,0.598977452742137,0.605595979890607,0.571252019232614,0.578306776720504,0.55640666118786,0.54951924665561,0.588428251483352
KEGG_MEDICUS_VARIANT_MUTATION_ACTIVATED_SMO_TO_HEDGEHOG_SIGNALING_PATHWAY,0.344505757121732,0.289244257855836,0.262674933865539,0.293965890266228,0.347012257588344,0.260667338433663,0.249600362804191,0.291121240423625,0.258845086337303,0.271479210326334,0.284842421009853,0.298538198074841,0.309373249777405,0.299173533001262,0.253700727773684,0.387209375958723,0.288046333337521,0.331913724861031,0.328884610586913,0.259151120733536,0.291532355720805,0.331064498841482,0.337759976631115,0.30260735304907,0.290152875734922,0.305331755538832,0.363026842230173,0.295209170463088,0.300831209109863,0.281118829465469,0.310193649258612,0.375524039115994,0.291598989041973,0.296624854219245,0.342771172751599,0.278563775749047
KEGG_MEDICUS_VARIANT_MUTATION_ACTIVATED_USP8_TO_EGFR_ERK_ACTH_SIGNALING_PATHWAY,0.593959423393094,0.584518725300915,0.563344674779966,0.586895099814362,0.58549644011879,0.599948017046643,0.565953513709695,0.56321384640172,0.598498260017233,0.55639413997328,0.566703666630722,0.611772056152664,0.55379156171111,0.598504860310748,0.595961875871944,0.536020678934826,0.583126851836341,0.593010517435237,0.586941301233277,0.618872349958873,0.554174894130416,0.649614134749123,0.567579644358144,0.613117999400211,0.612587042172165,0.49841502297139,0.579690674711242,0.588145703769201,0.570974741057984,0.548232447099845,0.532111682524891,0.591500179099563,0.605306673597072,0.617705940905969,0.593324891912143,0.604703949062643
KEGG_MEDICUS_VARIANT_MUTATION_CAUSED_ABBERANT_ATXN2_3_TO_MGLUR5_CA2_APOPTOTIC_PATHWAY,0.5660981619282,0.589075683303822,0.579226435508002,0.551553658926021,0.55795685522905,0.559114885705407,0.566153405810742,0.554396507174632,0.568497627441705,0.555475308540118,0.563101514898694,0.559320567865291,0.572824323363003,0.570196141333122,0.5714661361257,0.542866842989891,0.571627148266052,0.565235472106763,0.546825676790603,0.593202305990924,0.571423404530262,0.561898030327176,0.534750099154866,0.57123163284424,0.571374815459185,0.539598013599437,0.547925674619699,0.566901165922087,0.5384031229112,0.562973430864779,0.569952785748339,0.559691589760276,0.573209691855904,0.578982695437911,0.54117528498965,0.558898596387727
KEGG_MEDICUS_VARIANT_MUTATION_CAUSED_ABERRANT_ABETA_TO_26S_PROTEASOME_MEDIATED_PROTEIN_DEGRADATION,0.664156680030004,0.665302230492244,0.66462079759355,0.658077286248253,0.674946834192835,0.665347683343506,0.661514431120965,0.657390965794446,0.654871378735757,0.666005847184818,0.662864064029208,0.662393484112249,0.661346299803477,0.659053176075815,0.672621980135325,0.652808920178692,0.679983961381618,0.673291646463077,0.654752117349964,0.655919131087366,0.661673278764875,0.663221314001931,0.655209888607153,0.652038350887062,0.654931825612091,0.653644227472462,0.642009655902413,0.650117181086883,0.667960598692101,0.672866719626092,0.677545033393834,0.653276234646238,0.658862484549152,0.662771141429825,0.664984838216082,0.664165671951337
KEGG_MEDICUS_VARIANT_MUTATION_CAUSED_ABERRANT_ABETA_TO_AGE_RAGE_SIGNALING_PATHWAY,0.581497117898425,0.613577481378907,0.582661809736859,0.571698920543052,0.614064636013774,0.595575388858429,0.572976773095919,0.587835421803686,0.578661268187474,0.581891749976269,0.604134914875985,0.568956333233432,0.587150508358104,0.585529353428086,0.619277734294505,0.584306286285431,0.601050580328584,0.583044385510412,0.58369926142561,0.57734543004873,0.614720019251463,0.599660138020355,0.594182622171629,0.59145564073441,0.593777163152988,0.59541128428993,0.606742568978569,0.570111074166955,0.609095985684661,0.604613324875424,0.581474587495919,0.589446514913175,0.597928332601151,0.572137121549765,0.571891418394293,0.586216478727944
KEGG_MEDICUS_VARIANT_MUTATION_CAUSED_ABERRANT_ABETA_TO_ANTEROGRADE_AXONAL_TRANSPORT,0.550221827153274,0.535086392412998,0.547148766582553,0.54587822835016,0.565230579420809,0.539194920225393,0.545694847836038,0.53718150988172,0.520515607566614,0.563215698575268,0.561925955957366,0.53576859001864,0.541751382773623,0.527064937040628,0.543741968196738,0.546488591002412,0.509190632173919,0.514806864202999,0.538719263055503,0.534152300963313,0.537965485139387,0.571466596282721,0.538492308856108,0.540109861440298,0.544161784240328,0.547620913991074,0.53522797874897,0.525233853225094,0.506276578180273,0.544772717745031,0.594397069639967,0.547484659626588,0.536237686837478,0.521380029091473,0.555312832967879,0.531488582644211
KEGG_MEDICUS_VARIANT_MUTATION_CAUSED_ABERRANT_ABETA_TO_CROSSTALK_BETWEEN_EXTRINSIC_AND_INTRINSIC_APOPTOTIC_PATHWAYS,0.579475592271012,0.612528382057947,0.607765967464979,0.587650397150335,0.597307918843946,0.589979051346301,0.570824927703962,0.597947785032301,0.60988925483413,0.586320068030818,0.600912817353429,0.589118891195382,0.592677405750163,0.5907773383974,0.616165010725314,0.548977547657964,0.603346273509098,0.609552728638084,0.594677590493744,0.585282699861404,0.579549870266782,0.606093251951133,0.580272336328331,0.579891335420466,0.586645761373768,0.573296760561492,0.587270885386491,0.584193674692152,0.629043198356068,0.599506616401446,0.584313470655761,0.580078715401845,0.598198926449752,0.613336702096124,0.583357620313872,0.612810243881426
KEGG_MEDICUS_VARIANT_MUTATION_CAUSED_ABERRANT_ABETA_TO_ELECTRON_TRANSFER_IN_COMPLEX_I,0.502026279727924,0.510797447311262,0.537771282328225,0.525506465763915,0.504930828658269,0.522694824203929,0.524643428385149,0.527379609123222,0.511586741562675,0.499921338201738,0.536086484338847,0.536157905786022,0.535287822347167,0.52801466336208,0.503585672448127,0.498183642744994,0.518721932150427,0.531545399609638,0.52444257389074,0.531492166718651,0.505302483054429,0.512898104399273,0.529384601159422,0.516912391869894,0.533040526756269,0.526692822178169,0.506148952689754,0.53314130847399,0.514343609597249,0.508914377856901,0.533735608392996,0.522611003623728,0.529441476763726,0.530363214872571,0.536874727332492,0.521204101196324
KEGG_MEDICUS_VARIANT_MUTATION_CAUSED_ABERRANT_ABETA_TO_ELECTRON_TRANSFER_IN_COMPLEX_IV,0.372834011054947,0.352405850304203,0.392981993727964,0.458555566582258,0.443577400558365,0.419448856433876,0.395043007982403,0.419627996199855,0.35368136452541,0.393196994854641,0.416575888916583,0.435980019468936,0.406411666976463,0.422998901503403,0.46212878657145,0.408928224578286,0.394500180820528,0.452734874440885,0.441003634345674,0.404290428717802,0.403393685650589,0.426143702156675,0.429625332269967,0.415768611608848,0.453169682432374,0.43087869454036,0.440492738748311,0.357054069257125,0.397419224043872,0.399657838515263,0.437724385815279,0.419120714885004,0.431851183845868,0.421242883059544,0.443456190374609,0.378866126735655
KEGG_MEDICUS_VARIANT_MUTATION_CAUSED_ABERRANT_ABETA_TO_IRE1A_JNK_SIGNALING_PATHWAY,0.623540722116593,0.615104985593855,0.61240878365006,0.637939179392209,0.593355568894842,0.578919476987479,0.658491251131735,0.623821120536167,0.619789436020594,0.573587775879364,0.613487477367142,0.584893493951074,0.624675959243865,0.608373193324846,0.62069240848425,0.593437618659301,0.623484122809554,0.623568102636909,0.610289797330545,0.646477617238701,0.611460482659855,0.613868683775025,0.553297102175549,0.624147728318948,0.629582390613432,0.574875342647446,0.623799441309286,0.647206881943368,0.585000316738715,0.57344349243519,0.648367913425311,0.627093083634412,0.641681905384635,0.652507125268913,0.610708372844708,0.64860346945369
KEGG_MEDICUS_VARIANT_MUTATION_CAUSED_ABERRANT_ABETA_TO_MACHR_CA2_APOPTOTIC_PATHWAY,0.564272702212658,0.586340458746808,0.559248288183769,0.530585666696209,0.562015606453435,0.561580433491077,0.555488758310873,0.532358939301369,0.534542136826304,0.560599587681029,0.561069181268971,0.528724122092751,0.535528796404342,0.551478202999771,0.562269342901333,0.520959877019699,0.548982711910092,0.55834947946371,0.51369226251366,0.572602412569197,0.56246960911929,0.554572327248434,0.541587108544509,0.559750472112116,0.547684543618934,0.518374196018613,0.531753916095217,0.554667172575259,0.521101801023662,0.566137036155901,0.566348864266612,0.53658951599732,0.564073168915626,0.557796509625101,0.546473254134215,0.555667567376983
KEGG_MEDICUS_VARIANT_MUTATION_CAUSED_ABERRANT_ABETA_TO_MGLUR5_CA2_APOPTOTIC_PATHWAY,0.588625046082396,0.60427570471816,0.581278803042712,0.557453515095859,0.583393953476338,0.577339632751633,0.586870390306877,0.555294727517956,0.567823847081817,0.568402876999574,0.576572333466797,0.559606561609179,0.580714479423609,0.552440194578746,0.580002215427614,0.545899052568522,0.578333946510172,0.581555292776885,0.548208575591423,0.591519312249786,0.581572241733431,0.573677644361309,0.551821461119191,0.584403160620351,0.57387479931889,0.557040088089413,0.568539342745821,0.574812270163678,0.552380898615734,0.563796242849842,0.595651805489021,0.574143887679325,0.588161113088777,0.588269133773312,0.562272402523819,0.586846956120067
KEGG_MEDICUS_VARIANT_MUTATION_CAUSED_ABERRANT_ABETA_TO_TRANSPORT_OF_CALCIUM,0.543796863311381,0.553558282248515,0.585312313249301,0.56362810314626,0.53226544159688,0.548543723408191,0.588022495219286,0.587612019783557,0.520765677039356,0.570215953175377,0.529417794015277,0.460959817338061,0.524851896353586,0.556005485019822,0.561441240157036,0.580287306027427,0.535758678766049,0.552146341157142,0.530613283337831,0.617268177878314,0.497380047737869,0.553528072567391,0.522693725966208,0.570155946203845,0.595074915099542,0.576007169716018,0.492497179375923,0.602365833094033,0.485071373150259,0.520958564522954,0.60752538207998,0.516418522802821,0.537832831755459,0.569455287845406,0.571421684452776,0.55250811957194
KEGG_MEDICUS_VARIANT_MUTATION_CAUSED_ABERRANT_ABETA_TO_VGCC_CA2_APOPTOTIC_PATHWAY_N01004,0.529600055780675,0.551739319925741,0.558324714264489,0.548754223727019,0.529693146161711,0.534710893049102,0.552069726043441,0.521600452831036,0.526465785340642,0.522772186285515,0.523828340755386,0.526258452382486,0.553340700862498,0.545509460520033,0.542429788371682,0.514708299750498,0.545762073386526,0.542740998877084,0.528333315866204,0.574923135652173,0.529207128398367,0.534515551090301,0.505845646469036,0.544254283312109,0.550179286437169,0.532050748172794,0.534765129339212,0.562756387921191,0.529022333097581,0.546411163666291,0.556587587205531,0.524798195498586,0.553518080805597,0.568112044750535,0.540526983403665,0.547169952757883
KEGG_MEDICUS_VARIANT_MUTATION_CAUSED_ABERRANT_ABETA_TO_VGCC_CA2_APOPTOTIC_PATHWAY_N01006,0.652491920422166,0.673528076921561,0.668872364194041,0.666472454536337,0.647822798596882,0.672535397937183,0.677643903253842,0.665324760748213,0.663697031851081,0.661489596594057,0.661670076233683,0.660020294075643,0.670731805396591,0.666158156613469,0.669218097576084,0.654619689988377,0.667893920722976,0.657511631111894,0.650456579430795,0.670833626248204,0.656925322562267,0.666790421875774,0.654225214976979,0.670408290882617,0.663746888805641,0.654854191702551,0.652421054459962,0.663534386077587,0.643498495859727,0.661653074696309,0.688205775238992,0.65054051881809,0.676122035328438,0.680198521207672,0.667443140822772,0.670384934717391
KEGG_MEDICUS_VARIANT_MUTATION_CAUSED_ABERRANT_ATXN1_TO_RORA_MEDIATED_TRANSCRIPTION,0.301109729483576,0.414956421877495,0.451287972593358,0.377661493031945,0.411285185937552,0.446303495896091,0.385721603390098,0.407586678810982,0.288020749169211,0.426861047548495,0.390784376332948,0.453700567637713,0.302781634819603,0.414585146575938,0.438720539805859,0.414850643452718,0.421334362132195,0.400205930569304,0.39106540557543,0.314856050107959,0.436222048990703,0.415926450000099,0.334295400024474,0.428268254270119,0.443833464409306,0.376531539492256,0.408777570243397,0.422957535989597,0.278672683845193,0.437619294680879,0.430881765416611,0.428842429434312,0.45353605164671,0.43146000608396,0.406974037111688,0.475129459736199
KEGG_MEDICUS_VARIANT_MUTATION_CAUSED_ABERRANT_DCTN1_TO_RETROGRADE_AXONAL_TRANSPORT,0.520702049341256,0.519099394574811,0.526880499803932,0.527713245601942,0.546490041739897,0.512483331748098,0.530225394619441,0.504458627642992,0.511948599948496,0.544748475259921,0.544497704167353,0.510788507746412,0.51830039271123,0.506957927206378,0.528280192431463,0.52680132951948,0.483286975467304,0.493918274403807,0.50995483690545,0.514836996768509,0.513498278328212,0.555964419040051,0.504275406268815,0.515182508571626,0.517352197388673,0.517550830166122,0.50479635039278,0.503152833244949,0.499091493270465,0.51956171438774,0.570500817898277,0.51595390655712,0.51753445373449,0.493328330168738,0.524298638622299,0.497269634345205
KEGG_MEDICUS_VARIANT_MUTATION_CAUSED_ABERRANT_HTT_TO_26S_PROTEASOME_MEDIATED_PROTEIN_DEGRADATION,0.659904247681097,0.658511964898961,0.659057271229918,0.652046431265178,0.669729832473845,0.659541139323995,0.655101864457172,0.6511466678803,0.648030889311383,0.659850250619243,0.657237438064269,0.65767284732632,0.65558393488102,0.653887860181781,0.665633078178455,0.646196193581572,0.673329365574069,0.668264203900803,0.64971740275715,0.650275871973159,0.6566530899816,0.657434623317912,0.650098914742675,0.646703201341325,0.649570956156229,0.650273274896148,0.635193100028725,0.645235286426933,0.66364916655483,0.665977407082676,0.67411081706771,0.650480770911388,0.654673735602504,0.656782140917329,0.660547189416574,0.658380411676331
KEGG_MEDICUS_VARIANT_MUTATION_CAUSED_ABERRANT_HTT_TO_ANTEROGRADE_AXONAL_TRANSPORT,0.515927204351008,0.506853203916638,0.511157060410869,0.515974860779065,0.532000697849306,0.520455510053883,0.523008215613063,0.499280035969624,0.500265575151178,0.523764595727345,0.526969740069131,0.50392869261501,0.513952833791649,0.520195332018417,0.533253449865088,0.52944822179665,0.500406873782561,0.508407160925916,0.525875839979675,0.528267187117219,0.5268870525742,0.555646926353165,0.517923978149529,0.504446656561592,0.514012113312979,0.538289803829395,0.523087671110531,0.52691669167791,0.478599129232727,0.503505168012937,0.561095116292114,0.528452461721549,0.513199007394994,0.494160453652912,0.531887483627674,0.496862453888099
KEGG_MEDICUS_VARIANT_MUTATION_CAUSED_ABERRANT_HTT_TO_AUTOPHAGY_VESICLE_NUCLEATION,0.56457761846095,0.546720149990234,0.510480440804462,0.53458617548811,0.548029306550365,0.564229511971783,0.543782167427016,0.552243179400629,0.533367778931693,0.563632841338496,0.5372487055249,0.545630551263135,0.536022840000682,0.536794038660137,0.527948456445834,0.544015816016151,0.555720131062476,0.555839457285012,0.53322307439356,0.540540741351579,0.587316334391059,0.524665738098912,0.517910344130447,0.553674338353102,0.562258285833834,0.581713845615344,0.547370656165125,0.543536548573631,0.596772775659972,0.5484659010788,0.573817833547818,0.595718492802541,0.586600686989509,0.583190104776051,0.576275407239041,0.588152022730872
KEGG_MEDICUS_VARIANT_MUTATION_CAUSED_ABERRANT_HTT_TO_CREB_MEDIATED_TRANSCRIPTION,0.564642299792074,0.545286659224967,0.499000260328606,0.506352109621496,0.562742747715146,0.503855174952553,0.524405824541404,0.482444824393352,0.491823666759439,0.521436089451529,0.495648108282185,0.515688349349229,0.498177441662425,0.501394166011702,0.504935588760364,0.56160837980298,0.555114523352268,0.550869553556057,0.465404789616881,0.486489115087827,0.546733910515617,0.54059930915818,0.50655311830068,0.570191210843073,0.460215819090243,0.506181887207207,0.536233373786182,0.538458264675875,0.486117463693335,0.509293597831717,0.541221329718034,0.493470212398348,0.497306324336229,0.464037319121064,0.518938097207524,0.506095611505424
KEGG_MEDICUS_VARIANT_MUTATION_CAUSED_ABERRANT_HTT_TO_ELECTRON_TRANSFER_IN_COMPLEX_II,0.681233130228313,0.669484888671101,0.685278032487949,0.670392580524675,0.679050862927973,0.685347111491287,0.690042131925026,0.672893734492148,0.658871934370533,0.649949190979013,0.681872126095633,0.694531194409411,0.67969411413842,0.686527807321939,0.661451724321064,0.649723346459369,0.677455334319544,0.677036407515239,0.652674780442747,0.695980761338523,0.669505778817177,0.66825616452032,0.677212210109925,0.673239934676405,0.677804757748338,0.68193009358039,0.66511524937949,0.675559046677787,0.698219311892094,0.67639564196624,0.69270768154112,0.711822259850546,0.703216858958216,0.683595057701014,0.696221966478728,0.682359059139357
KEGG_MEDICUS_VARIANT_MUTATION_CAUSED_ABERRANT_HTT_TO_ELECTRON_TRANSFER_IN_COMPLEX_III,0.62229472796954,0.61097276701698,0.625967966102105,0.621630256854733,0.620315352936031,0.622097685635855,0.628309841040027,0.621958536211134,0.611943579035386,0.617754173321696,0.628110143936534,0.629747354802867,0.625005416097495,0.628712194033589,0.618144615177963,0.617514461533903,0.620881482588848,0.627634908745788,0.626995364251561,0.633567962802331,0.618444812302665,0.619094207963202,0.620851885229001,0.626233413003143,0.626699954020934,0.620331563311451,0.616035576978337,0.631369708255208,0.622835402000221,0.601091423690847,0.636747288139718,0.631980058988954,0.63523941569368,0.625255734284094,0.635714648197122,0.624235738025893
KEGG_MEDICUS_VARIANT_MUTATION_CAUSED_ABERRANT_HTT_TO_EXTRINSIC_APOPTOTIC_PATHWAY,0.595806741203554,0.58862211276585,0.577561256320456,0.575803092477027,0.585357314352106,0.600565622010392,0.578727275509252,0.533478076428335,0.607450454561358,0.581798312794663,0.596803848799781,0.578820638525341,0.582167811800729,0.555038248142349,0.59207716764047,0.556605447909987,0.590035334124879,0.596026779599637,0.573547344459084,0.564043496517067,0.605245187305571,0.592635521213516,0.59572795656398,0.594123075756979,0.55383757171165,0.548088596590476,0.571421065068247,0.567828018423338,0.595150550319513,0.587254472697132,0.584315519414041,0.605540842850198,0.597676869413054,0.595689314583548,0.574302038076895,0.595149604244423
KEGG_MEDICUS_VARIANT_MUTATION_CAUSED_ABERRANT_HTT_TO_MGLUR5_CA2_APOPTOTIC_PATHWAY,0.577732943620503,0.593479276655617,0.57218235763411,0.547240638615024,0.574343545710162,0.571163560037695,0.575135098702575,0.544263315404575,0.556287330727685,0.555607396096869,0.570664740503427,0.5507183031823,0.569426319396186,0.54330649744708,0.569076899961391,0.532696165716815,0.57093113646101,0.574133168483576,0.538213568435127,0.578594389392319,0.574665672926746,0.559142912227539,0.540590495486825,0.572360038757636,0.559806651119973,0.540613560742784,0.555126677158701,0.560880931775829,0.54965670939083,0.549626460939668,0.578371158176123,0.563605935763224,0.58026407931804,0.574309782135756,0.549133379935358,0.575352680485294
KEGG_MEDICUS_VARIANT_MUTATION_CAUSED_ABERRANT_HTT_TO_REST_MEDIATED_TRANSCRIPTIONAL_REPRESSION,0.523430638264011,0.536327354721236,0.539488877656795,0.500790562167353,0.497491909985661,0.518275562961356,0.469154471481983,0.489222614265922,0.496580661064011,0.538149751560288,0.507092875184192,0.494986490167738,0.524866402058065,0.517664994925994,0.511991159542171,0.513509260424789,0.538107907680042,0.534840019464904,0.497084820492655,0.496601534943454,0.538372832605956,0.512346044298799,0.507871650589782,0.52435074691061,0.481840511792298,0.467240076133997,0.507044500431287,0.491269526283991,0.546002787622727,0.532778335212419,0.527049746193933,0.523887221474804,0.497417091628698,0.49472751990417,0.490295841964564,0.504330661312855
KEGG_MEDICUS_VARIANT_MUTATION_CAUSED_ABERRANT_HTT_TO_RETROGRADE_AXONAL_TRANSPORT,0.465798524831409,0.455973504631895,0.440059067072232,0.473179629064177,0.453242625502253,0.456986979302097,0.450460637819472,0.459893969410444,0.454217176920385,0.461617226715401,0.466510926245555,0.463353212409068,0.449201527296838,0.462653478768978,0.436180688202391,0.510705973476033,0.439455793580399,0.434744788032551,0.467667622228374,0.443522524370232,0.461207093027757,0.462427132661645,0.465811876322208,0.451432709766909,0.45797614089058,0.424426368017007,0.453785080671339,0.447022241781925,0.440478432857183,0.452177682573211,0.468002880040718,0.481139695502242,0.467984701973849,0.451029247661431,0.457738089409508,0.446348013426775
KEGG_MEDICUS_VARIANT_MUTATION_CAUSED_ABERRANT_HTT_TO_TNF_JNK_SIGNALING_PATHWAY,0.601372242162119,0.553863962346914,0.592157471785922,0.61070153770792,0.580704250577088,0.551337429562726,0.61292272570007,0.585533685479354,0.568566337141796,0.545658903549571,0.588797768716019,0.584690922544688,0.599672344755619,0.577230565293515,0.56293850777772,0.577267203880347,0.571571894538708,0.593720558959138,0.585318130093942,0.607621225542235,0.59225287873173,0.567014272391996,0.568349871497133,0.588726284310605,0.593774177293064,0.62178480809123,0.590156067398958,0.616928632851792,0.557455512749886,0.539122327901584,0.660353556822979,0.604123567433145,0.610508703369991,0.590188269964457,0.589485886990862,0.598260999252504
KEGG_MEDICUS_VARIANT_MUTATION_CAUSED_ABERRANT_HTT_TO_TRANSPORT_OF_CALCIUM,0.548007955849229,0.546294444485556,0.577880075345614,0.558487751337766,0.538314338769409,0.540711911085493,0.575015177826663,0.5729586560826,0.521020715753677,0.561827246877159,0.529517738454048,0.485280493380307,0.527840648719591,0.542569266172107,0.552164556275384,0.566687573115748,0.530175415682257,0.547346429092726,0.529296901193443,0.598095187105732,0.506339456417354,0.550187873238923,0.522434891299695,0.560579413674737,0.581553533283179,0.574116630923581,0.495389350053249,0.58638626197328,0.496731272906506,0.527301654232653,0.60952861244587,0.53340106569875,0.538378223707174,0.561840546821118,0.565981272014703,0.547625484139587
KEGG_MEDICUS_VARIANT_MUTATION_CAUSED_ABERRANT_PDYN_TO_TRANSPORT_OF_CALCIUM,0.286642664509535,0.287135632277885,0.377747971476201,0.221277300395414,0.265829728329123,0.174004956532139,0.384514415139668,0.423226068592714,0.215907219582521,0.369348756959288,0.239894133128599,-0.0720207711959059,0.0978398636633802,0.315224080997252,0.31720837982446,0.412910023302826,0.146474664696614,0.214491498503946,0.284912335317427,0.46903707758811,0.0474061074815761,0.337829098492137,0.243085140319243,0.344669786929358,0.423550756542888,0.419489235273307,0.142785343791875,0.341675481491776,0.0383844253646261,0.189562297782993,0.430910874834887,0.236773643056641,0.233861311585946,0.313477914322069,0.350302118071136,0.282421130326868
KEGG_MEDICUS_VARIANT_MUTATION_CAUSED_ABERRANT_PSEN1_TO_ANTEROGRADE_AXONAL_TRANSPORT,0.536929561308196,0.528196889511765,0.513702664655259,0.512075747734608,0.545367238835675,0.567696897733584,0.532236369118707,0.524150579607908,0.509550195227253,0.532383392945763,0.52581992842903,0.502226925567659,0.538991446158154,0.570349992525194,0.571411551226574,0.574440793422065,0.575546821018989,0.554356345323731,0.578927297763046,0.572233376841266,0.596021474816831,0.586588485618151,0.565981196368858,0.51213523810224,0.535065225637971,0.598405894565963,0.574496375135979,0.590467170654385,0.490107146708665,0.529464828997851,0.553789328595195,0.585887813096608,0.523341461524107,0.535072756694953,0.582804932121518,0.53376972607018
KEGG_MEDICUS_VARIANT_MUTATION_CAUSED_ABERRANT_PSEN1_TO_MGLUR5_CA2_APOPTOTIC_PATHWAY,0.588684910477619,0.62896957115818,0.597269749008659,0.562979990151822,0.59303765419508,0.611873949571205,0.591495255420706,0.573711554667705,0.583898548022417,0.584622691784227,0.590907002089471,0.571138600886205,0.601928158722985,0.604231759996038,0.598868661650602,0.577952661094575,0.60886236995725,0.595606771958435,0.563453961778811,0.595740088647532,0.60144689218013,0.597962939303577,0.568846608016573,0.599854414319416,0.588831163628079,0.557583043022509,0.585776369758646,0.586603530254508,0.619710383825227,0.606686813650308,0.591611068667735,0.595517321735702,0.614854347095439,0.603725997932169,0.595367959129926,0.610463327695108
KEGG_MEDICUS_VARIANT_MUTATION_CAUSED_ABERRANT_PSEN1_TO_PERK_ATF4_SIGNALING_PATHWAY,0.624324971809933,0.667604514323111,0.629996256882774,0.577533757374304,0.658049061201855,0.632985137675593,0.595057141687814,0.647981632828489,0.62980966676064,0.652667957409164,0.639160671457567,0.614903845806633,0.630244075750329,0.651762131457987,0.647201849072301,0.641817197666373,0.651120517711077,0.626579642376283,0.634015514024009,0.602627427654574,0.671829166135139,0.642990654710633,0.607632205116059,0.628603510338537,0.620350585743968,0.632824107344435,0.612267354072704,0.617786874088842,0.679701623440199,0.682170179806473,0.637605247518316,0.646032668725574,0.645083194980076,0.649946532085195,0.625943663022481,0.675226389996623
KEGG_MEDICUS_VARIANT_MUTATION_CAUSED_ABERRANT_PSEN_TO_MGLUR5_CA2_APOPTOTIC_PATHWAY,0.594599333278854,0.615051759103103,0.607597287552876,0.585079561918652,0.603205163973722,0.603031681424478,0.602326723401464,0.58228147450889,0.590075883051806,0.589376597852575,0.597544795386776,0.58155247609493,0.598345383058398,0.588770122153222,0.598474178477339,0.580999379977326,0.613033755954893,0.596506391046227,0.572949809882109,0.60685223952036,0.589148576696656,0.594253496027741,0.576786930534699,0.608629141171858,0.585616418268054,0.56005074503258,0.57610714081089,0.599974656907415,0.589707972111747,0.605432069173615,0.5967104932581,0.583130529193411,0.618790810664734,0.611407688429783,0.591168719447,0.617980906978591
KEGG_MEDICUS_VARIANT_MUTATION_CAUSED_ABERRANT_SNCA_TO_26S_PROTEASOME_MEDIATED_PROTEIN_DEGRADATION,0.661636318765917,0.660541353170519,0.659631800634679,0.656110279127126,0.666194655160196,0.66234663330622,0.66017238496585,0.654519435172911,0.651526467484916,0.659671388692369,0.658905195291595,0.657472485334315,0.658083367014765,0.657226221691889,0.669254344134021,0.647537763196409,0.674027463712978,0.669345366132399,0.649995496985195,0.652210547363592,0.657476156373684,0.659209153381151,0.6500121343913,0.647562056875273,0.652931382473552,0.64464539842938,0.63959575635628,0.6477728775834,0.659166034161218,0.664043012587488,0.674417841374658,0.648415410963129,0.657425644660149,0.661221778366201,0.660257556076513,0.65951766504597
KEGG_MEDICUS_VARIANT_MUTATION_CAUSED_ABERRANT_SNCA_TO_ANTEROGRADE_AXONAL_TRANSPORT,0.51536542405809,0.508016795721279,0.509166808300773,0.516271908167221,0.527104356786262,0.523094001325903,0.524490869917614,0.50026354793359,0.501577176434954,0.523880700389215,0.528072285423113,0.497204584077833,0.515149462829656,0.522062434291747,0.535215227965903,0.530420256563586,0.497316671021754,0.503884965826191,0.523981533335883,0.527347549383398,0.527031092848256,0.555231718463606,0.516329492343772,0.500495236350139,0.514121436749122,0.524046854880862,0.522972542059178,0.52577432479304,0.472650870486112,0.500493288447438,0.556213841565144,0.523019462129464,0.509779883472708,0.49390277735575,0.528813970669833,0.492591263324059
KEGG_MEDICUS_VARIANT_MUTATION_CAUSED_ABERRANT_SNCA_TO_ELECTRON_TRANSFER_IN_COMPLEX_I,0.482948642294704,0.499084542727491,0.525514609245284,0.514598839053524,0.483475472511068,0.509815271671977,0.514848893524384,0.511272040403761,0.506586842864352,0.480005361920779,0.523667012234502,0.523561416431865,0.523942467353319,0.520182050457929,0.491112877192921,0.480003526203244,0.507182417884291,0.5239924092212,0.508539907775908,0.52090499606265,0.489749699782966,0.496795685524455,0.51190049201716,0.502072385198009,0.519793150037082,0.505415241272528,0.489503436780676,0.52445151330619,0.506496458717238,0.48787290397008,0.513689128047791,0.5032990089267,0.520956490442569,0.520135822476178,0.519001999777019,0.503846808188702
KEGG_MEDICUS_VARIANT_MUTATION_CAUSED_ABERRANT_SNCA_TO_PERK_ATF4_SIGNALING_PATHWAY,0.661340608180936,0.684186875177094,0.654826938104218,0.640697411310865,0.652824739247585,0.671179185022521,0.648191192736739,0.68579916154435,0.659828100485371,0.658286893724587,0.665865100500113,0.647624325142063,0.664333229353055,0.687681089942924,0.679371424478884,0.663018688767748,0.657370038839554,0.660588390038365,0.657555849787255,0.64726361337322,0.681641638646644,0.661425872112577,0.648696359245759,0.653690595268949,0.666147360102071,0.625778996519426,0.662597266719933,0.661673496273128,0.664119881703283,0.669936796610333,0.679606221702139,0.662803516764897,0.683980781310286,0.683618734588267,0.641794075888114,0.686453854140736
KEGG_MEDICUS_VARIANT_MUTATION_CAUSED_ABERRANT_SNCA_TO_VGCC_CA2_APOPTOTIC_PATHWAY,0.617466780514731,0.626416856082801,0.627688537695053,0.633049616809993,0.602040716290782,0.624215154487922,0.63764963227977,0.613419122485751,0.61939844722743,0.603142378234058,0.613746733775226,0.617640096231891,0.627755445616501,0.613799902919903,0.626182643061238,0.600959541003397,0.614866400996997,0.61339673437554,0.60523177337737,0.628055452683169,0.615033325012047,0.620934366257468,0.599542541588572,0.620366190394161,0.624621042445564,0.593478586788315,0.606245683322118,0.622593744637991,0.591971738690395,0.616160441271653,0.650194905313122,0.61614055826199,0.630491257611374,0.645930114771469,0.618463303844442,0.629409865237995
KEGG_MEDICUS_VARIANT_MUTATION_CAUSED_ABERRANT_SOD1_TO_26S_PROTEASOME_MEDIATED_PROTEIN_DEGRADATION,0.673224335822153,0.6752583370909,0.673683360737205,0.666259217390648,0.682309518830559,0.675203472112084,0.668225073727523,0.667268003786154,0.666223348911717,0.674847317077032,0.672049153214195,0.671332276759866,0.670838121655903,0.669452756860391,0.68039952827986,0.663318659754517,0.688422071255373,0.68141804027477,0.665190171217074,0.662867306355147,0.672123015800791,0.672672059910745,0.664820877938403,0.66289018650931,0.664929404638042,0.665815003282695,0.653703683075057,0.659818236504022,0.677993636487981,0.680902190880924,0.685119202543925,0.663875486900084,0.669276603937045,0.67223255872086,0.673958069363517,0.673807309010811
KEGG_MEDICUS_VARIANT_MUTATION_CAUSED_ABERRANT_SOD1_TO_INTRINSIC_APOPTOTIC_PATHWAY,0.618882108263949,0.619817385425174,0.618803859653791,0.62385393338998,0.627414145680398,0.61362784486289,0.631211656492194,0.611886063136733,0.626737879025686,0.607565591689055,0.621272743477839,0.639644432135795,0.630780528647077,0.602362600590536,0.625570309204469,0.600055711244245,0.612279432216151,0.621891296862258,0.619968134612128,0.623963433617102,0.610434213342193,0.627705794859626,0.598616706231457,0.617585001444983,0.619525445748421,0.61661053448137,0.602607506322914,0.625034613233779,0.626537107690461,0.6362413211108,0.651377392080337,0.639973556666372,0.635714149118947,0.642606017183706,0.623725719073721,0.643101148422225
KEGG_MEDICUS_VARIANT_MUTATION_CAUSED_ABERRANT_SOD1_TO_PERK_ATF4_SIGNALING_PATHWAY,0.674846878751709,0.710326626380718,0.68396671685866,0.653592450810251,0.699346071989689,0.687722631074065,0.656986642486303,0.701524655913548,0.679290881605827,0.692588881752717,0.687376511523689,0.676404870630094,0.683206282275568,0.697961068040615,0.697578082229603,0.691296830728412,0.690927204619683,0.682660456863337,0.684915811107405,0.670064487257106,0.702543533402276,0.683701022783109,0.677702789583135,0.678298270544661,0.677565454230062,0.6771163993664,0.675311793292662,0.675596126089622,0.713188772196739,0.717741109176073,0.696667481892184,0.689980543707176,0.691219350497735,0.692569373407698,0.66919334969333,0.712050146021322
KEGG_MEDICUS_VARIANT_MUTATION_CAUSED_ABERRANT_SOD1_TO_RETROGRADE_AXONAL_TRANSPORT,0.439073935334103,0.424263835707844,0.391466803219521,0.458183221512554,0.413373244543602,0.428588392503608,0.416550078406253,0.461617049218709,0.438102673343953,0.417065911562874,0.420178120259521,0.44526450819268,0.413472189410417,0.439677094049952,0.385704904507259,0.53250103531934,0.417499589441946,0.401854171122925,0.44742489812256,0.412326063472139,0.431899041724456,0.417777531296217,0.446065503549667,0.41533588413119,0.433758213995715,0.389174217616304,0.439105314242327,0.421102486995439,0.408994128661208,0.417487419323091,0.419693362530237,0.48257561642748,0.441890704935523,0.444479720097165,0.442305817781249,0.426711108404962
KEGG_MEDICUS_VARIANT_MUTATION_CAUSED_ABERRANT_SPTBN2_TO_MGLUR1_TRPC3_SIGNALING_PATHWAY,0.509876304580724,0.532713421796112,0.493028244885197,0.448138311582092,0.483431358560514,0.487762720910427,0.474751236265459,0.474443126911383,0.482205743499253,0.488275715314807,0.501444353598162,0.473556862237742,0.500162532588952,0.506887267440247,0.485923163967043,0.46941262507887,0.492939719823375,0.500883101922933,0.468144760490408,0.526438143703705,0.521569919391132,0.498624949301947,0.474694443422882,0.490814439473684,0.505158535633902,0.450467495521334,0.509252748665543,0.494673575136117,0.46379315878052,0.503530232444441,0.493045724124282,0.520083135699155,0.50226867017678,0.489450317080169,0.468295221731267,0.482890867266348
KEGG_MEDICUS_VARIANT_MUTATION_CAUSED_ABERRANT_TDP43_TO_ELECTRON_TRANSFER_IN_COMPLEX_I,0.484439763674429,0.502447923497214,0.529150099355281,0.515955464236522,0.49048021988134,0.511449768830584,0.515807153096217,0.513074320329454,0.508624447660687,0.48477391008894,0.526292196067143,0.527313804367937,0.525933026078337,0.520904742614634,0.493409164280417,0.483897594369251,0.51137365942537,0.526335887864943,0.511954056794749,0.523737503459185,0.492709891140314,0.499555366921688,0.515886181997254,0.505280095549257,0.520598833893258,0.512410166186089,0.491063169056673,0.525818677415142,0.512590128311954,0.494801979630828,0.515793805497043,0.506730615888262,0.521416215128839,0.52069503696105,0.522341036464006,0.507243783569017
KEGG_MEDICUS_VARIANT_MUTATION_INACTIVATED_APC_TO_WNT_SIGNALING_PATHWAY,0.625756455569069,0.596520049677268,0.615604588754427,0.612644732938442,0.64661348778213,0.602813529725549,0.579229746781184,0.605532025397,0.575126806383047,0.615295270151966,0.599589531474744,0.593796526943025,0.604354129168137,0.562839967337616,0.622616036010298,0.631700221055669,0.581233397908191,0.59367564364664,0.612479787892839,0.572233647132475,0.622369785546494,0.619214944066137,0.617830728158952,0.622565872160426,0.59722334855865,0.592003213373162,0.621364225549111,0.601256106705305,0.581238112589975,0.578832377512327,0.608537764690686,0.609889228754422,0.606419755782535,0.597891314727006,0.600211388002631,0.599013596158397
KEGG_MEDICUS_VARIANT_MUTATION_INACTIVATED_ATP1A1_TO_ANGIOTENSIN_ALDOSTERONE_SIGNALING_PATHWAY,0.55985007313426,0.526312752732943,0.523448932701354,0.518771858073294,0.543179929037954,0.510947608621352,0.533006695072496,0.50668859791784,0.468801205594819,0.512427442586145,0.516700991912228,0.496624960857106,0.525437678014595,0.481933538030368,0.514612942712124,0.522567558164739,0.565298433670877,0.542392360344431,0.495462915981921,0.527192163926498,0.519106857897013,0.514838815085824,0.486522275600057,0.570307597972058,0.518072298656321,0.483246418199176,0.520917138741995,0.540691187537825,0.507082380868916,0.550869384426712,0.544295203106779,0.494159613269986,0.528033350077932,0.510122915581626,0.535310212456071,0.517216017618688
KEGG_MEDICUS_VARIANT_MUTATION_INACTIVATED_ATP2B3_TO_ANGIOTENSIN_ALDOSTERONE_SIGNALING_PATHWAY,0.538705030694359,0.515335000068064,0.499912894038333,0.507303194480297,0.516505162500385,0.493259333704803,0.522458908893509,0.491286729449469,0.456916130550445,0.489245466279633,0.500334891160688,0.480827194684586,0.518304482146654,0.472894266903051,0.499386999862479,0.511859335322265,0.547690642233641,0.525441066341226,0.480394585638801,0.525417518065208,0.502567493608006,0.497795582773223,0.467172896951051,0.557210420199683,0.502806641959592,0.456642049066716,0.491869384948781,0.529607580601741,0.48714634423657,0.52324323473771,0.530957645500228,0.46297240172335,0.505755828007373,0.494484892308152,0.511759343589963,0.495652541046502
KEGG_MEDICUS_VARIANT_MUTATION_INACTIVATED_ATXN3_TO_AUTOPHAGY_VESICLE_NUCLEATION,0.523758802877642,0.521350730186434,0.488966088147384,0.500811493414585,0.514695687389957,0.526603167663261,0.523251548418408,0.528234570903821,0.511305967274511,0.536085513448944,0.506044119842999,0.50523282032754,0.504820563299204,0.50576018564574,0.508439344672752,0.519240009249621,0.532720914609622,0.516792721540552,0.495059242037046,0.507257142161375,0.549983866543885,0.495846470221646,0.474195224003903,0.519310788004639,0.529867274778273,0.540485019095153,0.515768881636404,0.508472487573926,0.562664032590384,0.527948940978231,0.524486731604869,0.548877817839192,0.548664970013089,0.560248076874052,0.535946252202935,0.560801016500256
KEGG_MEDICUS_VARIANT_MUTATION_INACTIVATED_AXIN_TO_WNT_SIGNALING_PATHWAY,0.648474170931245,0.641107288101081,0.629341390860484,0.627929794853239,0.667813872692247,0.628290623990674,0.614245132650163,0.622728813058017,0.621119592357492,0.629172870159391,0.626400201373313,0.594274381946683,0.615740796435838,0.61038574664609,0.652888121747773,0.649679291168025,0.61701731704152,0.61665872334356,0.617361334090129,0.605971099660635,0.63964618188277,0.631838822271981,0.619769544125152,0.650416827709777,0.618591145974147,0.597745288537431,0.646289918351621,0.621456564106849,0.602464339434556,0.598368349378086,0.608561812380519,0.628453071599233,0.633980473616524,0.608143646827391,0.613012248119929,0.621832292007974
KEGG_MEDICUS_VARIANT_MUTATION_INACTIVATED_DJ1_TO_FAS_JNK_SIGNALING_PATWHAY,0.609781739132391,0.611214535353507,0.610908044078753,0.621291886364371,0.574717884789904,0.571792825890539,0.648621785399253,0.613266502289795,0.615468765793486,0.567777490473357,0.595686440200779,0.584550937135595,0.613267355131016,0.605428611903795,0.61879052598123,0.571084890353053,0.616793094177986,0.616591313248199,0.600183368821676,0.633077920631615,0.588076550235592,0.609795698181883,0.547770901151511,0.616877880588896,0.62012400556479,0.564501543406417,0.603646957921261,0.624315721031629,0.573440413492796,0.566229131134434,0.628304430634572,0.61116042552755,0.620554158581502,0.640544068521601,0.609552958045469,0.628635356083342
KEGG_MEDICUS_VARIANT_MUTATION_INACTIVATED_ERBB4_TO_NRG_ERBB4_PI3K_SIGNALING_PATHWAY,0.464137318471037,0.454871865034168,0.375082126844766,0.410985547998206,0.358277942843806,0.456735632967843,0.427435106940476,0.418540700622919,0.407477521782103,0.394984042847264,0.364633143067995,0.468812882903606,0.425993527197524,0.386101530193125,0.42131267462713,0.258209045528645,0.463357801080353,0.433452331442312,0.427894354740639,0.497696906665966,0.354536830779885,0.399058499520867,0.381345457652504,0.495868058294382,0.415208469891536,0.340114234254074,0.400689848766825,0.452125134677526,0.334203561101078,0.375475047675818,0.46040586573004,0.406764093019501,0.454301212465779,0.437634454495686,0.405711796629752,0.454922583243749
KEGG_MEDICUS_VARIANT_MUTATION_INACTIVATED_FGF17_TO_RAS_ERK_SIGNALING_PATHWAY,0.653303070697274,0.647750739133703,0.627644279029675,0.634111796210301,0.653602342684484,0.63311678519564,0.637868158118819,0.648648341635805,0.622789961844766,0.645045576785958,0.642806907760681,0.636387664065303,0.629977053409209,0.630411026817159,0.646588141928234,0.655047420434608,0.637614000088571,0.633390502584864,0.634352292048265,0.632121335159988,0.670032441526827,0.646329511562337,0.653065856757568,0.644727128270884,0.635880725077538,0.615281278543422,0.643084506769162,0.628260887972882,0.609443850249254,0.649797861872316,0.660761164412455,0.630751585985864,0.64114638686672,0.625347967349787,0.631957511623185,0.651302915071549
KEGG_MEDICUS_VARIANT_MUTATION_INACTIVATED_OPTN_TO_PINK_PARKIN_MEDIATED_AUTOPHAGOSOME_FORMATION,0.664751179276357,0.690578856377759,0.701224763873645,0.689876268231865,0.652129155427083,0.691925367844365,0.686929001990592,0.676931150987629,0.698847174979731,0.674522224744546,0.679099434749316,0.669083692253829,0.668838872347524,0.69500185847699,0.695776079623673,0.62403712118536,0.687478850283228,0.678982882703961,0.672612296350655,0.694878783185985,0.667000542758183,0.689847501990036,0.655179494003753,0.683902994545439,0.692846604759715,0.64227159014148,0.669195345689953,0.696266792076752,0.669484682924879,0.640486189932273,0.703735525911911,0.659289502786193,0.691959401832903,0.706443451839265,0.667969451524341,0.689889884806018
KEGG_MEDICUS_VARIANT_MUTATION_INACTIVATED_P62_TO_PINK_PARKIN_MEDIATED_AUTOPHAGOSOME_FORMATION,0.59863151082371,0.627133972865275,0.646704601945677,0.634845914547989,0.621357878874546,0.637382550143025,0.628594235298835,0.625435570858307,0.63799498653606,0.623640186810429,0.627267253632086,0.616521680980898,0.615863233372126,0.646374872417324,0.642230718593834,0.57691879725386,0.631311550030012,0.639519783709064,0.634356195873268,0.632505099253268,0.620260871664907,0.621317967811506,0.640184803235326,0.607026375281756,0.633880753058919,0.563384382139831,0.623945057083957,0.621232163421051,0.618106251879965,0.601420172664426,0.640022226747878,0.60278970849222,0.620356708082519,0.630745050711545,0.616387679036698,0.620504776469719
KEGG_MEDICUS_VARIANT_MUTATION_INACTIVATED_PDE11A_PDE8B_TO_ACTH_CORTISOL_SIGNALING_PATHWAY,0.502597483297115,0.493721748376786,0.462146211120125,0.47679765946857,0.491983031041061,0.476248917788617,0.489151499996677,0.467730455898539,0.434221054002287,0.459752844194137,0.463661074153339,0.471810501648867,0.453418876991308,0.447763944673714,0.463469849665889,0.506422378754963,0.479699397142374,0.47927431224348,0.443798958129185,0.43233712182863,0.478159525375032,0.470316725929971,0.464659098090685,0.507530631928308,0.451093360132496,0.471822838025797,0.483420258212488,0.495122104235805,0.459468876214873,0.483595397269363,0.480197869090236,0.453270566747664,0.451373234116807,0.436069556339209,0.465764294874986,0.458173282979679
KEGG_MEDICUS_VARIANT_MUTATION_INACTIVATED_PINK1_TO_ELECTRON_TRANSFER_IN_COMPLEX_I,0.483510147104289,0.500497529219929,0.52854430261461,0.515765489940115,0.488104638191951,0.510580361569421,0.515997470376966,0.511491657938548,0.507122230360286,0.482216436396439,0.525184930766158,0.526231495238937,0.524296520917557,0.520164361294653,0.49248847755294,0.480146900012987,0.510034345785563,0.525220897327693,0.511010655462558,0.523824527548914,0.490026703268167,0.49880755709939,0.513338682928143,0.504004058367436,0.521038238528118,0.510055267287861,0.489689747907058,0.526023371706103,0.510081576224742,0.490104445771987,0.512292546458125,0.505741455102959,0.521276169231573,0.520983723534377,0.522051264646405,0.505792198648099
KEGG_MEDICUS_VARIANT_MUTATION_INACTIVATED_PINK1_TO_INTRINSIC_APOPTOTIC_PATHWAY_N01048,0.625811314605421,0.610033752537153,0.625646064341435,0.63552405958821,0.623720394774446,0.61893711660704,0.637364952906335,0.61830353794916,0.604721554193545,0.60999973705786,0.622231414499217,0.644210799160813,0.621387456767775,0.601883032184168,0.616759436875063,0.610569000138709,0.616816884202588,0.625888891737998,0.620433469463672,0.638492615548594,0.597615426735578,0.633103301633808,0.616525715258494,0.616886345364649,0.627956171690583,0.633541008430135,0.621989599554576,0.627346649715686,0.607306887215103,0.625786549182268,0.648741097761215,0.644738695600355,0.621413262960075,0.64285324375196,0.636923765313191,0.628652167957234
KEGG_MEDICUS_VARIANT_MUTATION_INACTIVATED_PINK1_TO_INTRINSIC_APOPTOTIC_PATHWAY_N01050,0.628546990600682,0.625058526878585,0.640292022223659,0.639285651544968,0.633371613220644,0.61642231128622,0.643369254046065,0.612131036530402,0.628889324793105,0.607622416540885,0.630369559103889,0.646671635472566,0.629474517528719,0.603255453253991,0.636651788333315,0.591627020436565,0.62439011020969,0.630879433249021,0.617730921000763,0.639257607439151,0.61156021028912,0.635515794619163,0.613110805129491,0.626414023209353,0.632844334843231,0.616610249039802,0.613794522754172,0.638021784353944,0.610355904681324,0.624354794736958,0.6480168292082,0.632056960932093,0.630175365052963,0.652724812338043,0.627028643100861,0.643374126619581
KEGG_MEDICUS_VARIANT_MUTATION_INACTIVATED_PRKAR1A_TO_ACTH_CORTISOL_SIGNALING_PATHWAY,0.515936744922524,0.509346884748752,0.46307211808578,0.487791700803034,0.509010591657215,0.486607718700282,0.489899723701717,0.47889809290556,0.431539474240833,0.472070963988151,0.478559236608347,0.487974755401919,0.462946989543387,0.456929039980805,0.47250945202322,0.529646386343224,0.492126590562105,0.496490936151756,0.455666361569986,0.431846541540784,0.495182115036851,0.488041549203914,0.479600334700664,0.51973739777988,0.455301058946513,0.494819459174402,0.503943835859535,0.50340749050375,0.485729541326363,0.498420117253884,0.496405685701817,0.46044148180969,0.463417131515898,0.43866896995946,0.487455294575353,0.464952367056441
KEGG_MEDICUS_VARIANT_MUTATION_INACTIVATED_PRKN_TO_INTRINSIC_APOPTOTIC_PATHWAY,0.611985234103493,0.616439802738539,0.624527593503471,0.617836012914541,0.628328228642525,0.598857209757323,0.618566901210533,0.597956765421824,0.619185782987003,0.599872988288983,0.616737357236978,0.634588835659264,0.620958498664861,0.582026048374908,0.621365298296799,0.591386121236524,0.611924200704677,0.619455784038493,0.600902411250283,0.615068183844146,0.6061689144096,0.618827670637607,0.605782605066084,0.611459408279073,0.608197926587791,0.60965955967049,0.597568027555325,0.614509116556406,0.608822028708804,0.637931478956771,0.656375468786203,0.616647913565819,0.609242814634284,0.632590418951749,0.605651309512558,0.633406902951292
KEGG_MEDICUS_VARIANT_MUTATION_INACTIVATED_PRKN_TO_MGLUR1_SIGNALING_PATHWAY,0.537221841064308,0.61027788255794,0.490645462587541,0.414360582159095,0.554385991292649,0.549346187965119,0.483542815971194,0.4720322933381,0.488979407584392,0.505381238609356,0.526389887597283,0.486231317276005,0.531407351533832,0.547175206605494,0.517463385429305,0.504270135052198,0.548581980853729,0.552241359303019,0.452706320811561,0.509360208626555,0.543927014776592,0.512546487924099,0.512252085512897,0.526902174778791,0.498447929723579,0.444984400224989,0.555935988209399,0.500394232760963,0.642340676101241,0.541687492296932,0.495793049502138,0.546507531986423,0.575392871827672,0.485816081408521,0.504112933268627,0.546888290049434
KEGG_MEDICUS_VARIANT_MUTATION_INACTIVATED_PROK2_TO_PROK_PRKR_GI_ERK_SIGNALING_PATHWAY,0.427974998089346,0.428693083098792,0.461405937602719,0.436009030951634,0.431696660784553,0.434305885940429,0.437801054115664,0.426194296383526,0.406487939111802,0.420619751849799,0.493001983986458,0.392109987062803,0.428589517595971,0.422207417454946,0.439088561106343,0.449324623834365,0.420554275501868,0.4220452431805,0.396794859292882,0.412572115378917,0.508446297567468,0.447650920568936,0.426896927710647,0.418024551084143,0.419591912279165,0.373613759286589,0.428584262417823,0.424163334392426,0.472818427588119,0.42363796205298,0.408392098176162,0.460778999889489,0.422410351168051,0.521768450464323,0.443083710063819,0.428745628610908
KEGG_MEDICUS_VARIANT_MUTATION_INACTIVATED_PROKR2_TO_PROK_PRKR_GI_ERK_SIGNALING_PATHWAY,0.417200565222007,0.456165822763942,0.482459585429909,0.441497744809055,0.436434353729913,0.456133883578426,0.444093310367612,0.469231424660147,0.425155059023649,0.439489298021092,0.511087894223605,0.397151196417183,0.423085691652884,0.448009215716337,0.436900865481095,0.438558131890191,0.426712446983213,0.415113736080402,0.406521116521794,0.429751284015223,0.521429747488854,0.428030200515455,0.425995514040013,0.428931680539736,0.435379283686296,0.395754499864303,0.419334045706329,0.420681895282013,0.478505727773754,0.413268465079199,0.410547041140031,0.463168575287948,0.426795156257026,0.539186651229967,0.4373720194644,0.44887032971293
KEGG_MEDICUS_VARIANT_MUTATION_INACTIVATED_PTCH1_TO_HEDGEHOG_SIGNALING_PATHWAY,0.344505757121732,0.289244257855836,0.262674933865539,0.293965890266228,0.347012257588344,0.260667338433663,0.249600362804191,0.291121240423625,0.258845086337303,0.271479210326334,0.284842421009853,0.298538198074841,0.309373249777405,0.299173533001262,0.253700727773684,0.387209375958723,0.288046333337521,0.331913724861031,0.328884610586913,0.259151120733536,0.291532355720805,0.331064498841482,0.337759976631115,0.30260735304907,0.290152875734922,0.305331755538832,0.363026842230173,0.295209170463088,0.300831209109863,0.281118829465469,0.310193649258612,0.375524039115994,0.291598989041973,0.296624854219245,0.342771172751599,0.278563775749047
KEGG_MEDICUS_VARIANT_MUTATION_INACTIVATED_RASD1_TO_CRHR_PKA_ACTH_SIGNALING_PATHWAY,0.561938699485195,0.542395891894003,0.515387093457902,0.51238290588294,0.546531668987388,0.517614098931764,0.500307376157184,0.522397420635642,0.49521021601559,0.509007657902096,0.509024957685795,0.512056330008685,0.514677246759808,0.528363060587791,0.517902327513909,0.516843046884913,0.525310834052971,0.547337495247175,0.512847940436277,0.500787649966506,0.535888631601644,0.55196420986685,0.522592900393455,0.556741599442832,0.521127259993039,0.501786393269392,0.544287760281291,0.537818005015978,0.504606273349573,0.530434304794026,0.529547139557103,0.535379771063259,0.532751662691863,0.517845649035357,0.54309089951959,0.536379705156037
KEGG_MEDICUS_VARIANT_MUTATION_INACTIVATED_RUNX1_TO_TRANSCRIPTION,0.231225399909931,0.155216732777602,0.134967418300203,0.223229346824151,0.222945997739749,0.147327310922525,0.108012290759082,0.127248707375011,0.311580894365199,0.268910469553098,0.255109700504144,0.203364090171639,0.114284825014595,0.285430721629342,0.274108023046456,0.148748570419995,0.14605156858107,0.246025115485183,0.21730458099691,0.1115528157426,0.257518014300942,0.305147004522526,0.0635091213139665,0.340603507081581,0.246988492696937,0.18523039339458,0.279739157624588,0.115941854737025,0.273292567134001,0.315566176056761,0.181649563199601,0.158550530552336,0.106579556649941,0.199548469693553,0.0829741591410332,0.225740981529402
KEGG_MEDICUS_VARIANT_MUTATION_INACTIVATED_SIGMAR1_TO_CA2_APOPTOTIC_PATHWAY,0.600389382633277,0.636993311400048,0.610416521702235,0.584283039563124,0.603802824152164,0.624698155267414,0.603199974683904,0.58801223212229,0.59456747551407,0.592606122183351,0.600796335144145,0.585765696091875,0.614114288936337,0.61459907718601,0.609948529660392,0.592119539538668,0.616317458073786,0.608890119045897,0.576668316414002,0.611995732541419,0.608229198606506,0.605909293164544,0.586997956004798,0.610210880062617,0.60207463895493,0.568527817529352,0.602009967710314,0.599709865151737,0.626120070754115,0.616867604880763,0.600722765297431,0.60527493937563,0.624083593702396,0.610418860072022,0.603463082962114,0.61704460460043
KEGG_MEDICUS_VARIANT_MUTATION_INACTIVATED_TP53_TO_TRANSCRIPTION,0.62077795591264,0.657486492507555,0.662314143270287,0.614546615206957,0.636756881688862,0.608427690806678,0.617523184703601,0.682693993905171,0.680848824981552,0.665670091239964,0.658638283042957,0.666498105891246,0.636053084371342,0.672183377876996,0.658442331160463,0.640827254878143,0.662612935305003,0.658571215730735,0.665036599514561,0.634268737605206,0.650355552620127,0.649874181295006,0.657430696131656,0.622424403719128,0.630672259969689,0.640869268459355,0.666177838848574,0.655232942363113,0.654487101471141,0.656141188908357,0.649373546299032,0.62925585474125,0.682883408895954,0.633902835952976,0.631795679890504,0.649491103144477
KEGG_MEDICUS_VARIANT_MUTATION_INACTIVATED_UBQLN2_TO_26S_PROTEASOME_MEDIATED_PROTEIN_DEGRADATION,0.673789375762486,0.674235423528412,0.673439746568308,0.667266513829294,0.682915390063672,0.674858389519535,0.670714523343352,0.667942471136985,0.664769034948966,0.674137996581572,0.671993603657115,0.671683328628796,0.671010692448956,0.668826853436778,0.680940553945786,0.663178252963035,0.687732710680281,0.680980944169399,0.664669601459713,0.665301121730138,0.671128449771697,0.672537508639795,0.664919008109137,0.6627320030905,0.665091147830349,0.663155345234012,0.653836299860027,0.659913896829237,0.676742902002102,0.680342192240356,0.685238123004916,0.663823474886612,0.668656496452177,0.67219454258889,0.673892591996211,0.673654260742026
KEGG_MEDICUS_VARIANT_MUTATION_INACTIVATED_VCP_TO_26S_PROTEASOME_MEDIATED_PROTEIN_DEGRADATION,0.674421649469191,0.675167980871672,0.67523786451444,0.669632187706336,0.684334406887305,0.675563917162028,0.672185123089046,0.668905716302757,0.666111276130954,0.674994811693244,0.673559167007593,0.673246546920815,0.672316603476969,0.670094260674619,0.681865722541979,0.66501114942386,0.688634829326997,0.682874691141586,0.666800579215727,0.667279785465272,0.672375548342158,0.673764092591875,0.66600355742434,0.663227543817302,0.666406477724498,0.66560443117313,0.655011065016634,0.661712149640533,0.678370870573207,0.682725252361145,0.686849479570178,0.66516949700273,0.670140918719477,0.673523118830812,0.675900967716312,0.674828334545939
KEGG_MEDICUS_VARIANT_NOTCH_OVEREXPRESSION_TO_NOTCH_SIGNALING_PATHWAY,0.549639549779553,0.465587788970221,0.520150723456183,0.4797649571514,0.635440543092133,0.515334567205,0.445587175283692,0.482708526395082,0.384547971746018,0.530090981022123,0.527028911156012,0.528653330854131,0.498814511838914,0.474449992216021,0.53074538068876,0.577724238600981,0.465684604036883,0.51473996756608,0.50801304565043,0.453568508675945,0.548560007637319,0.580207513957938,0.567132334262408,0.530281218937521,0.502901336488361,0.536738015837935,0.607480941848976,0.488467983179604,0.493869895003226,0.508939628178229,0.527284416050827,0.552638407060567,0.510331472380193,0.477331706951157,0.54714131601197,0.496915088099061
KEGG_MEDICUS_VARIANT_OLIGOMERIC_CONFORMATION_PRPC_TO_ANTEROGRADE_AXONAL_TRANSPORT,0.528629735134344,0.519460829958558,0.525661767019463,0.510774795886048,0.539018377574041,0.551823300074323,0.545133708610297,0.519918769159276,0.496400517032574,0.530372993513894,0.522726879883866,0.511775721232748,0.534031842866391,0.553181160051346,0.553359818013155,0.556734684805154,0.552341603020346,0.540966138236857,0.559323294219925,0.562977695623483,0.571651342492202,0.563560354082621,0.558003385813166,0.500756985840314,0.5231489284042,0.585603131910033,0.548227332657173,0.553995885637169,0.480824331313083,0.533914182667476,0.539294780320078,0.554378361445773,0.510270250515952,0.523766103818154,0.547055427424911,0.514091438812396
KEGG_MEDICUS_VARIANT_PAX8_PPARG_FUSION_TO_PPARG_MEDIATED_TRANSCRIPTION,0.373520952227493,0.463247489886733,0.427531344836972,0.517721063266369,0.399263096705468,0.367041108373685,0.476303699647839,0.44377194013912,0.485076347237185,0.360646691544404,0.463129319829163,0.426754603466542,0.455801282074698,0.490346643169996,0.455579000621434,0.395054580602215,0.424563656749128,0.444853053522375,0.437574669326746,0.498782480149738,0.395916604737346,0.417023789716679,0.467683794091419,0.394934917392558,0.48863300184253,0.413295973486974,0.454938754104251,0.429250794542158,0.404084971228594,0.430014792465952,0.390807488437646,0.515485746695946,0.443293382334651,0.506138841707724,0.453685658047274,0.400607619745948
KEGG_MEDICUS_VARIANT_RET_FUSION_KINASE_TO_RAS_ERK_SIGNALING_PATHWAY,0.662518499281557,0.670109736720233,0.648414588392043,0.641208460210257,0.663463970838427,0.641753498023902,0.643930566059063,0.636453629610315,0.615794941564844,0.659052410456835,0.658799033088615,0.636855541558168,0.624471285971174,0.636138134846624,0.657169978587608,0.632726585064821,0.655860975406768,0.628023263799287,0.647137475378947,0.634067355207796,0.643448325920714,0.656303644193152,0.664932189592132,0.662882966791529,0.658298258228877,0.600371275812729,0.654822719458416,0.631841309505306,0.620416552268135,0.674826008298283,0.665505556705016,0.631568115609056,0.651320302726797,0.637762350612195,0.63523720115738,0.66760962674831
KEGG_MEDICUS_VARIANT_SCRAPIE_CONFORMATION_PRPSC_TO_26S_PROTEASOME_MEDIATED_PROTEIN_DEGRADATION,0.663904605847784,0.665048239186587,0.663625564206534,0.656282966650931,0.674638814762145,0.664943803446115,0.660385128276461,0.656941663382593,0.654518566777557,0.665686258218427,0.662236977962526,0.661634608575892,0.660737417355839,0.658733288679341,0.671984609776294,0.651874398440216,0.679697068689179,0.672688645753028,0.654294055501163,0.654997692024049,0.661324982590832,0.662780204840915,0.654859422536383,0.651469452701826,0.654698368676593,0.653034620183912,0.641411635974628,0.648971976127671,0.667844540267384,0.67263442781147,0.676922472318009,0.653031577035306,0.658513220193377,0.662735410901918,0.663644657832923,0.663740785417401
KEGG_MEDICUS_VARIANT_SCRAPIE_CONFORMATION_PRPSC_TO_MGLUR5_CA2_APOPTOTIC_PATHWAY,0.561514266585464,0.582582980606311,0.561030851511348,0.531754226844544,0.563157744018634,0.568037752450654,0.562818386326944,0.527375627894154,0.543222211908998,0.543896230493291,0.547685793060191,0.534440982784045,0.558390053260102,0.554650134638187,0.559844984730757,0.541451765211014,0.563469132704698,0.556320373673931,0.525354469006764,0.57028182652665,0.54991563031798,0.554585757579594,0.545306922106336,0.571970148626111,0.554868898192048,0.514164432271694,0.549518153128203,0.567882765123353,0.568658319582731,0.561168970080823,0.550723448418356,0.557601822195878,0.581016659705304,0.570634698930356,0.543545636245402,0.575833773883286
KEGG_MEDICUS_VARIANT_SCRAPIE_CONFORMATION_PRPSC_TO_PERK_ATF4_SIGNALING_PATHWAY,0.67452276396471,0.710066790466437,0.678029554457456,0.641708543391515,0.701886927785132,0.686198066651764,0.649435093296753,0.699697233403834,0.67713328396072,0.69309245191652,0.685127810431353,0.671814407127392,0.679702941719308,0.696343964154438,0.695183226197884,0.68798907920572,0.690422691026011,0.68006403827734,0.682386752158886,0.663472972465348,0.70374947334939,0.682110156709502,0.676761031057492,0.676283428831639,0.676363384304619,0.674515541838014,0.673045639229621,0.668605885951676,0.714083609828904,0.719380050202889,0.694130244314204,0.689368266880897,0.69023548130754,0.692340345071876,0.661545303727504,0.710678928457234
KEGG_MEDICUS_VARIANT_SCRAPIE_CONFORMATION_PRPSC_TO_TRANSPORT_OF_CALCIUM,0.546638877249659,0.553613507947692,0.577827487521452,0.55991839212643,0.538286464397739,0.544819857005035,0.579624386255263,0.575504064685342,0.525811960435027,0.564859926838075,0.531575845359192,0.479926872460304,0.527961151338667,0.545048721628562,0.559239635765161,0.568675092287465,0.536212211781308,0.549693325873276,0.531391256395223,0.601343439715028,0.506314757303039,0.554043788757714,0.523701514929601,0.564238204506413,0.585980761122782,0.570570599319673,0.497006412947371,0.58977171529148,0.495822802405833,0.53030156262425,0.608740146811983,0.526310841453257,0.538428897999906,0.57041822861709,0.564198699931039,0.555428960560136
KEGG_MEDICUS_VARIANT_SCRAPIE_CONFORMATION_PRPSC_TO_VGCC_CA2_APOPTOTIC_PATHWAY,0.32293155301953,0.311704856029258,0.261564667856533,0.330900267380625,0.356211621849338,0.27420537070184,0.320100440100117,0.287229311096912,0.289773661188618,0.328528524492237,0.288654306925693,0.282777183291361,0.318323786287213,0.332187048289164,0.309207120061967,0.331570738352147,0.310719855687377,0.325166492887849,0.33477523474178,0.419373500144514,0.277584531337457,0.333827671518424,0.250293425254738,0.305070322809388,0.366723588240503,0.390502366386173,0.312062257414118,0.408136755276981,0.305468085365277,0.3230993192409,0.413289542435941,0.32644810098457,0.367657738493365,0.388067826522795,0.349889145549304,0.328387028254897
KEGG_MEDICUS_VARIANT_TEL_AML1_FUSION_TO_TRANSCRIPTIONAL_REPRESSION,0.171925510295259,0.197244493841449,0.224150667882489,0.234932340591238,0.308426721282875,0.231940040263168,0.137946708089873,0.167023707384896,0.374850348630912,0.287516172354426,0.331891664980721,0.225280589319971,0.251645058169492,0.242051804102502,0.268030961826686,0.285804489794882,0.256510009206311,0.2274178016968,0.215864047152468,0.245635823223909,0.269048452413356,0.268886394909694,0.200484229809486,0.334082543297134,0.277370099255075,0.257293620502953,0.286584298770333,0.16756794174844,0.308700923643541,0.265443498544158,0.259545612569569,0.193982197287226,0.23509404905808,0.205655769968534,0.145087036304669,0.217318072727917
KEGG_MEDICUS_VARIANT_TGFA_OVEREXPRESSION_TO_PI3K_SIGNALING_PATHWAY,0.609476679207004,0.576038480850315,0.561253798836375,0.525164489859742,0.574872594117489,0.564426153602635,0.56529201512534,0.557740423890467,0.528701359048729,0.542111699752959,0.5457001274899,0.543659332936835,0.535764757291419,0.544804502975636,0.567244236648118,0.539858270496106,0.583541172027899,0.55986181265528,0.512023797112566,0.554414440390053,0.557714236992826,0.589945393257042,0.537995901994553,0.584472801959249,0.552474333579335,0.504464383978783,0.559955476040796,0.568678794652094,0.613676131028112,0.581031731572126,0.567330500616875,0.588766667344561,0.594024107537414,0.58018439569585,0.570194831007772,0.596762676645234
KEGG_MEDICUS_VARIANT_TMPRSS2_ERG_FUSION_TO_TRANSCRIPTIONAL_ACTIVATION,0.383039969934259,0.413131875368871,0.531491454312669,0.306333961070101,0.539328840309068,0.454698879938735,0.180805077469279,0.372325485737661,0.46657487029179,0.440892363502745,0.489039916006412,0.380176584711064,0.350874729984877,0.42399169512082,0.541123770355621,0.352825747771567,0.497477715117189,0.496440712810424,0.305341962195182,0.314829373934162,0.521056933001622,0.451872769613431,0.453890275892487,0.516006952397937,0.293648722189247,0.309921489588745,0.382623380820637,0.364970767966888,0.442490179563592,0.438208705483742,0.416435534747873,0.337161059103224,0.496754904269236,0.312342978970781,0.266441733550935,0.344287524715353
KEGG_MEDICUS_VARIANT_TRK_FUSION_KINASE_TO_RAS_ERK_SIGNALING_PATHWAY,0.62866787517758,0.630863169491578,0.628489322735085,0.626089964554144,0.634410726519625,0.637470119729607,0.641067059607231,0.633489700064829,0.64376211844351,0.65483845340914,0.632470658618675,0.627247260653248,0.61975409055819,0.628955115642373,0.637842013404779,0.634052115066705,0.631421551557463,0.636086477210141,0.6118487632246,0.618976399201226,0.642148302862595,0.636881050807428,0.641081643034118,0.634241192532176,0.624153817032949,0.616189419209374,0.632297527308508,0.636696206670244,0.62712709600242,0.646704051237065,0.656050931365793,0.616681720835536,0.632497998235485,0.628364419548534,0.642435528761254,0.640898379815079
